"pair","k_a","k_b","effective_dim","min_angle_deg","n_shared_05","p_pair","underpowered","q_pair","shared"
"B vs CD4",10,10,109,6.2,6,5e-04,FALSE,5e-04,TRUE
"B vs CD8",10,10,109,6.3,5,5e-04,FALSE,5e-04,TRUE
"B vs cMono",10,10,108,8.5,6,5e-04,FALSE,5e-04,TRUE
"B vs DC",10,10,66,11.2,5,5e-04,FALSE,5e-04,TRUE
"B vs DP",10,10,55,20.7,2,5e-04,FALSE,5e-04,TRUE
"B vs GDT",10,10,49,20.2,1,5e-04,FALSE,5e-04,TRUE
"B vs ncMono",10,10,97,9.7,6,5e-04,FALSE,5e-04,TRUE
"B vs NK",10,10,106,8.2,5,5e-04,FALSE,5e-04,TRUE
"B vs PB",10,10,50,14.8,2,5e-04,FALSE,5e-04,TRUE
"CD4 vs CD8",10,10,119,4.4,7,5e-04,FALSE,5e-04,TRUE
"CD4 vs cMono",10,10,120,6.9,6,5e-04,FALSE,5e-04,TRUE
"CD4 vs DC",10,10,67,12.1,5,5e-04,FALSE,5e-04,TRUE
"CD4 vs DP",10,10,57,19,2,5e-04,FALSE,5e-04,TRUE
"CD4 vs GDT",10,10,50,22.1,1,5e-04,FALSE,5e-04,TRUE
"CD4 vs ncMono",10,10,105,8.6,5,5e-04,FALSE,5e-04,TRUE
"CD4 vs NK",10,10,117,7.1,6,5e-04,FALSE,5e-04,TRUE
"CD4 vs PB",10,10,52,13.8,2,5e-04,FALSE,5e-04,TRUE
"CD8 vs cMono",10,10,118,7.3,6,5e-04,FALSE,5e-04,TRUE
"CD8 vs DC",10,10,67,10.9,5,5e-04,FALSE,5e-04,TRUE
"CD8 vs DP",10,10,57,19.7,3,5e-04,FALSE,5e-04,TRUE
"CD8 vs GDT",10,10,50,18.9,2,5e-04,FALSE,5e-04,TRUE
"CD8 vs ncMono",10,10,103,9.3,5,5e-04,FALSE,5e-04,TRUE
"CD8 vs NK",10,10,116,7.2,6,5e-04,FALSE,5e-04,TRUE
"CD8 vs PB",10,10,52,14.1,2,5e-04,FALSE,5e-04,TRUE
"cMono vs DC",10,10,67,11.5,5,5e-04,FALSE,5e-04,TRUE
"cMono vs DP",10,10,57,20.8,2,5e-04,FALSE,5e-04,TRUE
"cMono vs GDT",10,10,50,19.5,1,5e-04,FALSE,5e-04,TRUE
"cMono vs ncMono",10,10,105,6.8,7,5e-04,FALSE,5e-04,TRUE
"cMono vs NK",10,10,117,7.3,6,5e-04,FALSE,5e-04,TRUE
"cMono vs PB",10,10,51,15.1,2,5e-04,FALSE,5e-04,TRUE
"DC vs DP",10,10,39,7.8,0,5e-04,TRUE,NA,FALSE
"DC vs GDT",10,10,38,8.3,0,5e-04,TRUE,NA,FALSE
"DC vs ncMono",10,10,67,11.6,5,5e-04,FALSE,5e-04,TRUE
"DC vs NK",10,10,67,11.3,5,5e-04,FALSE,5e-04,TRUE
"DC vs PB",10,10,25,10.7,0,0.415,TRUE,NA,FALSE
"DP vs GDT",10,10,31,6.7,0,0.003,TRUE,NA,FALSE
"DP vs ncMono",10,10,54,18.1,2,5e-04,FALSE,5e-04,TRUE
"DP vs NK",10,10,57,18.6,2,5e-04,FALSE,5e-04,TRUE
"DP vs PB",10,10,29,7,0,0.015,TRUE,NA,FALSE
"GDT vs ncMono",10,10,46,18.5,1,5e-04,FALSE,5e-04,TRUE
"GDT vs NK",10,10,49,20.3,2,5e-04,FALSE,5e-04,TRUE
"GDT vs PB",10,10,18,0,0,0.3285,TRUE,NA,FALSE
"ncMono vs NK",10,10,103,9.4,5,5e-04,FALSE,5e-04,TRUE
"ncMono vs PB",10,10,44,19.9,0,5e-04,FALSE,5e-04,TRUE
"NK vs PB",10,10,51,14.6,2,5e-04,FALSE,5e-04,TRUE
