"pair","k_a","k_b","effective_dim","min_angle_deg","n_shared_05","p_pair","z_pair","excess_frac","underpowered","q_pair","shared"
"B vs CD4",10,10,109,6.2,6,5e-04,38.7247938304812,0.500786679615232,FALSE,5e-04,TRUE
"B vs CD8",10,10,109,6.3,5,5e-04,37.387198116312,0.481468098532708,FALSE,5e-04,TRUE
"B vs cMono",10,10,108,8.5,6,5e-04,35.4792724381831,0.466936427490036,FALSE,5e-04,TRUE
"B vs DC",10,10,66,11.2,5,5e-04,16.8346073276689,0.362848179988157,FALSE,5e-04,TRUE
"B vs DP",10,10,55,20.7,2,5e-04,5.8208768658328,0.142036023867211,FALSE,5e-04,TRUE
"B vs GDT",10,10,49,20.2,1,5e-04,7.30854569099143,0.198182727537802,FALSE,5e-04,TRUE
"B vs ncMono",10,10,97,9.7,6,5e-04,32.7831610640518,0.489434943255693,FALSE,5e-04,TRUE
"B vs NK",10,10,106,8.2,5,5e-04,34.6716861679604,0.46407156819258,FALSE,5e-04,TRUE
"B vs PB",10,10,50,14.8,2,5e-04,6.76316015563004,0.194053981503654,FALSE,5e-04,TRUE
"CD4 vs CD8",10,10,119,4.4,7,5e-04,48.1146937926198,0.579341525230924,FALSE,5e-04,TRUE
"CD4 vs cMono",10,10,120,6.9,6,5e-04,41.632463967126,0.499654810064638,FALSE,5e-04,TRUE
"CD4 vs DC",10,10,67,12.1,5,5e-04,18.5176314883872,0.374893392392408,FALSE,5e-04,TRUE
"CD4 vs DP",10,10,57,19,2,5e-04,10.6851827069667,0.242131400751616,FALSE,5e-04,TRUE
"CD4 vs GDT",10,10,50,22.1,1,5e-04,7.40009767051764,0.215266956725851,FALSE,5e-04,TRUE
"CD4 vs ncMono",10,10,105,8.6,5,5e-04,32.3739339865721,0.437452775893772,FALSE,5e-04,TRUE
"CD4 vs NK",10,10,117,7.1,6,5e-04,47.8961471620029,0.575429545755413,FALSE,5e-04,TRUE
"CD4 vs PB",10,10,52,13.8,2,5e-04,7.29152555667793,0.210905844687642,FALSE,5e-04,TRUE
"CD8 vs cMono",10,10,118,7.3,6,5e-04,38.6847314302174,0.469576050239232,FALSE,5e-04,TRUE
"CD8 vs DC",10,10,67,10.9,5,5e-04,17.6237151329024,0.363050894746214,FALSE,5e-04,TRUE
"CD8 vs DP",10,10,57,19.7,3,5e-04,12.7265695740213,0.290041933534155,FALSE,5e-04,TRUE
"CD8 vs GDT",10,10,50,18.9,2,5e-04,7.9608828389767,0.217965139456832,FALSE,5e-04,TRUE
"CD8 vs ncMono",10,10,103,9.3,5,5e-04,30.7514397222927,0.419860781350949,FALSE,5e-04,TRUE
"CD8 vs NK",10,10,116,7.2,6,5e-04,43.7902670034499,0.534036194417799,FALSE,5e-04,TRUE
"CD8 vs PB",10,10,52,14.1,2,5e-04,6.39129548086029,0.175622256677825,FALSE,5e-04,TRUE
"cMono vs DC",10,10,67,11.5,5,5e-04,21.23207237699,0.437257099273893,FALSE,5e-04,TRUE
"cMono vs DP",10,10,57,20.8,2,5e-04,6.97902576417995,0.181004381836815,FALSE,5e-04,TRUE
"cMono vs GDT",10,10,50,19.5,1,5e-04,6.98702347290307,0.203438735877078,FALSE,5e-04,TRUE
"cMono vs ncMono",10,10,105,6.8,7,5e-04,46.3327312046845,0.634090676105093,FALSE,5e-04,TRUE
"cMono vs NK",10,10,117,7.3,6,5e-04,42.0535389531219,0.505820290374972,FALSE,5e-04,TRUE
"cMono vs PB",10,10,51,15.1,2,5e-04,6.38326004274607,0.18715512449651,FALSE,5e-04,TRUE
"DC vs DP",10,10,39,7.8,0,5e-04,5.45691814786878,0.281819621484625,TRUE,NA,FALSE
"DC vs GDT",10,10,38,8.3,0,5e-04,6.75786012988329,0.342821140165721,TRUE,NA,FALSE
"DC vs ncMono",10,10,67,11.6,5,5e-04,20.4655517506924,0.427232817459137,FALSE,5e-04,TRUE
"DC vs NK",10,10,67,11.3,5,5e-04,17.9912654561749,0.373744108870981,FALSE,5e-04,TRUE
"DC vs PB",10,10,25,10.7,0,0.415,0.206904952287221,0.0132303446210316,TRUE,NA,FALSE
"DP vs GDT",10,10,31,6.7,0,0.003,2.95853065968077,0.208646724090889,TRUE,NA,FALSE
"DP vs ncMono",10,10,54,18.1,2,5e-04,6.53782357912762,0.182270623603947,FALSE,5e-04,TRUE
"DP vs NK",10,10,57,18.6,2,5e-04,9.43018756218282,0.227990598366308,FALSE,5e-04,TRUE
"DP vs PB",10,10,29,7,0,0.015,2.16544423861421,0.153891349797441,TRUE,NA,FALSE
"GDT vs ncMono",10,10,46,18.5,1,5e-04,6.78820539809413,0.22309470966787,FALSE,5e-04,TRUE
"GDT vs NK",10,10,49,20.3,2,5e-04,9.79267953322794,0.284452826798805,FALSE,5e-04,TRUE
"GDT vs PB",10,10,18,0,0,0.3285,0.44755721051774,0.0353264971303386,TRUE,NA,FALSE
"ncMono vs NK",10,10,103,9.4,5,5e-04,32.2905022233401,0.44554241169129,FALSE,5e-04,TRUE
"ncMono vs PB",10,10,44,19.9,0,5e-04,5.28097319699669,0.18076640728832,FALSE,5e-04,TRUE
"NK vs PB",10,10,51,14.6,2,5e-04,7.97760412235502,0.219192407253432,FALSE,5e-04,TRUE
