"representation","covariate","ref","expected","sd","seed1","z","absdiff_expected","pctl"
"composition","Source",0.15824077677526,0.158976690065357,0.0127562986071057,0.169634260747274,-0.0576901899808621,0.000735913290096535,0.515
"clr_composition","Source",0.234646156269119,0.234488907323239,0.018012206537195,0.234881766062659,0.00873013228863808,0.000157248945879984,0.475
"global_pca","Source",0.412148487201052,0.406137815240005,0.0199050858122878,0.395938199038974,0.301966643988869,0.00601067196104699,0.64
"perct_pca","Source",0.445743601364311,0.463273857268842,0.0164793251395833,0.45611315407827,-1.06377268219698,0.0175302559045307,0.15
"grouped_pca","Source",0.454838119626852,0.499054390036205,0.0178507932261114,0.51121299485629,-2.4769919100668,0.0442162704093531,0.005
"composition","Outcome",0.178444982512779,0.226018463152494,0.0178347461221679,0.22603705146078,-2.66746049054118,0.0475734806397154,0
"clr_composition","Outcome",0.308059059300459,0.288412920637083,0.0154693431248905,0.281998858629293,1.27000471220817,0.0196461386633759,0.925
"global_pca","Outcome",0.358638561685309,0.281479609324538,0.0228926594423804,0.257655043369329,3.37046696365603,0.0771589523607712,1
"perct_pca","Outcome",0.336480881533604,0.276433285214504,0.0164518766428503,0.273499914213966,3.64989342083328,0.0600475963191001,1
"grouped_pca","Outcome",0.400705009276438,0.347276353066831,0.0272241687234242,0.383184806839958,1.9625450000843,0.0534286562096075,0.98
"composition","Death28",0.571929824561404,0.571929824561404,0,0.571929824561404,4.44089209850063e-07,4.44089209850063e-16,1
"clr_composition","Death28",0.557121503309844,0.509821428571429,0,0.509821428571429,47300074.7384155,0.0473000747384155,1
"global_pca","Death28",0.514853801169591,0.514853801169591,0,0.514853801169591,3.33066907387547e-07,3.33066907387547e-16,1
"perct_pca","Death28",0.487488584474886,0.487488584474886,0,0.487488584474886,2.22044604925031e-07,2.22044604925031e-16,1
"grouped_pca","Death28",0.57662100456621,0.57662100456621,0,0.57662100456621,0,0,1
"composition","sex",0.515460992907801,0.515460992907801,0,0.515460992907801,-4.44089209850063e-07,4.44089209850063e-16,0
"clr_composition","sex",0.518521082877519,0.545153272576636,0,0.545153272576636,-26632189.6991173,0.0266321896991173,0
"global_pca","sex",0.819003885552808,0.814839355063369,0.00466252304852378,0.819003885552808,0.893192472422793,0.00416453048943921,0.445
"perct_pca","sex",0.524675324675325,0.524675324675325,0,0.524675324675325,3.33066907387547e-07,3.33066907387547e-16,1
"grouped_pca","sex",0.549564611633577,0.549564611633577,0,0.549564611633577,-2.22044604925031e-07,2.22044604925031e-16,0
"composition","Institute",0.538282387190684,0.538282387190684,0,0.538282387190684,-1.11022302462516e-07,1.11022302462516e-16,0
"clr_composition","Institute",0.598684210526316,0.469565217391304,0,0.469565217391304,129118993.135012,0.129118993135012,1
"global_pca","Institute",0.538282387190684,0.538282387190684,0,0.538282387190684,-1.11022302462516e-07,1.11022302462516e-16,0
"perct_pca","Institute",0.673214285714286,0.673214285714286,0,0.673214285714286,2.22044604925031e-07,2.22044604925031e-16,1
"grouped_pca","Institute",0.598684210526316,0.598684210526316,0,0.598684210526316,3.33066907387547e-07,3.33066907387547e-16,1
"composition","GEX_region",0.282801970813074,0.293198483221703,0.0158034418089788,0.291774166392739,-0.657863808042271,0.0103965124086292,0.27
"clr_composition","GEX_region",0.248938768773725,0.273659960135488,0.0115381827882162,0.263757559385303,-2.14255501195654,0.0247211913617633,0.015
"global_pca","GEX_region",0.24350930115636,0.220804975117682,0.0146914582005955,0.248062770562771,1.54540997419562,0.0227043260386784,0.925
"perct_pca","GEX_region",0.201849831763639,0.203715811806143,0.0128806884977018,0.198623557244247,-0.144866483094943,0.00186598004250355,0.445
"grouped_pca","GEX_region",0.151925465838509,0.147965992478487,0.0124016175048334,0.161496871392989,0.319270720813564,0.00395947336002228,0.605
