"program_a","program_b","cosine","cell_type","n_programs_a","n_programs_b"
"CD4__F008","CD4.CM__F010",-0.988053854945052,"CD4",30,25
"CD4__F011","CD4.CM__F003",-0.846061279938916,"CD4",30,25
"CD4__F013","CD4.CM__F005",0.71201842340694,"CD4",30,25
"CD4__F002","CD4.CM__F001",0.520842336026797,"CD4",30,25
"CD8__F008","CD8.EM__F006",0.98671763392303,"CD8",30,25
"CD8__F004","CD8.EM__F002",0.704503351369119,"CD8",30,25
"CD8__F006","CD8.EM__F009",0.570672655098461,"CD8",30,25
"B__F006","B_naive__F005",0.979448417066013,"B",30,25
"B__F005","B_naive__F007",0.88181824435615,"B",30,25
"B__F001","B_naive__F002",0.794019982916671,"B",30,25
"B__F004","B_naive__F008",0.582891822738412,"B",30,25
"NK__F009","NK_16hi__F007",0.981506174304651,"NK",30,25
"NK__F006","NK_16hi__F004",0.88046495374276,"NK",30,25
"NK__F007","NK_16hi__F005",-0.827572247452228,"NK",30,25
"NK__F001","NK_16hi__F002",-0.719267094960803,"NK",30,25
"NK__F005","NK_16hi__F006",-0.657725875080171,"NK",30,25
"NK__F004","NK_16hi__F010",-0.521595517725076,"NK",30,25
"cMono__F008","CD14_mono__F011",0.986956948995023,"cMono",30,25
"cMono__F010","CD14_mono__F023",0.833864406641584,"cMono",30,25
"cMono__F005","CD14_mono__F004",0.827888080413511,"cMono",30,25
"cMono__F024","CD14_mono__F022",-0.759160259728008,"cMono",30,25
"cMono__F001","CD14_mono__F002",-0.702357724884817,"cMono",30,25
"ncMono__F008","CD16_mono__F017",-0.984854560171554,"ncMono",30,23
"ncMono__F005","CD16_mono__F016",0.818752937464101,"ncMono",30,23
"ncMono__F001","CD16_mono__F001",0.792951006316982,"ncMono",30,23
"ncMono__F003","CD16_mono__F018",0.650871416453918,"ncMono",30,23
"GDT__F001","gdT__F002",0.732883318142164,"GDT",24,25
"GDT__F005","gdT__F011",-0.548719618424505,"GDT",24,25
