"pair","ct_a","ct_b","k_a","k_b","n_donors","n_shared","min_angle_deg","max_cosine","asymptotic_ref","min_p","shared","shared_count"
"B-CD4","B","CD4",10,10,109,6,5.68857952755047,0.99507534708798,0.605782532815383,0.00497512437810945,TRUE,40
"B-CD8","B","CD8",10,10,109,6,6.20943652561057,0.994133163163331,0.605782532815383,0.00497512437810945,TRUE,40
"B-cMono","B","cMono",10,10,108,6,7.16958159476163,0.992181101074225,0.608580619450185,0.00497512437810945,TRUE,40
"B-DC","B","DC",10,10,66,7,8.58567413360107,0.988793738990496,0.778498944161523,0.00497512437810945,TRUE,40
"B-DP","B","DP",10,8,55,4,11.4588215627666,0.9800677371259,0.807786468409458,0.00497512437810945,TRUE,40
"B-GDT","B","GDT",10,9,49,4,6.19209949377657,0.994165846535614,0.880325380024054,0.00497512437810945,TRUE,40
"B-ncMono","B","ncMono",10,10,97,6,7.62381583669636,0.991160480302099,0.642161299067936,0.00497512437810945,TRUE,40
"B-NK","B","NK",10,10,106,7,6.81005343452229,0.992944717005383,0.614295116833951,0.00497512437810945,TRUE,40
"B-PB","B","PB",10,10,50,3,11.9702867341793,0.978255291019373,0.894427190999916,0.00497512437810945,TRUE,40
"CD4-CD8","CD4","CD8",10,10,119,7,4.91423685664225,0.996324041033717,0.579771035652448,0.00497512437810945,TRUE,40
"CD4-cMono","CD4","cMono",10,10,120,6,6.38436846355236,0.993798293328584,0.577350269189626,0.00497512437810945,TRUE,40
"CD4-DC","CD4","DC",10,10,67,6,9.06385825037541,0.98751337522584,0.772667409286256,0.00497512437810945,TRUE,40
"CD4-DP","CD4","DP",10,8,57,4,9.42574453224075,0.986498675277173,0.793488232924373,0.00497512437810945,TRUE,40
"CD4-GDT","CD4","GDT",10,9,50,5,7.5643344763672,0.991297675272799,0.871477664211887,0.00497512437810945,TRUE,40
"CD4-ncMono","CD4","ncMono",10,10,105,6,9.22110542105432,0.987077304414448,0.617213399848368,0.00497512437810945,TRUE,40
"CD4-NK","CD4","NK",10,10,117,7,6.01685796200865,0.994491097230966,0.584705346204686,0.00497512437810945,TRUE,40
"CD4-PB","CD4","PB",10,10,52,3,10.6580033841046,0.982748622344192,0.877058019307029,0.00497512437810945,TRUE,40
"CD8-cMono","CD8","cMono",10,10,118,6,6.43262665002197,0.993704282898367,0.582222509739582,0.00497512437810945,TRUE,40
"CD8-DC","CD8","DC",10,10,67,5,9.95331247190161,0.984948923455082,0.772667409286256,0.00497512437810945,TRUE,40
"CD8-DP","CD8","DP",10,8,57,6,10.0222401135137,0.984740274989574,0.793488232924373,0.00497512437810945,TRUE,40
"CD8-GDT","CD8","GDT",10,9,50,5,6.03162358778064,0.994464050895611,0.871477664211887,0.00497512437810945,TRUE,40
"CD8-ncMono","CD8","ncMono",10,10,103,6,8.77831794556002,0.988286204081593,0.623176952849756,0.00497512437810945,TRUE,40
"CD8-NK","CD8","NK",10,10,116,6,6.15881577828562,0.994228337105661,0.587220219514704,0.00497512437810945,TRUE,40
"CD8-PB","CD8","PB",10,10,52,3,10.745464987245,0.982465158194139,0.877058019307029,0.00497512437810945,TRUE,40
"cMono-DC","cMono","DC",10,10,67,6,6.83403158050276,0.992895005363882,0.772667409286256,0.00497512437810945,TRUE,40
"cMono-DP","cMono","DP",10,8,57,4,12.3524088092546,0.976850305489672,0.793488232924373,0.00497512437810945,TRUE,40
"cMono-GDT","cMono","GDT",10,9,50,5,7.98244685951206,0.990310659353864,0.871477664211887,0.00497512437810945,TRUE,40
"cMono-ncMono","cMono","ncMono",10,10,105,8,6.90397971827968,0.992748994927446,0.617213399848368,0.00497512437810945,TRUE,40
"cMono-NK","cMono","NK",10,10,117,6,6.40819088177085,0.993751973646351,0.584705346204686,0.00497512437810945,TRUE,40
"cMono-PB","cMono","PB",10,10,51,3,12.8698137885626,0.974878677954602,0.885614885540095,0.00497512437810945,TRUE,40
"DC-DP","DC","DP",10,8,39,2,12.2029118262074,0.977405153296001,0.959280497199672,0.00497512437810945,TRUE,40
"DC-GDT","DC","GDT",10,9,38,0,9.06771477275623,0.987502769451195,0.999653439434865,0.00497512437810945,FALSE,40
"DC-ncMono","DC","ncMono",10,10,67,7,7.30313839357359,0.991887481099833,0.772667409286256,0.00497512437810945,TRUE,40
"DC-NK","DC","NK",10,10,67,5,8.85880754858733,0.988070838520438,0.772667409286256,0.00497512437810945,TRUE,40
"DC-PB","DC","PB",10,10,25,0,2.87157670882799,0.998744332439531,1.26491106406735,0.00497512437810945,FALSE,40
"DP-GDT","DP","GDT",8,9,31,0,8.86408206781446,0.988056657438339,1.04681641408109,0.00497512437810945,FALSE,40
"DP-ncMono","DP","ncMono",8,10,54,3,14.1685581657077,0.969579819665635,0.815231662371686,0.00497512437810945,TRUE,40
"DP-NK","DP","NK",8,10,57,4,9.31524387446054,0.986812685845762,0.793488232924373,0.00497512437810945,TRUE,40
"DP-PB","DP","PB",8,10,29,0,11.2695741535261,0.980718573793788,1.11244595095359,0.00497512437810945,FALSE,40
"GDT-ncMono","GDT","ncMono",9,10,46,4,8.94345907996678,0.987842233127672,0.908578272584848,0.00497512437810945,TRUE,40
"GDT-NK","GDT","NK",9,10,49,5,6.26335357948843,0.994030938282987,0.880325380024054,0.00497512437810945,TRUE,40
"GDT-PB","GDT","PB",9,10,18,0,0,1,1.45246277368648,0.00995024875621891,FALSE,40
"ncMono-NK","ncMono","NK",10,10,103,6,9.19587227378399,0.987147780737874,0.623176952849756,0.00497512437810945,TRUE,40
"ncMono-PB","ncMono","PB",10,10,44,1,12.5756356848172,0.97600943639089,0.953462589245592,0.00497512437810945,TRUE,40
"NK-PB","NK","PB",10,10,51,3,12.8675609810237,0.974887434958506,0.885614885540095,0.00497512437810945,TRUE,40
