"arm","base","endpoint","est","lo","hi","n_reps","threshold","effect_pass","guards_pass","dF_S0","dF_S7","dR","time_ratio","frac_untested","frac_untested_base","adopt","final"
"genes_after","param","dR_S1S2",-0.00344876462158873,-0.0344994964977006,0.0284892682760934,74,0.02,FALSE,FALSE,0.03,0.02,-0.00344876462158873,0.857496360921341,0.233333333333333,0.223333333333333,FALSE,FALSE
"genes_after","semi","dR_S1S2",0.000270245411109805,-0.00655041906310867,0.00640558646602206,100,0.02,FALSE,TRUE,-0.02,-0.04,0.000270245411109805,0.905711824925212,0,0,FALSE,FALSE
"k_20","param","dP_S3",0,0,0,100,0.1,FALSE,FALSE,-0.005,0,0.00120496557314102,0.974479784802191,0.223333333333333,0.223333333333333,FALSE,FALSE
"k_20","semi","dP_S3",-0.05,-0.1,0,100,0.1,FALSE,TRUE,-0.055,-0.12,0.111787559183089,1.81886396333639,0,0,FALSE,FALSE
"k_n","param","dP_S3",0.2,0.09,0.31,100,0.1,TRUE,FALSE,0,-0.08,0.0119512988682889,0.690607133229171,0.223333333333333,0.223333333333333,FALSE,FALSE
"k_n","semi","dP_S3",0.5,0.39,0.61,100,0.1,TRUE,FALSE,0.565,0.52,-0.0748941204612846,0.733023501798213,0,0,FALSE,FALSE
"k_stab","param","dP_S3",NA,NA,NA,0,0.1,FALSE,FALSE,NA,NA,NA,NA,NA,0.223333333333333,FALSE,FALSE
"k_stab","semi","dP_S3",NA,NA,NA,0,0.1,FALSE,FALSE,NA,NA,NA,NA,NA,0,FALSE,FALSE
"strata","param","dF_S0",-0.24,-0.305,-0.175,200,NA,TRUE,FALSE,-0.24,-0.18,0,1,0.223333333333333,0.223333333333333,FALSE,FALSE
"strata","semi","dF_S0",-0.075,-0.115,-0.035,200,NA,TRUE,TRUE,-0.075,-0.1,0,1,0,0,FALSE,FALSE
"vt_12","param","dR_S1S2",-0.407592796420207,-0.463747035505925,-0.352523004629409,76,0.02,FALSE,FALSE,0.135,0.24,-0.407592796420207,1.13961079379137,0.27,0.223333333333333,FALSE,FALSE
"vt_12","semi","dR_S1S2",-0.540621599998041,-0.585689874972315,-0.493449358396006,100,0.02,FALSE,FALSE,0.12,0.04,-0.540621599998041,0.985172673921139,0,0,FALSE,FALSE
"w_S","param","dR_S1S2",NA,NA,NA,0,0.02,FALSE,FALSE,NA,NA,NA,NA,NA,0.223333333333333,FALSE,FALSE
"w_S","semi","dR_S1S2",NA,NA,NA,0,0.02,FALSE,FALSE,NA,NA,NA,NA,NA,0,FALSE,FALSE
