"","factor_id","class","entropy","mass_B_immature","mass_B_naive","mass_B_switched_memory","mass_CD14_mono","mass_CD16_mono","mass_CD4.CM","mass_CD4.IL22","mass_CD4.Naive","mass_CD4.Tfh","mass_CD8.EM","mass_CD8.Naive","mass_CD8.TE","mass_CD83_CD14_mono","mass_MAIT","mass_NK_16hi","mass_NK_56hi","mass_NK_prolif","mass_Platelets","mass_gdT"
"1","SF01","global",0.941881272251231,0.0464840735223266,0.06475750330651,0.0498439289024665,0.00341709682299684,0.00224769716636587,0.080368944159626,0.0638183275824436,0.05334079658709,0.0690215505027591,0.057492587316249,0.0648303522953776,0.0544076746544907,0.0642989919606448,0.0584584415580076,0.0515117372782889,0.0392267103252719,0.000722706463551067,0.104353359316166,0.0713975202793675
"2","SF02","global",0.932967287422969,0.0241377158301801,0.0349424588418493,0.0230168650093441,0.102404305236979,0.171283450280954,0.0376750128004854,0.0494346661938492,0.051509579585382,0.0225697483408111,0.0481320521361257,0.051740588247825,0.0218581307845747,0.0914714476759436,0.0650334956114422,0.0300537030550577,0.0320266183844109,0.013574232044344,0.06467624475666,0.0644596851837819
"3","SF03","global",0.982438296334685,0.0286333429886098,0.0658027122674497,0.0313842770979053,0.0688117586941045,0.062324706534794,0.0620874678597922,0.0466706984283331,0.0612633612806098,0.0695076782410632,0.0591092098215706,0.0640003339821382,0.0564195469317374,0.0780479106124272,0.0423136301183024,0.0641511841029452,0.0408543511737395,0.0164160019497359,0.0357780394765366,0.0464237884382055
"4","SF04","private:Platelets",0.0989203937026499,0.00202268679711699,0.00172641852998192,0.00129152646513745,0.000691513387184234,0.000542653125051596,0.00458032071833008,0.00449772580797718,0.00437060298532351,0.00442521879513714,0.00235126656816607,0.00223379371165877,0.00417357471614397,0.00174036238456751,0.000513413609860156,0.00285416142020363,0.00184031238841276,0.00043335306065831,0.957355566509225,0.00235552901986347
"5","SF05","global",0.997970074542846,0.059960549746169,0.0598617963152341,0.0553152148483201,0.0499224071638332,0.0470199061635941,0.0534628583201421,0.054435012423778,0.0554299740699927,0.0541560518218639,0.0549468823433797,0.0565682741835849,0.0510495526198542,0.0514800477403439,0.053639682913348,0.0508478058528061,0.0540488757359601,0.0486823456521768,0.0336833259476112,0.0554894361380078
"6","SF06","global",0.957317783418691,0.00726017285880906,0.0173131492460379,0.00341712584097208,0.0806383153502219,0.0519186823546529,0.0653036928261485,0.0321369616969089,0.0714859554444441,0.0636479827376293,0.0530527708008093,0.0586276557275684,0.0643715119170756,0.0562233516355085,0.0377959943175521,0.0742673920783321,0.0558372504277811,0.0454213532392947,0.0888093305728436,0.07247135092741
"7","SF07","global",0.940359301013084,0.0526020670784294,0.0527534842350946,0.0397449449098904,0.122070612062875,0.134661527880738,0.0474613839946059,0.0126867031625165,0.0436017354659776,0.0479673504802916,0.0282292007297208,0.0337071118234808,0.0378831906389707,0.119356927005342,0.0323113665658797,0.0402334657210138,0.0466845831452943,0.0179844629628939,0.0612179329886173,0.0288419491483678
"8","SF08","partial:CD8.TE",0.642676760264164,0.00611550320560908,0.00985582138691915,0.0332154240812227,0.0132961197294529,0.00949347800762754,0.086364938105569,0.0206078452341602,0.0120046100956614,0.00776689064993808,0.0482276720867879,0.0211748487607466,0.540946758325605,0.0245303631669223,0.0371739010515583,0.0627881478974698,0.0165476144728808,0.015890699474472,0.0211960606480919,0.012803303619305
"9","SF09","global",0.923580395349797,0.0238184073380916,0.0702042719187586,0.026867505611044,0.00300254961092394,0.00553796830945308,0.0680330381189337,0.0662021304785431,0.113003156143093,0.059727561527429,0.0725113626875616,0.0876715700978326,0.0792858360145272,0.00359132499842231,0.0477797063469893,0.095406079545668,0.0402681584267372,0.0121207137931017,0.0677688030287858,0.0571998560041039
"10","SF10","partial:CD14_mono+CD16_mono",0.503378369768185,0.00819856923078172,0.0066736320522858,0.0105515585599994,0.600222653518203,0.181476082723637,0.00124529572577981,0.00409219135539963,0.00573611680596752,0.0477208872036677,0.00816251787978608,0.0350210758036051,0.0106731149695532,0.0112474190132253,0.0173939193279827,0.0109421628949638,0.0288104889286807,0.00107176515620648,0.00253956339494884,0.00822098545532593
"11","SF11","partial:CD14_mono+CD83_CD14_mono",0.594096240978165,0.010925367562644,0.0078144632510079,0.0037698019602532,0.279741618675765,0.0771034768879112,0.0085500464541563,0.0151077188951551,0.0157805460567543,0.00645133291034064,0.0131240682707604,0.00897121287439912,0.0154170258984163,0.44729922019212,0.0131769599107306,0.0218734562698674,0.0226715762385465,0.00197710265969912,0.00755267248080943,0.0226923325506633
"12","SF12","global",0.955697707621922,0.0147790065184403,0.126112785887431,0.0200884567780308,0.0731429491936202,0.0478912369332711,0.0524726979967955,0.0450308385174212,0.0539737884012809,0.065323050095075,0.0526576162337477,0.0535783099884109,0.0540754173542363,0.102122627778758,0.048500091690859,0.0626573083464655,0.0492925525570388,0.00871044587961381,0.0285689956286236,0.0410218242208803
"13","SF13","partial:CD4.CM",0.676624362261009,0.0112934781388721,0.0167079103390276,0.0169147453427371,0.0190211609208854,0.0350093364649247,0.530221088540819,0.0263135697543796,0.010031736409099,0.047704811920229,0.027815336638508,0.0434738811185271,0.0122893547689936,0.0111252521527055,0.0488572488838482,0.0357175049950004,0.0427279711242404,0.0150622664269824,0.0237608942816486,0.025952451778572
"14","SF14","partial:CD4.IL22+CD8.Naive",0.79078509126888,0.00696261361351152,0.0470095476258463,0.0205867701775974,0.036074139873809,0.01741854654654,0.0252570857051024,0.198928645269603,0.0642013607116242,0.0177841022317242,0.0343097581507427,0.326689230604223,0.0243181086729652,0.0344299944733116,0.0299642037777811,0.0163275132688785,0.0192272163955278,0.0143053457949986,0.0210017015185357,0.0452041155876783
"15","SF15","global",0.907623333976587,0.00897603997450169,0.135059611138325,0.017478396753013,0.0293993910321529,0.0212412192923224,0.0987768018681628,0.0549379142464715,0.0672462173186863,0.031616995316232,0.0278845070064341,0.127701059734847,0.095105703757189,0.060562805494205,0.034359589506761,0.0987198484098194,0.0227263557417556,0.0038720804972922,0.0202469929306181,0.0440884699812108
"16","SF16","global",0.885814490581576,0.00874311040943423,0.0366469182733008,0.00908789061510871,0.0715853001247642,0.131150555143895,0.139185224307628,0.0381224975278444,0.155488160349362,0.0189368969671537,0.0481142171375485,0.122861336080451,0.0276096776349318,0.0437995983408256,0.0284847183938014,0.031184826689119,0.0226185492878445,0.0169979239708294,0.016519838676268,0.0328627600698891
"17","SF17","global",0.888325064294199,0.00899328797764856,0.0755451773345545,0.0118988712299027,0.0329273593330914,0.0292670974472682,0.039011782033912,0.051716057056253,0.0480456760911974,0.020860172626699,0.0697360549601776,0.0346541170320301,0.0625751566278839,0.0468268539637195,0.0343300648395888,0.258554994239951,0.054096153108598,0.00947098844212474,0.0392598994324959,0.072230236222904
"18","SF18","global",0.922631798534686,0.0471275099476339,0.110301899810491,0.0421791504562301,0.146576514202046,0.0786342242593923,0.0686734477629254,0.020237692357073,0.0411334297978061,0.050238412923222,0.023136850706145,0.0259884215434434,0.0177285854927614,0.126284603323657,0.0179348918255023,0.0479074040653705,0.01761925180428,0.0139315251762782,0.0442479403251119,0.0601182442206301
"19","SF19","global",0.924702422403451,0.00865094790170208,0.109878405213049,0.0413839529513322,0.077827784507927,0.0399322256801371,0.0412569873144609,0.0685671797704012,0.111767326904002,0.0276518373158977,0.0381577182527569,0.060479696993348,0.0426361675292068,0.083315765046194,0.0255506282300099,0.127234059525015,0.0207753141575258,0.00335471579549119,0.0178609515402867,0.0537183353712562
"20","SF20","global",0.925266403800491,0.00558916248653898,0.0692318128025152,0.0120021164914393,0.0725068217112285,0.0423890406159453,0.0605636088491725,0.0538560043015068,0.090458354640654,0.0242102042102251,0.0502047514920594,0.0794120924315666,0.0774223469557149,0.10525942347142,0.0288769733108278,0.13340427786418,0.0280304059661488,0.00512357614671468,0.0285723960259162,0.0328866302262253
