"program_id","cell_type","pve","top50_mass","Site","Collection_Day","Resample","top1","top2","top3","top4","top5","top6","top7","top8","top9","top10"
"B_immature__F001","B_immature",0.0957880791741573,0.0957209481323616,0.949457229274992,NA,NA,"TOMM6","IGLC1","PTP4A1","ENSG00000271522","HBB","RPS10-NUDT3","PSMA2","ARPC1A","NAPSA","RNF187"
"B_immature__F002","B_immature",0.0433515190131446,0.0700791154132089,0.213796006035782,NA,NA,"C5orf22","ENSG00000235119","PPAT","AGA","RNF170","CHML","CBFA2T3","GSS","TTC5","C14orf119"
"B_immature__F003","B_immature",0.0233707076573565,0.112466329606653,0.032825688943535,NA,NA,"IFIT3","CMPK2","OAS3","USP18","IFI44L","HERC6","RSAD2","LGALS3BP","IFI44","CIMAP1B"
"B_immature__F004","B_immature",0.0228502135268284,0.0888245647547986,0.0143578749076013,NA,NA,"CD247","PPFIA1","CST7","NR4A1","CD3E","CTSW","DUSP2","ETV3","GNLY","AK6"
"B_immature__F005","B_immature",0.0195764252651972,0.0953006140571305,0.0128851367263234,NA,NA,"WASF1","B3GALT4","IGHA1","KPTN","ZFAND4","CEP44","SCMH1","IRAK1BP1","MAGEH1","WDR37"
"B_immature__F006","B_immature",0.0138099192099065,0.263915691995271,0.00927818973673659,NA,NA,"RPS4Y1","EIF1AY","UTY","DDX3Y","XIST","KDM5D","ZFY","USP9Y","LINC00278","RPS4Y2"
"B_immature__F007","B_immature",0.0167324772322033,0.099475953642552,0.0105806551057006,NA,NA,"IRAK1","IGLJ1","PHF10","WASF1","BCL6","MAN2B2","ST3GAL2","CARNMT1","NRF1","AGBL3"
"B_immature__F008","B_immature",0.0146119069453655,0.100644790599774,0.00299960437695471,NA,NA,"GPN2","RNASEH2A","PLEKHM2","IQCH-AS1","SPOUT1","POLH","AIG1","BRD3OS","CLEC20A","RFXAP"
"B_immature__F009","B_immature",0.0162851202299168,0.0990058976175443,0.00333470366045184,NA,NA,"C2orf69","STAM","DGKZ","RNF144B","ARMT1","LINC00494","NUBPL","RNF130","AP4M1","GNLY"
"B_immature__F010","B_immature",0.0139537159968251,0.0983946818033787,0.0222081823119455,NA,NA,"ENSG00000251661","METTL2A","PEX5","CXCL16","TMEM184C","TPCN1","PDE4D","RNF130","ENTPD1","MEF2B"
"B_immature__F011","B_immature",0.0142461746097863,0.0957675693246348,5.38061992019847e-05,NA,NA,"PEG10","SLC44A1","ZNF587B","DHX32","ZNF808","BOLA1","MKRN2","CGAS","RNF220","FXYD1"
"B_immature__F012","B_immature",0.0146516301925744,0.0999206163482732,0.0165186277058805,NA,NA,"IGLV3-9","ISYNA1","PYCARD-AS1","PGBD2","CARD19","OGG1","EARS2","USP12","SENP3","POLL"
"B_immature__F013","B_immature",0.0154557040091009,0.0960682357997057,0.0213593667060173,NA,NA,"C17orf75","GNPTAB","BLM","ZNF441","SLC25A19","LIPT1","IGKV1-8","PURB","MTRR","ENSG00000270022"
"B_immature__F014","B_immature",0.0125443353416457,0.107878075780199,0.0211025357801173,NA,NA,"ATG9A","ZBTB7B","MVB12A","ULK4","TRIM69","NUBPL","APAF1","ZBTB44","TTC24","ZBTB38"
"B_immature__F015","B_immature",0.0143533209623557,0.0936232885866969,0.253259549879016,NA,NA,"MFN2","SSBP3","CEP89","ICMT","LINC01806","FAM174A","NOXA1","RNF170","TMEM150A","PLEKHG2"
"B_naive__F001","B_naive",0.159272695811083,0.111149827108939,0.993899127870619,0.0132475503216233,0.0132475503216233,"TOMM6","PTP4A1","ENSG00000271522","RPS10-NUDT3","HBB","NAPSA","IGLC1","SPEN-AS1","PSMA2","ARPC1A"
"B_naive__F002","B_naive",0.0570964220004136,0.0414826491552925,0.0842292475896713,0.00184075427737512,0.00184075427737512,"IGHV2-70","LIN9","SPDL1","MSANTD2","NIPAL4","SLFN5","ZNF852","IGLV3-16","QNG1","CCDC61"
"B_naive__F003","B_naive",0.0210720788079949,0.160734731641687,0.0113470941945655,0.000286258276826225,0.000286258276826225,"RRM2","TYMS","MKI67","BIRC5","UBE2C","APOBEC3B","CHPF","SHCBP1","AQP3","CDC20"
"B_naive__F004","B_naive",0.0162240187827138,0.131001623421289,0.897748327331443,0.00106435909435785,0.00106435909435785,"DPP3-DT","TOMM6","ENSG00000272092","ABCF2","ENSG00000267260","LINC02245","ARPC1A","ENSG00000274712","ENSG00000271522","IGLC1"
"B_naive__F005","B_naive",0.0169765197549179,0.429723453333602,0.000732309492169566,0.0094566499016577,0.0094566499016577,"RPS4Y1","EIF1AY","DDX3Y","UTY","XIST","KDM5D","USP9Y","ZFY","LINC00278","TTTY14"
"B_naive__F006","B_naive",0.016716773047686,0.119527886982653,0.00653244067249586,0.000428337793126722,0.000428337793126722,"SERPINA1","FCER1G","LYZ","VCAN","FCN1","S100A12","AIF1","S100A8","S100A9","CST3"
"B_naive__F007","B_naive",0.0148588294911405,0.19818774087378,0.0292164229030575,0.00306989327809512,0.00306989327809512,"IFIT3","IFIT1","IFI44L","CMPK2","IFI27","OASL","RSAD2","USP18","OAS3","IFI44"
"B_naive__F008","B_naive",0.0142627449854597,0.122533468062704,0.00989210647847701,0.000229330580739579,0.000229330580739579,"ZBTB32","TFEC","KLK1","COL4A3","COL4A4","TMEM273","LINC00944","AIM2","BHLHE41","ENSG00000258760"
"B_naive__F009","B_naive",0.00979733263270093,0.0891675855992373,0.00313760794013788,0.00662541084217548,0.00662541084217548,"IL6","NR4A3","LMNA","NR4A1","DUSP10","CD99L2","NPM3","TUBG1","DBNDD2","JRKL"
"B_naive__F010","B_naive",0.00928610642033773,0.165727723514104,0.0143883865108806,0.000103279610584473,0.000103279610584473,"GNLY","CD8A","NKG7","GZMH","GZMB","CD7","CD3E","CTSW","KLRB1","GZMM"
"B_naive__F011","B_naive",0.00883580116594771,0.0856178229468772,0.0146038766497559,0.00324448000368949,0.00324448000368949,"TMEM238","MICU3","KLF11","ZBTB22","S100A9","IGKV1D-43","RNPEPL1","DUS1L","IRF2BPL","WDR5B"
"B_naive__F012","B_naive",0.00811879426064293,0.0873088756152427,0.00727728106608406,0.00113034039372927,0.00113034039372927,"PPP1R12B","HLA-DQA2","MATN1","ZNF143-AS1","ZNF607","SREBF1","SNTB2","FAAP24","MTMR1","AGFG2"
"B_naive__F013","B_naive",0.00967771889779867,0.0901229070433963,0.000718902034152751,0.00221460627726975,0.00221460627726975,"SOWAHD","ENSG00000275441","ZNF502","LRRC25","MAP3K12","IGKV1D-8","IGHV3-49","FCRLB","SEC61A2","TREML2"
"B_naive__F014","B_naive",0.00772054522658965,0.0907385395204662,0.000212423652300641,7.5985368666319e-05,7.5985368666319e-05,"PLK2","CARMIL1","GOLGA8A","USP12","MT1X","PLOD1","ENG","ZNG1F","URB1-AS1","ZNF608"
"B_naive__F015","B_naive",0.00748651558643023,0.0882708462288121,0.000836712936416591,8.52699030956436e-06,8.52699030956436e-06,"IFT80","PTOV1","TAF1A","ZNF793","IL13RA1","ANO9","MOCS3","PIGW","PGP","SOX12"
"B_naive__F016","B_naive",0.00696338829448021,0.0929352282812536,5.09576796730438e-05,2.99509585855226e-05,2.99509585855226e-05,"GPD2","ZFPM1","PAPOLA-DT","ENSG00000267605","EOGT","DBP","PLEKHA8","NBPF3","AGER","KAT14"
"B_naive__F017","B_naive",0.00655818716294161,0.0927716244589849,0.000164692968297639,0.00328908311650229,0.00328908311650229,"ENSG00000266088","ZNF714","EPS8L2","ENSG00000262151","DUSP5","YPEL1","GTF2E1","IL32","ZNF668","RAB40C"
"B_naive__F018","B_naive",0.0072959537520918,0.0848416268529282,0.00389783076561421,2.67806011900003e-06,2.67806011900003e-06,"AAMDC","ENPP4","VPS33B","CENPU","IGKV2D-29","TMEM97","HSBP1L1","TBC1D10B","IGSF22","KYAT1"
"B_naive__F019","B_naive",0.00748950370497998,0.0960987597265271,0.00014516969643434,2.99979651324937e-05,2.99979651324937e-05,"IGLV1-51","PRKAG2-AS1","RHPN2","KLHL2","C21orf58","DHX32","LIG4","ENSG00000272195","SLC35C1","SPA17"
"B_naive__F020","B_naive",0.00699963154836199,0.0950116331087254,0.000543991649396522,0.000874664011067374,0.000874664011067374,"ZNF341","MIR4435-2HG","ZNF684","IMPA2","IGLV6-57","TRIM16","NUP107-DT","ZHX3","FMO4","CEP76"
"B_naive__F021","B_naive",0.00704720419561494,0.0938559493661727,0.000341790794645812,0.000327236048186876,0.000327236048186876,"CCDC61","IGLVI-70","YTHDF1","PUDP","IGKV1D-39","DHX32","MOXD1","HIGD1A","IGKV2D-40","GOSR2"
"B_naive__F022","B_naive",0.00728715339183106,0.0873791066236414,0.00181248626941998,0.00075550177085468,0.00075550177085468,"FAM20B","ZNF117","TOMM40L","SBNO2","SAMD3","SNX25","UAP1L1","SLC29A3","ZNF776","PIGX"
"B_naive__F023","B_naive",0.00624179532361519,0.0898661923022573,0.00229522521496405,0.00141826653170544,0.00141826653170544,"DOCK9","IGLV3-10","TMEM231","TOB1","CEP131","LRRCC1","ARMC7","FDX2","ZNF212","ANKRD13C-DT"
"B_naive__F024","B_naive",0.00788616280563994,0.0910365507531388,0.000731347219212938,0.000308091475341283,0.000308091475341283,"IGKV1-27","SRRD","CETN3","CKMT2-AS1","RAB43","POMK","REC8","RNF24","KCNG1","PIGX"
"B_naive__F025","B_naive",0.0064395745033861,0.0928114271003176,0.00447748790193344,0.00258590780332455,0.00258590780332455,"LETM2","NOP9","SEPHS1","DYNLL2","EBI3","THEMIS","ARMCX4","E2F3","GALNT7","BAG3"
"B_switched_memory__F001","B_switched_memory",0.0858369278495577,0.115475897173961,0.978276791744827,0.0582801601060136,0.0582801601060136,"TOMM6","PTP4A1","RPS10-NUDT3","ENSG00000271522","PSMA2","IGLC1","HBB","ARPC1A","NAPSA","RBM27"
"B_switched_memory__F002","B_switched_memory",0.0555920752003365,0.0497152581180597,0.11556647378588,0.00836007084437822,0.00836007084437822,"GATD3","ARNT","GAB2","DYRK1B","MAPK7","ENSG00000285043","FCRLB","BCL9L","PHF23","PCBD1"
"B_switched_memory__F003","B_switched_memory",0.016977580396484,0.117945874319002,0.0266830515259744,0.0037507208395842,0.0037507208395842,"IFIT3","USP18","IFI44L","CMPK2","IFI44","IFI27","HERC6","OAS3","IFIT1","RSAD2"
"B_switched_memory__F004","B_switched_memory",0.0124794523186356,0.0946091577386186,0.704195457238904,0.0104646145282375,0.0104646145282375,"TOMM6","ENSG00000271522","ABCF2","PMF1","PTP4A1","COMMD7","IGLC1","HOMER3","ARPC1A","GNLY"
"B_switched_memory__F005","B_switched_memory",0.0127310722948301,0.0947736164645007,0.000529294848531868,0.00444178976328823,0.00444178976328823,"LRSAM1","SUPT3H","SLC25A23","MMP25-AS1","RIOX1","PDE3B","LINC01588","GNE","LAMP1","SPICE1"
"B_switched_memory__F006","B_switched_memory",0.0139455861112152,0.0913779620270962,0.00590479361514426,0.000879086181986801,0.000879086181986801,"TUBGCP6","LACTB","EID2B","ATP6V0D1-DT","HYOU1","PF4","CHCHD6","PTBP2","EGLN1","NCAPH2"
"B_switched_memory__F007","B_switched_memory",0.0109372883918718,0.0992265182429868,0.00014763390754992,0.00523912887068341,0.00523912887068341,"CRK","UXS1","ACSL1","PARP12","MAPK7","LDLRAD4","RBL1","SLC35G1","RSL1D1-DT","DHX58"
"B_switched_memory__F008","B_switched_memory",0.0122790743084694,0.100588136894072,9.07207769844536e-05,0.00293042778266553,0.00293042778266553,"ADAMTS6","SLC17A9","FOXRED1","RABL6","LIMD1","ATF3","MXI1","BNIP3","IL6R","PRAG1"
"B_switched_memory__F009","B_switched_memory",0.0113094852436662,0.102467016908883,0.00106359812215478,0.0199260246147393,0.0199260246147393,"SLC5A6","TOR1AIP2","PPARGC1B","KATNB1","FAM161B","NUDT17","ANKRD13D","ENSG00000259363","TMEM231","REPIN1"
"B_switched_memory__F010","B_switched_memory",0.0105082893896147,0.105159923450578,0.000506031530011605,0.00714546579545263,0.00714546579545263,"IL7R","ANKRD13C-DT","KATNAL1","APBB1","INTS7","ZDHHC23","ZNF287","SH3GLB2","LINC02328","PKIA"
"B_switched_memory__F011","B_switched_memory",0.00967099033138458,0.0961607655152648,0.00212606719889418,0.0492250749194107,0.0492250749194107,"GATD1-DT","TRAF3IP2-AS1","ZNF544","TGFBR1","FAM200A","NDRG1","ZNF337-AS1","CD99L2","EDC3","CCDC34"
"B_switched_memory__F012","B_switched_memory",0.0105748004023983,0.101222850443007,0.00475871617023509,2.43771820733211e-05,2.43771820733211e-05,"GNLY","MTX3","EML6","CD3D","CD3E","TIRAP","LARP4B","SOWAHD","USP19","TBCD"
"B_switched_memory__F013","B_switched_memory",0.0110680476880635,0.0979129827130557,0.00838893045758933,0.0302540956533584,0.0302540956533584,"ZMIZ1","RBL1","ACADS","LAMP1","SLC38A7","ARNT","KIAA0753","COG6","SMARCD2","SGPL1"
"B_switched_memory__F014","B_switched_memory",0.00899937729418038,0.110966527167895,0.00251285134015974,0.056779659170229,0.056779659170229,"PTGER4","PYHIN1","CTDNEP1","TMEM115","ZNF420","PTAFR","TSC1","KIF21B","DHRS12","PIK3R4"
"B_switched_memory__F015","B_switched_memory",0.0133975619098197,0.24686929475039,0.0108608465290994,0.0291532466872208,0.0291532466872208,"RPS4Y1","EIF1AY","DDX3Y","XIST","UTY","KDM5D","USP9Y","ZFY","LINC00278","NLGN4Y"
"B_switched_memory__F016","B_switched_memory",0.00982337379287164,0.10241782974429,0.00948176930768397,0.018567659380347,0.018567659380347,"HSD17B1-AS1","IGKV3D-20","AFG2B","ZFYVE1","ENSG00000270022","SOS2","KLHDC10","TRAPPC13","NOL4L","BOD1"
"B_switched_memory__F017","B_switched_memory",0.01161429112317,0.0978255683363454,0.020939795222767,0.0391756459167179,0.0391756459167179,"TRUB1","ZNF362","BMAL1","SPATC1L","EMSY-DT","MEX3C","NLE1","ZNF711","ENSG00000226266","LINC02202"
"B_switched_memory__F018","B_switched_memory",0.00966248070963743,0.0992483041129194,0.002784128418397,0.000928088623202575,0.000928088623202575,"AKAP7","MTIF2","PM20D2","TRIT1","SLC38A5","TTC33","COG7","ANKHD1-DT","PKIA","SRM"
"B_switched_memory__F019","B_switched_memory",0.0107925773645669,0.102975471639155,0.00777321447576779,0.0806300686256266,0.0806300686256266,"PKD2L2-DT","ITGAX","TBX21","TTLL5","ZNF37A","RNF122","KANSL3","HOMER3","POP1","AP5S1"
"B_switched_memory__F020","B_switched_memory",0.013185384872877,0.102096814397923,0.00543958701830991,0.00084204834190579,0.00084204834190579,"AIRIM","MBNL3","ZBTB10","RENBP","VPS33B","BOD1","WHAMM","ATP6V1E2","NICN1","PIK3R2"
"B_switched_memory__F021","B_switched_memory",0.0113941692669774,0.10282467521729,0.00512361117844537,0.00208863910530572,0.00208863910530572,"TSC22D1","GTPBP6","ENSG00000260651","ATXN7","LARS2","PFKFB3","MIER2","ZNF780A","GPR137B","POP1"
"B_switched_memory__F022","B_switched_memory",0.0110375212892337,0.0952919117620419,0.00319397468088711,0.00785450607258784,0.00785450607258784,"PHF23","SPATA6","CMC4","SLC17A5","LNX2","NDUFAF5","ZNF780B","ENSG00000226266","DRAM1","TAS2R14"
"B_switched_memory__F023","B_switched_memory",0.00895629274335472,0.107108363311963,0.0030305270031823,0.0595077123540981,0.0595077123540981,"AVL9","ANKRD13D","NUP188","PCNX2","FLYWCH1","FAM177B","ZBTB6","GBA2","PTPN12","LRRC45"
"B_switched_memory__F024","B_switched_memory",0.00828068694914474,0.0979027991969835,8.89537414301166e-05,0.139559567637865,0.139559567637865,"PLOD3","ANKHD1","GAS6-AS1","ALMS1","DCTN5","SLAMF7","ITPRIPL1","SGK1","HMBS","TUT1"
"CD14_mono__F001","CD14_mono",0.0974990946663982,0.0842323107568048,0.0103014831064773,NA,NA,"IFI27","CLU","RNASE1","TMT1B","FAM20A","OTOF","RNASE3","ETV7","LGALS3BP","ANKRD22"
"CD14_mono__F002","CD14_mono",0.0687725814231862,0.0544128417604033,0.416395009404617,NA,NA,"NAT10","ZNF354A","RAP2A","PON2","NCK2","PIDD1","HEXIM2","CARF","PHETA1","ENDOG"
"CD14_mono__F003","CD14_mono",0.0692653404135325,0.131014146346567,0.994093125999666,NA,NA,"TOMM6","PTP4A1","ZCWPW2","ABCF2","BOLA2","UPK3BL1","ENSG00000268734","ENSG00000282885","GGT1","ENSG00000286070"
"CD14_mono__F004","CD14_mono",0.0307603263415299,0.0627371364412425,0.00224652145388448,NA,NA,"PTGIR","SPATA20","PLAGL1","ARMCX3","ERMAP","CASP7","TGFBR1","GLI4","MAFK","MIR29B2CHG"
"CD14_mono__F005","CD14_mono",0.0299445141041384,0.075421907162863,0.608010301226253,NA,NA,"ENSG00000260077","SPEN-AS1","WDPCP","IL6","RPL39L","ENSG00000260805","ENSG00000271522","EEF1E1","SYNE2","NAPSA"
"CD14_mono__F006","CD14_mono",0.0198094699223993,0.16955820888687,0.00468345156629993,NA,NA,"CD8A","FGFBP2","GZMM","CD3D","CD8B","GZMA","GZMB","IL32","GZMH","LBH"
"CD14_mono__F007","CD14_mono",0.030319170316477,0.0644954496905921,0.0117806337271685,NA,NA,"ADRB2","ENSG00000251131","RRM2B","PHLDA1","RDUR","BATF3","CLEC5A","PRPF19-DT","MRPL35","HELZ2"
"CD14_mono__F008","CD14_mono",0.0211805797908148,0.188315489139766,0.0125346481723317,NA,NA,"IFI27","OTOF","IFIT1","IFI44L","USP18","SIGLEC1","RSAD2","CCL2","SERPING1","JUP"
"CD14_mono__F009","CD14_mono",0.0188929258217455,0.11850574475207,0.00211143364944682,NA,NA,"C15orf48","OSM","G0S2","PHLDA1","HES1","ENSG00000278330","PHLDA2","DUSP2","NRIP3","STARD5"
"CD14_mono__F010","CD14_mono",0.0152941229516176,0.0748838664517189,0.00664121405070815,NA,NA,"ZBTB49","CENPQ","GORAB","MVB12B","PTBP2","WRN","RBL1","PROK2","CEP162","PJA1"
"CD14_mono__F011","CD14_mono",0.0148956462065555,0.0787984444925392,0.000307964614009446,NA,NA,"CENPBD1P","DNAJA3","MGLL","TMEM68","CKS2","RTP4","AIM2","ZNF605","MBNL1-AS1","TRIM16"
"CD14_mono__F012","CD14_mono",0.0150095184547924,0.082339990681087,0.000296912549380141,NA,NA,"CCDC28B","LGALS12","PAOX","YOD1","SLCO4C1","CYTH3","GFRA2","ZNF496","TADA1","PTPRN2-AS1"
"CD14_mono__F013","CD14_mono",0.0140518579915652,0.075948576441021,0.00434091906729476,NA,NA,"EPB41L2","IMMP1L","URB1","NCK1-DT","CHPT1","ENHO","PER2","ZNF577","GTF2H4","MPZL2"
"CD14_mono__F014","CD14_mono",0.0181913892132892,0.0744052900719981,0.00861493540832952,NA,NA,"LDAH","AHCYL2","ZNF839","ALMS1","MYL12-AS1","MS4A14","ZFP64","CPOX","TTC39B","RINT1"
"CD14_mono__F015","CD14_mono",0.0101439391609153,0.0876350444860435,0.00290046977513404,NA,NA,"APOL4","GBP5","SLAMF8","GBP1","HAPLN3","SLAMF7","GPR160","ALDH1A1","PDE7B","NPHP3"
"CD14_mono__F016","CD14_mono",0.0120367184754176,0.0815777977004328,0.00105198764676835,NA,NA,"TADA2B","FN1","DOCK4","C1orf216","RASSF1-AS1","CUL9","SAP30L","RCBTB1","TMEM187","LINC01465"
"CD14_mono__F017","CD14_mono",0.0106070000970194,0.0857458445919183,0.000468247629415821,NA,NA,"LINC02432","ZSCAN5A","PTGIR","CYP19A1","LRP3","WASF1","RAPH1","MGAM","SH3RF1","TBCCD1"
"CD14_mono__F018","CD14_mono",0.0101262050063386,0.0892881620718867,0.0018001548787396,NA,NA,"CAD","DDTL","RHOBTB3","KMT5C","ENSG00000260267","NPIPA1","PPP1R26","TSGA10","SYNGAP1-AS1","CD320"
"CD14_mono__F019","CD14_mono",0.0224153424567568,0.425421853185725,0.00311777903733546,NA,NA,"RPS4Y1","XIST","UTY","DDX3Y","EIF1AY","LINC00278","KDM5D","ZFY","USP9Y","TTTY14"
"CD14_mono__F020","CD14_mono",0.0108124147037219,0.0795556504654361,0.00231284578531794,NA,NA,"TESK2","CRAMP1","KCNQ1OT1","IFI44L","ENSG00000269968","NFIX","ZNF782","LRRC27","USP9Y","CDKN2AIP"
"CD14_mono__F021","CD14_mono",0.00831833739256083,0.0951511980711536,8.27134503881752e-05,NA,NA,"RAB33B","DUSP10","DNHD1","RUNX2","MAFK","RAD51B","SULT1A3","GPR160","ZNF839","ZNG1C"
"CD14_mono__F022","CD14_mono",0.00858213708636774,0.0946210938943153,0.0004076543015976,NA,NA,"CCL4","BTG2-DT","PAPOLA-DT","ZBTB10","CSRNP2","ENSG00000274979","RPS21-DT","ENSG00000272256","ENSG00000258101","SUV39H2-DT"
"CD14_mono__F023","CD14_mono",0.0402686812448981,0.24945019294439,0.00057012700765887,NA,NA,"IGHG1","IGLV3-25","IGLV3-1","IGHV4-39","IGKC","JCHAIN","IGKV3-20","IGHA1","IGKV1-5","IGLV2-14"
"CD14_mono__F024","CD14_mono",0.0132142181568681,0.199688647343747,0.0111987788353158,NA,NA,"IL1R2","MFGE8","THBS1","ZBTB16","ADAMTS2","AREG","TPST1","ALOX15B","AMPH","SRGAP1"
"CD14_mono__F025","CD14_mono",0.0079548182242456,0.0923284483500106,0.00261812683074584,NA,NA,"ZNF717","ENSG00000267002","PXN-AS1","AHCYL2","CDC37L1","PTPRO","ODAD3","SMC2","SLC19A2","TTPAL"
"CD16_mono__F001","CD16_mono",0.163674030346462,0.0868165519799291,0.0645737245941723,NA,NA,"IFI27","CLU","SIGLEC1","CD163","RNASE2","LINC02345","LYPD2","RNASE1","RNASE6","CLEC4E"
"CD16_mono__F002","CD16_mono",0.0686872314502668,0.0494303059592465,0.0697398951156108,NA,NA,"NOMO1","RWDD2B","ATMIN","MBTD1","CYSLTR2","RGPD8","TAF6L","NPRL3","FYCO1","ZC3H10"
"CD16_mono__F003","CD16_mono",0.0451898326796576,0.136122076106789,0.970082872810421,NA,NA,"TOMM6","PTP4A1","SNX15","ZCWPW2","ARPC1A","LINC02245","BOLA2","LIX1L-AS1","ABCF2","RPS10-NUDT3"
"CD16_mono__F004","CD16_mono",0.022828035644107,0.0819090693949489,0.736622114952998,NA,NA,"NAPSA","PSMA2","ENSG00000234961","ENSG00000271522","ARL2","C11orf98","PTPRN2-AS1","HBB","ENSG00000260077","TRMT12"
"CD16_mono__F005","CD16_mono",0.0233822421804714,0.066777429511035,0.00324471481049595,NA,NA,"HBEGF","GPR137B","AREG","ZDHHC1","ZNF331","CHST7","C1QB","ZER1","MCEMP1","PRDM1"
"CD16_mono__F006","CD16_mono",0.0234337784304915,0.0944627131583042,0.00918965913398086,NA,NA,"IL1R2","C15orf48","ATP1B1","FMN1","ADAMTS2","ALOX15B","TPST1","KLHDC8B","OSM","ZBTB16"
"CD16_mono__F007","CD16_mono",0.0167587265472787,0.127522934072109,0.0105773828823949,NA,NA,"ANKRD22","OTOF","IFIT1","CXCL10","SIGLEC1","RSAD2","SERPING1","ETV7","IFIT3","HESX1"
"CD16_mono__F008","CD16_mono",0.0174556691171438,0.0836902318787402,0.000681008226587442,NA,NA,"CD3E","CCL5","CD3D","PTPRCAP","ZNF235","ENSG00000272447","LINC00115","BOLA2B","PGM3","TONSL"
"CD16_mono__F009","CD16_mono",0.0188968582150625,0.0820128214773371,0.00639847389236356,NA,NA,"PGBD2","PACRGL","ENSG00000251143","PHF7","ATN1","TFAP4","VPS33B","GEMIN5","SFTPD","TRAF4"
"CD16_mono__F010","CD16_mono",0.0157774119425627,0.0807699718985095,0.0380944441485768,NA,NA,"SLAMF8","C1QB","C1QC","RHOBTB3","GDPD5","MIAT","PPOX","ATP23","CENPQ","ZDHHC13"
"CD16_mono__F011","CD16_mono",0.0142697209565478,0.0813764410163839,0.00468598767072272,NA,NA,"CPTP","DHX57","TRIM3","ZNF136","CASS4","RFX3","ZNF627","P2RY1","MIB2","C17orf58"
"CD16_mono__F012","CD16_mono",0.0152882523409616,0.0723607478326463,0.00119280533734849,NA,NA,"RPL39L","CCR1","RILP","CDC14A","SLC30A1","RPS4Y1","NHLRC2","PSPH","ANKAR","PACRGL"
"CD16_mono__F013","CD16_mono",0.0125561936219499,0.0884524577547392,0.0499290310506349,NA,NA,"PHF13","ALDOC","NPRL3","HYI","EIF5A2","ENSG00000282885","PILRB","SEPSECS","NOL6","NCAPD2"
"CD16_mono__F014","CD16_mono",0.0137867142811958,0.0815496284429946,0.00442473262467669,NA,NA,"PRPF39","CDKN2B","POLR2J3","RCC1","SMG8","FBXO44","UPK3BL1","SMYD4","PCCA","EREG"
"CD16_mono__F015","CD16_mono",0.0121829343000734,0.087192893265223,0.00292714610018056,NA,NA,"SERINC2","KCTD15","CBR4","ABI2","NRG1","AMN1","CD3E","SRP14-DT","GRB10","USP38-DT"
"CD16_mono__F016","CD16_mono",0.0165739489330664,0.227354329246232,0.00248498811977285,NA,NA,"IGHG1","IGKV3-11","IGKC","IGHA1","JCHAIN","IGKV3-20","IGLV3-25","IGKV1-5","IGLV2-14","IGLV3-1"
"CD16_mono__F017","CD16_mono",0.0157684263246877,0.432092942958208,0.0106883976643033,NA,NA,"RPS4Y1","XIST","DDX3Y","UTY","EIF1AY","LINC00278","ZFY","KDM5D","USP9Y","TTTY14"
"CD16_mono__F018","CD16_mono",0.0135142250646784,0.0865538555868848,0.000743584266208589,NA,NA,"TNFRSF10D","ARHGAP29","CEACAM21","ATP1B1","KLHL5","CLIP2","ZNF594-DT","ALOX5AP","TP53I11","NOXA1"
"CD16_mono__F019","CD16_mono",0.0105954972469387,0.0882635995280788,0.0167539367811885,NA,NA,"METTL15","WDR3","WWC3","RMI1","CCDC125","NOMO1","PHETA2","NIPAL3","SLC16A5","ST3GAL3"
"CD16_mono__F020","CD16_mono",0.00897956968935394,0.0936305900602819,0.00320744445109993,NA,NA,"NAIP","PGAP3","POC1B","TCF4","THAP5","TAF4B","HERC6","USP21","CXCL2","MANEA"
"CD16_mono__F021","CD16_mono",0.00994809634509657,0.0907278839493774,0.00155947052455046,NA,NA,"VSIG4","GAB1","ZNF354A","ZNF764","ICA1","RAB37","ADAM28","DLGAP1-AS1","LRBA","CAMSAP2"
"CD16_mono__F022","CD16_mono",0.00772496612102333,0.0967605623142298,6.03143940348273e-05,NA,NA,"MSH5","ANKRD9","PPOX","PRR5","PCMTD1-DT","DCP1B","PCNX3","SYTL3","EIF3J-DT","MIPEP"
"CD16_mono__F023","CD16_mono",0.00803579211655692,0.0915116245794833,0.0232762568971799,NA,NA,"MS4A1","ENSG00000260077","ABLIM1","NME7","PTPRCAP","RASL11A","RRP1","NUSAP1","RGP1","KLC4"
"CD4.CM__F001","CD4.CM",0.231399914440368,0.0619325675814523,0.823611152534345,NA,NA,"TOMM6","PTP4A1","ENSG00000271522","HBB","RPS10-NUDT3","CITED4","TMEM238","ARPC1A","MIR23AHG","PINX1"
"CD4.CM__F002","CD4.CM",0.0477483573170631,0.0857420639776914,0.364042214967888,NA,NA,"ENSG00000271522","SPEN-AS1","RPS10-NUDT3","HBB","CEROX1","RGPD8","ENSG00000234961","ENSG00000285043","HNRNPD-DT","PSMA2"
"CD4.CM__F003","CD4.CM",0.0325495038187209,0.157820750313638,0.00310940388994824,NA,NA,"FCRL6","PRSS23","FGFBP2","S1PR5","HBA1","ADGRG1","GZMH","C1orf21","KLRF1","HBA2"
"CD4.CM__F004","CD4.CM",0.0159046425174868,0.152098562998808,0.781530385110281,NA,NA,"ENSG00000272092","ENSG00000272159","TOMM6","ENSG00000254638","ATXN7","DPP3-DT","ABCF2","ENSG00000238258","ENSG00000274712","PTP4A1"
"CD4.CM__F005","CD4.CM",0.0222500003669193,0.200490590973368,0.0114475311882451,NA,NA,"IGLV3-21","IGLV3-25","JCHAIN","IGKV1-5","IGKV4-1","IGLV3-1","IGKV3-11","IGLV1-51","IGLC2","IGKV3-20"
"CD4.CM__F006","CD4.CM",0.0194863178697653,0.132633228176313,0.0322790006466069,NA,NA,"IFIT3","IFI44L","RSAD2","IFI27","IFIT1","CMPK2","OAS1","USP18","OASL","IFI44"
"CD4.CM__F007","CD4.CM",0.0131761976423408,0.0800414538368839,0.00464982243412391,NA,NA,"CDCA7L","BCL3","FBF1","COLGALT1","MTPAP","DLG3","CTSL","CYSLTR2","ZWILCH","TPST1"
"CD4.CM__F008","CD4.CM",0.0123713685541853,0.0781425673896139,0.00282075400675223,NA,NA,"ANKH","TRGV10","BLOC1S4","CEBPB","PNPO","RBM38","DUSP2","ATP13A2","APOBEC3H","ATRN"
"CD4.CM__F009","CD4.CM",0.0116836632140931,0.0895142454695347,0.00632616014291843,NA,NA,"CYBB","SPI1","FCN1","S100A12","CLEC7A","MAFB","IGSF6","VCAN","ATN1","CLEC12A"
"CD4.CM__F010","CD4.CM",0.0123751393817856,0.0790491768605801,0.00258409822654201,NA,NA,"PROSER3","GSE1","ZNF584","MLLT1","NECAB3","THAP8","MAP2K4","PICK1","PGRMC2","CNIH3"
"CD4.CM__F011","CD4.CM",0.0125655108789133,0.0810537303937922,0.00360321012462192,NA,NA,"ZBTB7B","CLIC5","TGFBR1","OTULIN","PDCD11","HSD17B1-AS1","CCDC117","PEX6","BAIAP2","CIC"
"CD4.CM__F012","CD4.CM",0.0115410490619535,0.0844858863183106,0.00320485335867952,NA,NA,"CHKB-DT","SLC16A11","RETREG1","IGFBP7","TRAPPC10","ZNF140","NNT-AS1","UNC93B1","MVB12B","RAB33A"
"CD4.CM__F013","CD4.CM",0.0111898399982394,0.084691545310647,0.00022883997602504,NA,NA,"TRAV27","CCDC85C","ENSG00000261840","EXOSC6","PAFAH2","RRAGC-DT","MPZL1","ZNF232","TAS2R14","GTF2E1"
"CD4.CM__F014","CD4.CM",0.0107695216253019,0.078937586788526,0.00137155257282368,NA,NA,"TRAV26-1","SLC37A1","ZNF69","CD81","ENSG00000260805","PLBD1","CD244","NSD2","CARMIL1","SLC29A3"
"CD4.CM__F015","CD4.CM",0.0130457289384114,0.0791764342366073,0.000399586390044725,NA,NA,"SRGAP2C","KTN1-AS1","MIR181A1HG","LONRF1","ENSG00000237471","GALNT1","PLEKHG3","FGFR1","MPP1","ZNF230"
"CD4.CM__F016","CD4.CM",0.00841792658802108,0.0828168109890337,0.00752800533526455,NA,NA,"ENSG00000268205","ALYREF","KLHL5","CLEC11A","TMEM273","RNASE2","IZUMO4","CTNNBIP1","GPR55","LINC02901"
"CD4.CM__F017","CD4.CM",0.010004599971144,0.0840152675075955,0.0129338149808748,NA,NA,"TMEM238","TRBV10-3","IGKV2-24","RFNG","FAM241A","USP25","FZR1","SIAH2","DUSP5","WDTC1"
"CD4.CM__F018","CD4.CM",0.00947822790395666,0.0799546750285424,3.19461782704635e-05,NA,NA,"RBM11","SEPHS1","ZNF559","PRMT6","COA7","XYLT1","CKAP4","HOXB4","SLC22A17","EMSY-DT"
"CD4.CM__F019","CD4.CM",0.00868876695103847,0.0880564355956137,0.000725499633644396,NA,NA,"RABL2A","ENSG00000262823","CCR10","SPSB2","AIRE","RFESD","TRBV30","WFS1","ZNG1A","CCR8"
"CD4.CM__F020","CD4.CM",0.0151983669167869,0.395695702709932,0.0142231873122444,NA,NA,"RPS4Y1","DDX3Y","UTY","EIF1AY","XIST","KDM5D","USP9Y","ZFY","LINC00278","PPP1R2C"
"CD4.CM__F021","CD4.CM",0.00919009988570575,0.0829548562436159,0.00292492337169985,NA,NA,"LRRN3","AFDN","CR1","TCF7L2","ACE","GCNT1","VASH1","IGFBP3","TOX-DT","PKP2"
"CD4.CM__F022","CD4.CM",0.00706290105616854,0.0848785856754321,6.64462003434485e-05,NA,NA,"NDC1","BOD1","C16orf74","RNF103","LZTR1","FAM161A","B3GLCT","ZNF296","TMEM79","MRM1"
"CD4.CM__F023","CD4.CM",0.0068976751219651,0.0894925892026549,0.000118532292490456,NA,NA,"TMSB15B","TMSB15C","NCAPG2","GRAMD1B","ARMC10","AMMECR1L","WDR25","FASTKD3","POMZP3","FDXR"
"CD4.CM__F024","CD4.CM",0.00723665837350664,0.0834485671214313,5.51949686651551e-05,NA,NA,"RNASE6","ZNF672","FAM241B","ENSG00000245025","ZNF181","CD101","EXD2","MOSMO","DCHS1","ENSG00000260274"
"CD4.CM__F025","CD4.CM",0.00732456802584905,0.0925875028087606,0.00524287632300156,NA,NA,"SLC43A2","IRAK1BP1","ZNF48","ENSG00000251131","SLX1B","CERK","TUBA1B-AS1","CACNA1I","NENF","ENSG00000275441"
"CD4.IL22__F001","CD4.IL22",0.156145856577707,0.101599598013241,0.972718642956187,NA,NA,"TOMM6","ENSG00000271522","PTP4A1","RPS10-NUDT3","HBB","MIR23AHG","ARPC1A","PSMA2","SPEN-AS1","ENSG00000234961"
"CD4.IL22__F002","CD4.IL22",0.062495021255859,0.0430443152771705,0.00983014201789566,NA,NA,"MLH3","CLP1","SETD4","ENSG00000273428","ZNF552","UNKL","STK11IP","SLC22A5","ATP6V0D1-DT","ZCWPW1"
"CD4.IL22__F003","CD4.IL22",0.0125988718458996,0.086152108432144,0.844849013483126,NA,NA,"ENSG00000271522","ENSG00000234961","ATXN7","CKAP4","ABHD14A","SMAD7","PMF1","LINC01882","COL6A3","ENSG00000274712"
"CD4.IL22__F004","CD4.IL22",0.0135403960961734,0.0972412591978205,0.00303882292627564,NA,NA,"CD14","VCAN","SERPINA1","FCN1","S100A12","SLC11A1","FCER1G","CD300E","PILRA","PLBD1"
"CD4.IL22__F005","CD4.IL22",0.0111165343923035,0.0874724306020776,0.00229428804157562,NA,NA,"ZNF836","FAM174A","SLC35F5","SMARCD2","LMO7","SEC24A","LINC00265","KMT5C","TRBV4-1","LZTS2"
"CD4.IL22__F006","CD4.IL22",0.00983326731873195,0.0920915510692195,0.0310623963901558,NA,NA,"GALNT1","ADRB2","ALKBH1","CHDH","CYB561D1","ZNF7","GPR132","PPIP5K1","BLM","SMARCD3"
"CD4.IL22__F007","CD4.IL22",0.0127468122969081,0.089297457712304,0.00897981793914963,NA,NA,"SLC4A10","LINC01644","ENSG00000271857","TPBG","CYTH3","EDARADD","AVPI1","GNAO1","LIMS2","TRIQK"
"CD4.IL22__F008","CD4.IL22",0.0100540197101557,0.0959489615290847,0.00113345218805232,NA,NA,"HS3ST3B1","JCHAIN","IGHV4-34","ENSG00000272256","FAR2","ENSG00000261449","TRAV8-3","ZNF674-AS1","GCH1","S1PR1-DT"
"CD4.IL22__F009","CD4.IL22",0.0110330518005408,0.0865594888763546,0.00866364969051293,NA,NA,"TRGV3","LY6G5C","OSM","TRBV4-2","PGM3","ASNS","SPSB2","MIR155HG","ZMIZ1","EIF3C"
"CD4.IL22__F010","CD4.IL22",0.0132134246841341,0.362827088323775,0.0338150465834723,NA,NA,"RPS4Y1","DDX3Y","EIF1AY","UTY","USP9Y","KDM5D","XIST","ZFY","PPP1R2C","LINC00278"
"CD4.IL22__F011","CD4.IL22",0.0109751563920569,0.0960711582087996,0.00054235536312164,NA,NA,"TRAV26-2","ZNF85","AKR1C3","CLP1","SDHAF4","ZNF799","HDAC11","CDO1","LITATS1","CEP112"
"CD4.IL22__F012","CD4.IL22",0.0106199263011887,0.0851082975502833,0.0697627700105516,NA,NA,"CLIC3","GK5","OXSM","RTTN","ZNF316","ENSG00000228427","GPAT3","LARP4B","FAH","KLRD1"
"CD4.IL22__F013","CD4.IL22",0.0094294709570797,0.106205649332073,0.000116125747418091,NA,NA,"RSAD2","IFIT3","IFIT1","USP18","IFI44L","CMPK2","LAMP3","SLC36A4","UBE2M","DHX58"
"CD4.IL22__F014","CD4.IL22",0.0106844012735072,0.0877826564040781,0.00462520318188422,NA,NA,"SWT1","TRBV27","OLFM2","ZDHHC21","YBX3","MORC4","EEF1AKMT3","ZNF782","CHKA","CPEB2"
"CD4.IL22__F015","CD4.IL22",0.0087574016823383,0.0978834745764272,0.000176964562879263,NA,NA,"ENSG00000226310","GEMIN5","CDHR3","ANO8","FCN1","FBXL16","CCL4","ZNF621","ENSG00000272277","CCDC125"
"CD4.IL22__F016","CD4.IL22",0.00894861083965394,0.0930722332911492,0.00227393795618614,NA,NA,"CCNG2","MMP25","N6AMT1","MXI1","CKAP2-DT","ASNS","ACER3","SERPINB8","MIR3667HG","F5"
"CD4.IL22__F017","CD4.IL22",0.00924989882603914,0.0889989349993054,0.000209468339165209,NA,NA,"FGGY","FBXL16","PHF2","TMEM238","TLE2","OSBPL11","DBNDD2","TRBV5-6","JRKL","CCDC138"
"CD4.IL22__F018","CD4.IL22",0.00924740278585637,0.0911295643211229,0.00242678128242687,NA,NA,"ZEB1-AS1","LINC02265","ZNF771","ZNF605","ZNF790","ZNF562","FXN","RAB40B","ARL6","DAG1"
"CD4.IL22__F019","CD4.IL22",0.00915863126029978,0.092971377286345,0.0224230410732414,NA,NA,"HRH2","TSPAN15","ARMCX4","DMXL2","CCDC61","GSTM3","KDM4B","SLC36A4","GCNT1","GALE"
"CD4.IL22__F020","CD4.IL22",0.00809460063468334,0.093692241116361,0.00818862864581479,NA,NA,"F12","MIR155HG","IFFO2","ZCCHC4","LYL1","TNFAIP2","STK35","FGR","CENPH","ERICH6-AS1"
"CD4.IL22__F021","CD4.IL22",0.0087197246846275,0.10090159533699,0.000422824670956354,NA,NA,"DNAAF9","TRIM16","CTNNBIP1","PFN2","STXBP1","BOLA1","WDPCP","CCDC146","LINC02901","SMN2"
"CD4.IL22__F022","CD4.IL22",0.00820275496809133,0.0959893951722267,9.89379847038186e-05,NA,NA,"GNA12","CEP128","LRRC8A","UNC119B","ENO3","HARBI1","RABL3","VNN2","PSTK","TRMT13"
"CD4.IL22__F023","CD4.IL22",0.00848287957671746,0.0958208730021708,0.0112115998702503,NA,NA,"FANCA","EXOSC2","SIDT2","ZNF232","SPMIP8","ITGAV","BTBD8","SEC24A","ITGAM","ACSS2"
"CD4.IL22__F024","CD4.IL22",0.00886876283153277,0.0979711964051682,0.000209456277093364,NA,NA,"NBPF3","KLHDC1","RIT1","RASD1","SH3GLB2","TRAV35","ENSG00000267058","ZDHHC13","ZIK1","NFYB"
"CD4.IL22__F025","CD4.IL22",0.00728511227674463,0.097362976728962,0.000676633553750942,NA,NA,"TRBV4-2","CNOT6","MAIP1","SIMC1","SNAPC4","FKBP14","ENSG00000268584","KDF1","UBE2W","ENSG00000272195"
"CD4.Naive__F001","CD4.Naive",0.160084085537276,0.112155427921455,0.995622931823479,NA,NA,"TOMM6","RPS10-NUDT3","ENSG00000271522","HBB","PTP4A1","SPEN-AS1","ENSG00000234961","PINX1","PSMA2","TMEM238"
"CD4.Naive__F002","CD4.Naive",0.0453177598246482,0.05100750591596,0.0401998135828895,NA,NA,"NOG","PLLP","EDAR","EPS8","NBPF3","TRAV10","ZNF585B","ZNF672","GLYCTK","SLC25A19"
"CD4.Naive__F003","CD4.Naive",0.0162710912671705,0.119442585856634,0.946705307392556,NA,NA,"ATXN7","ENSG00000272159","DPP3-DT","TOMM6","ENSG00000272092","ABCF2","ENSG00000271522","ENSG00000274712","PTP4A1","ARPC1A"
"CD4.Naive__F004","CD4.Naive",0.0269955051863603,0.261976864389394,0.00914245529073152,NA,NA,"IGLV3-25","IGLV3-21","IGKV4-1","IGKV3-20","IGKC","IGLV3-1","IGKV3-11","IGLV1-40","IGLC2","JCHAIN"
"CD4.Naive__F005","CD4.Naive",0.0132896758962328,0.209824324095693,0.049506125753177,NA,NA,"IFIT3","IFI44L","IFIT1","RSAD2","CMPK2","OAS1","USP18","IFI27","OASL","LAMP3"
"CD4.Naive__F006","CD4.Naive",0.0141514428391116,0.1844535045712,0.0137142255544148,NA,NA,"FCN1","VCAN","SERPINA1","S100A12","CD14","SPI1","MNDA","CYBB","S100A9","MAFB"
"CD4.Naive__F007","CD4.Naive",0.0185054609270995,0.454601925553389,0.0063118354124609,NA,NA,"RPS4Y1","DDX3Y","XIST","UTY","USP9Y","EIF1AY","KDM5D","ZFY","LINC00278","TTTY14"
"CD4.Naive__F008","CD4.Naive",0.0120119917141506,0.0767485806982881,0.000314191758754492,NA,NA,"MIER2","ZNF324B","NR2F6","RAB20","ENSG00000251661","BCOR","PFKM","ZNF747-DT","TRAV8-1","ACTA2"
"CD4.Naive__F009","CD4.Naive",0.0129687200612416,0.106798517249501,0.0116150071127059,NA,NA,"TNFRSF18","TMEM273","CCR4","ADAM23","CCR6","AUTS2","TTC39C-AS1","FRY","RHOC","HOPX"
"CD4.Naive__F010","CD4.Naive",0.00993009308735925,0.0810995957448385,0.000872187140492672,NA,NA,"TRIM47","KCNK12","PRDM8","PELO","UBE2W","C17orf67","GIN1","CLECL1P","CLN8","TUBB2A"
"CD4.Naive__F011","CD4.Naive",0.0108354073562689,0.0844074078648058,0.00246105689021218,NA,NA,"ZNF230","SLC14A1","ENSG00000260496","ENSG00000275765","LFNG","KHDC1-AS1","CD200","FZD6","ZNF449","ZNF438"
"CD4.Naive__F012","CD4.Naive",0.0111011162206898,0.086514997701937,0.00428358811513618,NA,NA,"NEK11","ENTR1","UBFD1","SYCP2","PINK1","CLIC3","IGKV6D-21","GTSCR1","TRPC1","ZDHHC8"
"CD4.Naive__F013","CD4.Naive",0.0094450151337808,0.0823334501479955,0.00694143128378313,NA,NA,"SETD9","PDP2","CNTROB","MAP3K12","ENSG00000246225","PPP1R3D","DNHD1","ZNF771","LY6E-DT","CENPQ"
"CD4.Naive__F014","CD4.Naive",0.00713093748792577,0.0893649203257864,0.0019662694402956,NA,NA,"MON1A","ZNF567-DT","HPGD","TRBV25-1","MCOLN1","ENSG00000275765","MUC1","ZNF607","ADGRE1","EGLN2"
"CD4.Naive__F015","CD4.Naive",0.00819927280512681,0.0893193046662778,0.00149756598396914,NA,NA,"TSNAX","CTNS","GLYCTK","ZDBF2","TNK1","CD40","HLA-DQB1","GM2A","TRAK1","TRAV19"
"CD4.Naive__F016","CD4.Naive",0.00874037761758051,0.0879759685110122,0.000593664145521947,NA,NA,"C1orf21","MSRB1","KLRD1","GPAT3","ABCA2","STAP1","CD59","CAPN15","RGL1","SLFN11"
"CD4.Naive__F017","CD4.Naive",0.00707038092568879,0.0948496225479027,0.0166400169043382,NA,NA,"IGKV2-24","DVL1","ENSG00000276136","STX11","AREG","UQCRHL","TMEM238","KLHL2","ZFPM1","C2CD2L"
"CD4.Naive__F018","CD4.Naive",0.00792709388459925,0.0848511333022692,0.000740820682621265,NA,NA,"RAD54L2","LIPT2","CENPB","GTPBP6","SH3BP5-AS1","DACT1","LINC00467","USP38-DT","IKZF2","CPT1B"
"CD4.Naive__F019","CD4.Naive",0.00695030836841981,0.0952709510407216,0.000533270555374693,NA,NA,"FUT7","EPB41L5","SLX1A","CD99L2","PCGF3-AS1","KLF16","SLC39A11","CNOT6","PYCR1","STX11"
"CD4.Naive__F020","CD4.Naive",0.0124149449635725,0.113566115331863,0.00091608215553406,NA,NA,"CAVIN2","MYL9","SPARC","PF4","TREML1","GNG11","NRGN","PPBP","PTGS1","RGS18"
"CD4.Naive__F021","CD4.Naive",0.00835351606314353,0.0974360591198798,0.00407886338334241,NA,NA,"NOG","CLDN5","LINC00092","SOCS1","DCTN6","VWA5A","MYO1B","PRDM1","CRTAM","DSEL"
"CD4.Naive__F022","CD4.Naive",0.00716354076008598,0.0960077276149041,0.0028134966806369,NA,NA,"ARHGAP10","LINC01569","ALCAM","LINC00630","PRR5","PRKCE","FBP1","PARL","PSMA2","CSRNP2"
"CD4.Naive__F023","CD4.Naive",0.00758415122705842,0.0853867886053794,0.00115244333711304,NA,NA,"EXOC3-AS1","PLAUR","GMNN","CYP3A5","FAR2","NDUFA9","P2RX5","ASTN2","IFIT2","ENSG00000282199"
"CD4.Naive__F024","CD4.Naive",0.00738919316011982,0.0879137618868858,0.000280624451281174,NA,NA,"RTCA-AS1","PSMD6-AS2","MYL5","DDX19B","TRAV38-2DV8","TTC16","LINC00342","EIF3C","CACNA2D4","KCNQ1OT1"
"CD4.Naive__F025","CD4.Naive",0.0069114151045979,0.0898012479970846,0.00713674904903078,NA,NA,"TMEM200A","CHTF18","ARHGAP18","ZNF213","SLC11A1","MCOLN2","CLIC4","TXNDC5","SNTA1","IGHV3-53"
"CD4.Tfh__F001","CD4.Tfh",0.173939642408365,0.0654032958012101,0.892260779767802,NA,NA,"TOMM6","PTP4A1","ENSG00000271522","RPS10-NUDT3","MIR23AHG","HBB","SIAH2","TMEM238","YRDC","RNF187"
"CD4.Tfh__F002","CD4.Tfh",0.0755635362894382,0.0583767811955318,0.342414529823013,NA,NA,"ENSG00000271522","SPEN-AS1","U2AF1","PSMA2","ENSG00000285043","CCR4","FBXO6","MRPS17","FYCO1","TRIM34"
"CD4.Tfh__F003","CD4.Tfh",0.0266938691534613,0.0949461458547612,0.00676866560193753,NA,NA,"IGLV3-21","MZB1","IGKV3-20","IGLV3-1","JCHAIN","IGKC","IGLV6-57","IGKV3-15","IGLC1","IGHV3-23"
"CD4.Tfh__F004","CD4.Tfh",0.0241810786517174,0.0723536190452925,0.000829952927115905,NA,NA,"CHUK","TRIOBP","ST3GAL2","FOSL2","PIEZO1","ZNF398","TRBV6-1","LINC01871","TRBV3-1","ROCK2"
"CD4.Tfh__F005","CD4.Tfh",0.0227627530597562,0.0758171480146635,0.0116910567268476,NA,NA,"DTWD2","CALHM2","KLC4","DUSP3","ENSG00000272092","ZNF527","ZKSCAN4","PPIL1","WWOX","SSBP3"
"CD4.Tfh__F006","CD4.Tfh",0.0211061959269307,0.0783903243140017,0.0011155428602382,NA,NA,"SPATS2L","LINC00649","IFIT3","IFI27","IFI44L","ERCC6","STK39","OAS1","TSPAN3","TMEM203"
"CD4.Tfh__F007","CD4.Tfh",0.0226743619738081,0.074657486785645,0.0174830284932476,NA,NA,"HDAC6","ZNF701","DET1","RARG","TNFRSF10B","ANXA4","TOR1B","LINC02901","HELZ2","CYB561D1"
"CD4.Tfh__F008","CD4.Tfh",0.0193307974402826,0.0796082630721443,0.00254143108585278,NA,NA,"TMEM216","LDLR","NUP43","RBBP5","XPNPEP1","HIBCH","PHF6","LCORL","MINDY1","NADK"
"CD4.Tfh__F009","CD4.Tfh",0.0171241024861773,0.0802979536548334,0.000208390528524031,NA,NA,"C2orf76","UBE2Q1","ALKBH4","ENSG00000227627","OXSM","DENND6B","GPR137B","DGAT1","ACOT13","TRDV1"
"CD4.Tfh__F010","CD4.Tfh",0.0183197205465671,0.116644837148862,0.660895571883762,NA,NA,"ENSG00000272092","ATXN7","ENSG00000272159","ENSG00000254638","ENSG00000238258","ABCF2","DIABLO","ENSG00000271522","ENSG00000274712","DPP3-DT"
"CD4.Tfh__F011","CD4.Tfh",0.017660631785112,0.0807424477726979,0.00159101411955112,NA,NA,"IGSF6","NUDT18","TRBV6-2","TRBV29-1","TRAV21","ACTMAP","CETN3","CEACAM1","OSBP","CIC"
"CD4.Tfh__F012","CD4.Tfh",0.0148520313608987,0.0787277482468297,0.00172779993692943,NA,NA,"TUBD1","AGL","INPP5E","BOLA2","LZTR1","HDGFL2","ATF3","OPA3","PACS2","PRMT5-AS1"
"CD4.Tfh__F013","CD4.Tfh",0.0157143284663785,0.081222220432881,0.000933148377034132,NA,NA,"UBXN2B","RRP9","TMEM104","TRAV6","KLF16","EVA1C","CHCHD6","WDR83","ZNF236-DT","PLEKHG3"
"CD4.Tfh__F014","CD4.Tfh",0.0155912487522738,0.0778426016268421,0.000157530512713338,NA,NA,"TMEM120B","PDF","VPS18","LZTS2","MTX3","NFYA","PRRG2","MAST3","NINJ2","SPECC1L"
"CD4.Tfh__F015","CD4.Tfh",0.0169672369577093,0.0781789217572184,0.00491054285612403,NA,NA,"ZNF397","EXT2","SDHAF4","RMND1","ELOA-AS1","ABTB3","ADAMTSL5","ETAA1","STX18-AS1","BICDL1"
"CD4.Tfh__F016","CD4.Tfh",0.0148717388381669,0.0772697366332774,0.000314341431257742,NA,NA,"SLC35F5","DGCR2","LMAN2L","RACGAP1","GLCE","CTLA4","ERV3-1","STAP1","ATPAF2","ZNF672"
"CD4.Tfh__F017","CD4.Tfh",0.0125591278058796,0.079420249115942,0.000179082634501116,NA,NA,"ACP6","ZFAND4","STX3","TRAV20","SLC12A7","RHBDF2","CARS2","GEMIN4","DUS2","ROBO3"
"CD4.Tfh__F018","CD4.Tfh",0.0140110509657411,0.0807053890876044,0.0040719263105442,NA,NA,"BICRAL","WRNIP1","ATXN7L2","NDUFAF1","IFT80","SOCS5","C2orf42","TMEM184C","BBS4","MAP1A"
"CD4.Tfh__F019","CD4.Tfh",0.0124973521536882,0.0799011560229197,2.30884540267228e-05,NA,NA,"ZBED6","GID4","CCDC65","TMEM65","MIR181A1HG","DUSP5","BRPF3","CNPY2-AS1","MIR29B2CHG","ZRANB1"
"CD4.Tfh__F020","CD4.Tfh",0.0144419119741892,0.0788756968015778,0.00451148841680145,NA,NA,"DOK1","RP2","SLC35F6","CHUK","ENSG00000273338","TIMM8A","TKTL1","CIC","SMAD5","ATP6V1A"
"CD4.Tfh__F021","CD4.Tfh",0.0140683940057795,0.0816679680951824,0.0015651080591917,NA,NA,"MPV17L2","ADCK2","GATD1-DT","PCGF3-AS1","SLC26A11","KCTD17","CUBN","PKNOX1","CPVL","SNTB1"
"CD4.Tfh__F022","CD4.Tfh",0.0116702196468673,0.081653738730388,0.00120697288625752,NA,NA,"UVSSA","CACTIN","C20orf96","ZNF771","TMEM97","GPRASP1","ANKRD18A","PNPO","ENSG00000261804","ZNF845"
"CD4.Tfh__F023","CD4.Tfh",0.0112468455556983,0.0814020040432872,0.000263847043381985,NA,NA,"ZNF765","TNFRSF10B","TRMT44","CENPM","PPP2R2D","PICK1","HCCS","ATF3","RNF121","ZNF337"
"CD4.Tfh__F024","CD4.Tfh",0.0112254290571923,0.0826373071223174,0.00142530221744651,NA,NA,"RIDA","AXIN1","RITA1","RNASEL","PIK3C2B","DAGLB","MAP3K6","EIF3C","IFIT3","SPATS2"
"CD4.Tfh__F025","CD4.Tfh",0.00936553166311135,0.0891315088053838,0.00495970573784062,NA,NA,"NF1","VNN2","TGFBR3","SFMBT2","AARS2","FAM20B","NCOA6","TRIM65","RBM45","SMARCD3"
"CD8.EM__F001","CD8.EM",0.115098309459603,0.12003199096745,0.992719302010652,NA,NA,"TOMM6","PTP4A1","ENSG00000271522","RPS10-NUDT3","ARPC1A","MIR23AHG","HBB","PSMA2","PINX1","PARL"
"CD8.EM__F002","CD8.EM",0.0489424436956308,0.0478533050980725,0.0393625219271036,NA,NA,"PDGFB","SLC43A1","PAOX","TBL2","RFXAP","ZFP64","ZNF570","MANEA","BMPR1A","RNASEL"
"CD8.EM__F003","CD8.EM",0.0192763573883626,0.132850325955482,0.983015198205043,NA,NA,"ENSG00000271522","ENSG00000272092","ENSG00000272159","ATXN7","DPP3-DT","ENSG00000262202","ENSG00000274712","ENSG00000234961","U2AF1","SPEN-AS1"
"CD8.EM__F004","CD8.EM",0.0148377032217766,0.207371780456703,0.00259807832258438,NA,NA,"IGLV3-25","JCHAIN","IGKV3-11","IGKV4-1","IGKV3-20","IGKC","IGKV1-5","IGLV3-1","IGLV3-19","IGLC2"
"CD8.EM__F005","CD8.EM",0.0137968973015521,0.36722932993751,0.00106270456502428,NA,NA,"RPS4Y1","DDX3Y","UTY","USP9Y","EIF1AY","XIST","KDM5D","ZFY","LINC00278","PPP1R2C"
"CD8.EM__F006","CD8.EM",0.0123443354192205,0.0925798152711373,0.0218836805203031,NA,NA,"SMAD7","ID1","ENSG00000261449","RGS16","GDPD5","NOCT","ENC1","NACC2","IER3","DUSP10"
"CD8.EM__F007","CD8.EM",0.0116644256048179,0.127312248188416,0.0194839378802936,NA,NA,"IFI44L","RSAD2","IFI27","CMPK2","IFIT1","IFIT3","USP18","OAS1","RTP4","LY6E-DT"
"CD8.EM__F008","CD8.EM",0.011192205386425,0.0905973686662953,0.00213612930837225,NA,NA,"LINC03057","RASGRF2","EFCAB7","CHI3L2","UQCC6","KIF9-AS1","MCAT","PCCA","SETD9","TRAV8-6"
"CD8.EM__F009","CD8.EM",0.00882150690096484,0.0957535563513638,4.39646642509425e-05,NA,NA,"MFSD13A","IDUA","KIAA0513","DUSP16","OSGIN2","CDK13-DT","MAGEE1","MSC-AS1","PTPN12","CDC7"
"CD8.EM__F010","CD8.EM",0.00868234864142958,0.0964430365290698,0.00150591344183828,NA,NA,"GNAQ","LTC4S","LYN","IRF8","ZNF680","ERI1","CARF","ENSG00000277969","RBM12B","FBRSL1"
"CD8.EM__F011","CD8.EM",0.00859281453820566,0.0969492630131203,0.00326913846987285,NA,NA,"C4orf33","TRAV38-2DV8","CKAP2-DT","TEDC1","HIRA","DAPK2","ENSG00000266088","ACSM3","C3AR1","GADD45G"
"CD8.EM__F012","CD8.EM",0.00815545106875037,0.0985530914678745,8.37797608102382e-05,NA,NA,"ZNF230","IGKV1D-13","IRAK1","POLR1A","TTC24","VPS33A","ENSG00000226266","SLC35C1","FCRLB","ZMYM3"
"CD8.EM__F013","CD8.EM",0.00817246785094059,0.0948421054325108,0.00724519186234661,NA,NA,"SMARCD2","CCDC117","APOBEC3F","BAIAP3","TRBV4-1","PDCD2L","CXCR6","EIF3C","WDR24","SLC4A10"
"CD8.EM__F014","CD8.EM",0.0071858179680559,0.102743385157669,0.000881744530251016,NA,NA,"H6PD","PRMT5","ACOT7","MBD3","CDCA7L","ADAM22","RNF185","TRDV1","CCHCR1","LY75"
"CD8.EM__F015","CD8.EM",0.007934753666239,0.111939438282278,0.00207128374332992,NA,NA,"KLHL8","MTFR1","RENBP","SAC3D1","C3orf62","FAAH2","DBP","DMTN","STRN3","GCC1"
"CD8.EM__F016","CD8.EM",0.00801656001943919,0.107944325538026,0.000259000346519078,NA,NA,"MPIG6B","SPARC","GNG11","RGS18","CAVIN2","PF4","SNCA","PRKAR2B","NAPA-AS1","KHDC1"
"CD8.EM__F017","CD8.EM",0.011023776518701,0.159954887812151,0.0123664504170655,NA,NA,"VCAN","SERPINA1","FCN1","SPI1","CD14","CLEC7A","PLBD1","CD68","MNDA","S100A12"
"CD8.EM__F018","CD8.EM",0.00834061810458627,0.0997621320087635,0.000253216506775473,NA,NA,"CASZ1","DGKH","DMWD","NSMF","DDN-AS1","GYS1","PMF1","ENC1","ENSG00000247121","RASGRF2"
"CD8.EM__F019","CD8.EM",0.0075599886024716,0.102081279199117,0.00221070276643014,NA,NA,"PPAN","GGT1","ENSG00000286070","FZR1","PDXP","IFT80","RSPH3","BCL6","KCNK6","SLC10A7"
"CD8.EM__F020","CD8.EM",0.00715684189047092,0.095665082007855,0.00168319178617165,NA,NA,"ZBTB49","MYEF2","TMEM106A","BOLA1","RFT1","GFI1","LRFN1","MANEA","VKORC1","SLC35F2"
"CD8.EM__F021","CD8.EM",0.00711879964572935,0.104302256574733,0.0140399608959002,NA,NA,"TKTL1","HIC2","ME3","TAF1A-AS1","CDC23","DDN-AS1","RAB3A","TAF1A","GFOD1","GEMIN4"
"CD8.EM__F022","CD8.EM",0.00632435592505105,0.105489134615344,0.00123555898544037,NA,NA,"SLC10A7","TRAV35","PITPNA","DDI2","LINC01970","FEZ1","ZNF566","STK38L","PFKM","APBB3"
"CD8.EM__F023","CD8.EM",0.00687356685142149,0.10561500855664,0.000148247418040409,NA,NA,"NFE2L3","P3H4","ADNP","PLOD1","PURB","RFT1","ANKS3","ZNF181","GPR55","GGACT"
"CD8.EM__F024","CD8.EM",0.00702432540358434,0.109813058071822,0.000888317993390048,NA,NA,"STK38L","PTPN12","ADAM19","DNAAF9","FAM111A-DT","SYNGR1","SPATS2L","PARPBP","CCDC191","SMKR1"
"CD8.EM__F025","CD8.EM",0.00642797660840668,0.103853482992271,0.000223064488860623,NA,NA,"CENPJ","FCRLB","VSIG1","AGBL2","CASS4","PPP1CB-DT","TRAV12-1","RPS21-DT","PKD1","ERI1"
"CD8.Naive__F001","CD8.Naive",0.163591854846628,0.103697803609808,0.981949079423173,NA,NA,"TOMM6","ENSG00000271522","PTP4A1","RPS10-NUDT3","HBB","SPEN-AS1","ENSG00000234961","PSMA2","PINX1","TMEM238"
"CD8.Naive__F002","CD8.Naive",0.0658986840496171,0.0442967342080568,0.0145248541809161,NA,NA,"NRCAM","NOG","FBLN2","N4BP3","SLC16A10","SLC35A3","GPR160","MBNL3","ENSG00000272277","SYNGR1"
"CD8.Naive__F003","CD8.Naive",0.0365827798228993,0.108947018457562,0.0162535691858266,NA,NA,"PTGDR2","NEFL","ZP1","TNFRSF4","CDKN2A","EDN3","ADAM23","NCF4","CCR4","ADAM19"
"CD8.Naive__F004","CD8.Naive",0.0190793950829771,0.125710734956855,0.916645153236551,NA,NA,"ATXN7","DPP3-DT","TOMM6","ENSG00000272159","ENSG00000272092","C17orf49","KLRK1","ENSG00000271522","ABCF2","PTP4A1"
"CD8.Naive__F005","CD8.Naive",0.0154251621761226,0.269406946196465,0.00708997781510755,NA,NA,"IGLV3-25","IGLV3-21","JCHAIN","IGLC2","IGKC","IGKV3-11","IGLV3-1","IGKV4-1","IGKV3-20","IGKV1-5"
"CD8.Naive__F006","CD8.Naive",0.0162714330789569,0.417897398534592,0.00361299696009375,NA,NA,"RPS4Y1","DDX3Y","UTY","EIF1AY","XIST","USP9Y","KDM5D","ZFY","PPP1R2C","TTTY14"
"CD8.Naive__F007","CD8.Naive",0.012857179769265,0.0801394876915737,0.0755498043380158,NA,NA,"TMEM238","UQCRHL","IGKV2-24","DEAF1","MYO6","TRAV1-1","DNAJC5","LYZ","MYL9","ATP8A2"
"CD8.Naive__F008","CD8.Naive",0.0100876528279818,0.0843262264220882,0.00261077073710588,NA,NA,"C8orf58","MSRB2","TRBV29-1","PERP","FOSL2","NKRF","ENSG00000254802","AOAH","ZNF782","RBMS2"
"CD8.Naive__F009","CD8.Naive",0.01133865353126,0.0690482208386525,0.000261883643425196,NA,NA,"CSNK2B","CKAP4","RBM11","SNURF","CTSD","DDX3Y","ENSG00000272906","GNGT2","TYROBP","CFD"
"CD8.Naive__F010","CD8.Naive",0.00886391632681123,0.10736498731139,0.000958628223474873,NA,NA,"ENSG00000273428","ENSG00000270361","EPS8","KLF2-DT","PLK2","ENSG00000270022","GCC2-AS1","MIR23AHG","LINC01220","LINC02901"
"CD8.Naive__F011","CD8.Naive",0.0117652786422716,0.166823538718724,0.00698254205044513,NA,NA,"APOBEC3A","MNDA","FCN1","CYBB","CD14","S100A12","SERPINA1","CLEC7A","LYZ","MAFB"
"CD8.Naive__F012","CD8.Naive",0.00836705870126527,0.0928189590033698,0.00401742014868761,NA,NA,"SLX4IP","SEC31B","ENSG00000285159","ADAM22","SETD9","ENSG00000272688","CENPP","RBKS","TBXA2R","DYNC2LI1"
"CD8.Naive__F013","CD8.Naive",0.00946519599417006,0.0892189358872233,0.00169591875277743,NA,NA,"CAMKK2","TRBV13","APAF1","C20orf96","SPDL1","HOXB2","TRBV12-4","ALG10","JHY","URB2"
"CD8.Naive__F014","CD8.Naive",0.00839260151960592,0.0897760622247738,0.000211246982307356,NA,NA,"SLC4A2","ZNF526","CNN3","CTLA4","HSD17B14","VPS33B","GSE1","DHFR","WDR91","ULK1"
"CD8.Naive__F015","CD8.Naive",0.00872787604133104,0.088740426022168,0.00245080398159247,NA,NA,"SLFN12","CEROX1","SNHG19","GORASP1","ZEB1-AS1","RNF187","CHEK2","ZNF714","CHI3L2","SH3GLB2"
"CD8.Naive__F016","CD8.Naive",0.00799355105899852,0.0911487931732175,0.000117038570160865,NA,NA,"UBFD1","CEP41","FAM157C","IRF4","ENSG00000278932","ZNF256","CFAP54","IL2RA","ZFP1","SMN2"
"CD8.Naive__F017","CD8.Naive",0.00757547957946502,0.0965048060230282,0.000796923452896239,NA,NA,"TRBV4-1","LINC01891","GMNN","CHST14","TRAV8-4","CEP19","STARD4","AARSD1","MAP3K6","KCNQ1OT1"
"CD8.Naive__F018","CD8.Naive",0.00792703483335435,0.0928259538072894,0.00151259316264179,NA,NA,"ZNF598","TGFBR3","TMEM187","RECQL5","RP2","ZXDC","POP1","LINC02901","NICN1","MRPL53"
"CD8.Naive__F019","CD8.Naive",0.00871458422679772,0.0896283847659945,0.00211895400629352,NA,NA,"EXOSC4","MAN2A2","STARD9","FAM20B","SRF","ZBTB2","CH25H","ZBTB16","GZMK","GPR18"
"CD8.Naive__F020","CD8.Naive",0.00719351381098098,0.100040336792328,0.000294892348308787,NA,NA,"SS18L1","GLCE","ZNF630","ENSG00000260274","TMC3-AS1","FANCB","SLC35A3","EPHX1","STIMATE","SLC43A3"
"CD8.Naive__F021","CD8.Naive",0.00987064600155323,0.176967339511853,0.0103196983563455,NA,NA,"IFIT3","IFI44L","IFIT1","IFI27","RSAD2","OAS1","CMPK2","USP18","OASL","SPATS2L"
"CD8.Naive__F022","CD8.Naive",0.0066677773073473,0.0951716977032259,0.00236267607032653,NA,NA,"TRBV14","PLEKHA4","CDKN2C","MATR3","MATR3","NAP1L2","TRUB1","BOLA2B","ZSCAN16","ZNF549"
"CD8.Naive__F023","CD8.Naive",0.00672484786948816,0.0961843852022433,0.000292062725930893,NA,NA,"EXD2","LMTK3","GDF11","ZSCAN2","LIPE","LIPE-AS1","LINC00528","TRBV10-3","PITPNM2","NEFL"
"CD8.Naive__F024","CD8.Naive",0.00685654843734346,0.0967669990995634,0.00216732847982737,NA,NA,"RFX7","PKIG","ZNF439","POMGNT1","ZNF684","TAF1C","TRAV22","UQCC6","ETFDH","ZNF624"
"CD8.Naive__F025","CD8.Naive",0.00796414751827841,0.0974347882835156,0.000943222258710002,NA,NA,"APLF","ENSG00000280071","OSBPL5","UBE2E2","ZNF683","GLCCI1","NOG","ZNF805","MIEF2","TUBG1"
"CD8.TE__F001","CD8.TE",0.129869464537866,0.115221240071088,0.99528444505901,NA,NA,"TOMM6","PTP4A1","ENSG00000271522","RPS10-NUDT3","HBB","MIR23AHG","ARPC1A","PINX1","BOLA2","PARL"
"CD8.TE__F002","CD8.TE",0.0638410068397106,0.0455011380155221,0.143922463897944,NA,NA,"CD4","NACC2","CFH","ACSL1","B3GAT1","C10orf88","NMUR1","ZC3HC1","SRF","HSPA1A"
"CD8.TE__F003","CD8.TE",0.015666640274531,0.141020652020901,0.840706065156799,NA,NA,"ENSG00000272092","ENSG00000272159","ENSG00000271522","ENSG00000274712","DPP3-DT","ABCF2","TOMM6","ATXN7","ENSG00000262202","LINC01882"
"CD8.TE__F004","CD8.TE",0.0132170812628509,0.201319689557646,0.0191525585190057,NA,NA,"IFI44L","RSAD2","IFI27","IFIT1","CMPK2","IFIT3","OAS1","MX1","USP18","OAS3"
"CD8.TE__F005","CD8.TE",0.0213683107469803,0.316854857606163,0.00387472099635457,NA,NA,"IGLV3-25","IGLV3-1","IGLV3-21","JCHAIN","IGHV4-39","IGLV1-40","IGLC2","IGKV4-1","IGKV3-20","IGKV1-5"
"CD8.TE__F006","CD8.TE",0.0124816367348908,0.0830955515484491,0.0129192409216955,NA,NA,"PRH1","IGKV2-24","ZNF778","ATP1A3","CNOT6","ZNF319","S100A9","COL18A1","TTLL11","TMEM238"
"CD8.TE__F007","CD8.TE",0.0146928965771242,0.0893977802690816,0.0178250288879645,NA,NA,"HAVCR2","PACSIN1","CD38","HAPLN3","SERPINE1","MYL6B","ARHGAP31","CLCF1","TM4SF19","NPDC1"
"CD8.TE__F008","CD8.TE",0.0120207968854926,0.0836036299369172,0.00412929106396827,NA,NA,"B3GLCT","HIGD1A","FBXL6","ZNF527","ENSG00000235978","NUP35","ZNF627","OXSM","KAT14","USP44"
"CD8.TE__F009","CD8.TE",0.0141296502701482,0.147651724187424,0.0151422924309307,NA,NA,"S100A12","CD14","FCN1","LILRB2","LYZ","VCAN","S100A9","SPI1","MNDA","CLEC7A"
"CD8.TE__F010","CD8.TE",0.0104437249740592,0.0823504318000219,0.000217221460986241,NA,NA,"TOLLIP-DT","NUAK2","CASTOR2","PITPNA","ZNF736","SLC26A2","HCFC2","PABPC1L","DGKH","NFKBIE"
"CD8.TE__F011","CD8.TE",0.0150573569691774,0.47064853251164,0.0103692401506267,NA,NA,"RPS4Y1","DDX3Y","UTY","XIST","USP9Y","EIF1AY","KDM5D","ZFY","LINC00278","TSIX"
"CD8.TE__F012","CD8.TE",0.0108152709883822,0.0948919174146763,0.00732457767248706,NA,NA,"ZNF322","ALG9","PSPH","ENSG00000232855","CDCA7L","RFNG","RPP25","DOLPP1","TMEM202-AS1","ETV2"
"CD8.TE__F013","CD8.TE",0.0105471341076805,0.0918530032041259,0.0068300630872199,NA,NA,"ZNF765","TRBV11-2","TP53INP2","INPP5E","PRKACA","CENPO","ZNF510","FRMD4B","STAM2","SMCR8"
"CD8.TE__F014","CD8.TE",0.00929271649089691,0.0909070038100489,0.000823953434178076,NA,NA,"TRAV5","PPP1R3B","PPIL1","NRGN","IQCG","CCNG2","ZNF746","CAVIN2","ENTREP3","SNX30"
"CD8.TE__F015","CD8.TE",0.0109473488641504,0.0831504565951905,0.00182132206874048,NA,NA,"SNAI1","CENPJ","CERNA1","YTHDF1","TIPARP-AS1","ZNF700","ZNF461","TP53INP1","FGL2","CPEB3"
"CD8.TE__F016","CD8.TE",0.0089520960997996,0.091158558646236,0.000641385576407039,NA,NA,"DHX33","BOLA2B","FKTN","IL5RA","MRPL23","SLC20A2","MLH3","ZNF273","ENSG00000237188","ZSCAN5A"
"CD8.TE__F017","CD8.TE",0.00927240756239765,0.0889505801186971,0.000855067039146802,NA,NA,"TRAV14DV4","DAB2","TRAV13-2","BICDL1","PCGF3-AS1","CLDND2","ZNF69","TLR1","DAPK2","USP38-DT"
"CD8.TE__F018","CD8.TE",0.00853097662203909,0.0909399647285353,0.000826450032564129,NA,NA,"EAF2","TM7SF2","ENPP5","TMEM106A","FAM219A","TCEAL4","FANCF","KIF1B","IFFO2","CENPQ"
"CD8.TE__F019","CD8.TE",0.00806596474299988,0.0961205826244898,0.00451053977330952,NA,NA,"SLX4","IGHV1-2","FAM229A","DDX31","ZNF230","PTCH2","NPHP4","ZNF45","CASTOR1","KPTN"
"CD8.TE__F020","CD8.TE",0.00841962638982954,0.0947592911335145,0.00110229689381497,NA,NA,"PPP1R3B","DNAJC25","IGKV1-9","TMPO-AS1","KSR1","NUBPL","DDN-AS1","TRIM59","NOL12","IGLV3-25"
"CD8.TE__F021","CD8.TE",0.0105381769767683,0.0856202150300726,0.00929434391791683,NA,NA,"PAK1","PRMT6","IGLC3","ENC1","CRIP2","PHLDA1","TTLL4","PPP1R16A","STK3","HSD17B1-AS1"
"CD8.TE__F022","CD8.TE",0.00879834481438112,0.0945770991729413,0.000368720076388059,NA,NA,"IRF8","IRF4","HOXB4","FUCA1","KMT5C","PCK2","PIGW","CNNM3","ZNF354B","C2CD2"
"CD8.TE__F023","CD8.TE",0.0093582076960186,0.0898534414350672,3.11773801350328e-05,NA,NA,"BANK1","ENSG00000268584","HLA-DQA2","LINC02086","THAP8","ABCG1","FAM174A","SPRYD7","MFSD4B","MBNL1-AS1"
"CD8.TE__F024","CD8.TE",0.0139176952825704,0.100780933043061,0.0323107056953936,NA,NA,"MAL","IL6R","SPINT2","EDA","SCML1","CCR7","TSHZ2","RCAN3","MYC","SLC40A1"
"CD8.TE__F025","CD8.TE",0.00738752276343913,0.0939914707051686,0.00106624031667738,NA,NA,"GRAP","BORCS8","PERP","QNG1","ZXDB","SREBF1","ENSG00000272688","STK11","ENSG00000272667","ARL6"
"CD83_CD14_mono__F001","CD83_CD14_mono",0.165747830014817,0.102785558730717,0.990904504664492,NA,NA,"MIR23AHG","TOMM6","HBB","PTP4A1","COL6A3","RPS10-NUDT3","ENSG00000268734","EEF1G","SPEN-AS1","ZCWPW2"
"CD83_CD14_mono__F002","CD83_CD14_mono",0.0677496266504382,0.104560065313597,0.060316061388549,NA,NA,"IFI27","CLU","RNASE1","FAM20A","TMT1B","ANKRD22","USP18","IFIT1","ETV7","OTOF"
"CD83_CD14_mono__F003","CD83_CD14_mono",0.0540496790994799,0.052931334040202,0.13431256222852,NA,NA,"SLC46A3","COG4","USP28","WDR81","MFSD8","EIF4ENIF1","ATP6V0A2","UBN2","MS4A14","IPO8"
"CD83_CD14_mono__F004","CD83_CD14_mono",0.0230976955130229,0.147398350585365,0.948478842045623,NA,NA,"TOMM6","ENSG00000260805","ZCWPW2","PTP4A1","ENSG00000230074","ABCF2","ENSG00000272159","ENSG00000268734","ENSG00000272092","ENSG00000274021"
"CD83_CD14_mono__F005","CD83_CD14_mono",0.0216087993131692,0.0976453259726458,0.0170883679709519,NA,NA,"C15orf48","HES1","NRIP3","PHLDA1","NAB2","LINC03040","PRDM1","C11orf96","MMP19","IRAK2"
"CD83_CD14_mono__F006","CD83_CD14_mono",0.0156649020712935,0.105003837988564,0.00350866831142723,NA,NA,"KLRD1","SKAP1","KLRB1","CD8A","TC2N","SPOCK2","FGFBP2","IL7R","MAL","IL32"
"CD83_CD14_mono__F007","CD83_CD14_mono",0.012872336329458,0.0805646829200765,0.000877239555039201,NA,NA,"TMEM191B","MRPL39","GLI4","ZNF33B","IMMP1L","FAM131A","ZBTB47-AS1","UBL7-DT","SERPINB10","HOMEZ"
"CD83_CD14_mono__F008","CD83_CD14_mono",0.0131187271535301,0.0778442014115701,0.00149124650593997,NA,NA,"ENSG00000224363","IPO8","DBP","PTPN23","RPAP3-DT","LINC00662","DHX35","WDR81","AP5S1","ZC3H10"
"CD83_CD14_mono__F009","CD83_CD14_mono",0.0136337683724184,0.0691761316996369,0.000168994066463875,NA,NA,"HBA2","LONRF3","SLC39A10","ZC3H10","SH2B2","SCFD2","SPATA2L","IFNAR2","GPRIN3","LRG1"
"CD83_CD14_mono__F010","CD83_CD14_mono",0.0140024497678243,0.0665169302910281,0.0010360397771908,NA,NA,"TP53I11","ENSG00000272092","PLA2G7","PDE6H","IRAK2","MFSD13A","NME1","TAB3","CPEB3","PLB1"
"CD83_CD14_mono__F011","CD83_CD14_mono",0.0109202869485346,0.0777843866937714,0.00765655506042682,NA,NA,"TSNARE1","KCNQ1OT1","RABL2B","PPP5D1P","FAM185A","MICALL1","C1orf50","HDHD2","TSPAN2","DSC2"
"CD83_CD14_mono__F012","CD83_CD14_mono",0.0196038037718111,0.293665502832458,0.00890402879812409,NA,NA,"IGLV3-25","IGKV3-20","IGLV3-1","IGHG1","IGLV2-14","IGKV1-5","JCHAIN","IGHM","IGLC2","IGHA1"
"CD83_CD14_mono__F013","CD83_CD14_mono",0.0109253048365687,0.0808342462404597,0.000793163459776611,NA,NA,"PTDSS2","UNC5C-AS1","MYL11","BSCL2","LINC00921","ABLIM1","FAM24B","LY9","PCYT2","C2orf42"
"CD83_CD14_mono__F014","CD83_CD14_mono",0.0114040530305569,0.0827944741774205,0.00163807621876472,NA,NA,"PCGF6","TMED8","TBKBP1","BLOC1S5","TICAM2-AS1","DNAL1","ZNF444","HEG1","SDHAF3","PDE6G"
"CD83_CD14_mono__F015","CD83_CD14_mono",0.0111365906238075,0.079301208138488,0.000874277824446091,NA,NA,"ZNF493","TMEM135","SLX4IP","GNB5","THOP1","AMBRA1","SLC30A4-AS1","CD1A","SEC22A","ENSG00000267364"
"CD83_CD14_mono__F016","CD83_CD14_mono",0.00905628460441107,0.0844341914945671,0.00284621722538741,NA,NA,"LINC03072","LINS1","ZNF548","CA13","NFS1","GEMIN5","SCAMP1-AS1","ATP6V0E2","AGAP6","CKS1B"
"CD83_CD14_mono__F017","CD83_CD14_mono",0.0169059747472688,0.424237518752167,0.00117370738343301,NA,NA,"RPS4Y1","XIST","DDX3Y","UTY","EIF1AY","ZFY","LINC00278","KDM5D","USP9Y","TMSB4Y"
"CD83_CD14_mono__F018","CD83_CD14_mono",0.0102220829171916,0.0825045763220442,0.00166508429912212,NA,NA,"SMAD7","IRF4","CSRNP2","LINC01094","AKAP1-DT","MCM8","VARS2","MID1IP1-AS1","ZNF789","ENGASE"
"CD83_CD14_mono__F019","CD83_CD14_mono",0.0100194336378239,0.086256610130981,0.00276542584036238,NA,NA,"RSL1D1-DT","RAP2A","MPIG6B","PDE1B","PSPH","ASMTL-AS1","COG4","APOM","ZNHIT2","ARHGEF37"
"CD83_CD14_mono__F020","CD83_CD14_mono",0.00784769465235258,0.0833335852526557,0.00012798518767097,NA,NA,"CEACAM21","FOXO4","EXOSC2","ITSN1","ENSG00000280195","RASSF1-AS1","FN3K","HBA1","RAPH1","SIGLEC15"
"CD83_CD14_mono__F021","CD83_CD14_mono",0.0103906382251695,0.0793249670435683,0.000798806423649868,NA,NA,"ZNF169","ANKRD36","CCDC191","ENSG00000273204","ZNF841","LINC00471","LINC02901","ADAM12","SNAP47","ATF6-DT"
"CD83_CD14_mono__F022","CD83_CD14_mono",0.0138960096813223,0.18621595872593,0.00724214015353245,NA,NA,"OTOF","IFI27","IFIT1","SIGLEC1","IFI44L","USP18","GMPR","CCL2","LGALS3BP","IFITM1"
"CD83_CD14_mono__F023","CD83_CD14_mono",0.00833707383881743,0.0874932419777019,0.00931243308846857,NA,NA,"CSGALNACT1","LINC00513","SPATA2L","TRMT61A","RNF8","P2RY6","LINC02446","NHEJ1","HSD17B8","LITATS1"
"CD83_CD14_mono__F024","CD83_CD14_mono",0.00879970529392627,0.0906839738542383,0.00010275114535134,NA,NA,"GATD1","UTP14C","WLS","SLC25A35","ZNF749","MPND","MIR762HG","EID2","TMT1B","TNFSF15"
"CD83_CD14_mono__F025","CD83_CD14_mono",0.00722115963701684,0.0913598294401752,0.0015572873390754,NA,NA,"INPP5B","NOD1","MGAM","MSMO1","ZSWIM9","NUP88","CCDC71L","ITGB8","TCP11L1","LINC02970"
"MAIT__F001","MAIT",0.103890001957289,0.115229129718022,0.990161571933715,NA,NA,"TOMM6","ENSG00000271522","PTP4A1","RPS10-NUDT3","HBB","ARPC1A","PSMA2","MIR23AHG","ENSG00000234961","BOLA2"
"MAIT__F002","MAIT",0.0450551879595873,0.0522604644817356,0.0318151323573534,NA,NA,"TRAV13-1","CREBL2","CLK2","GPR68","GPN3","TRAV38-2DV8","TNFAIP8L2","ARHGAP35","TMEM203","NDRG2"
"MAIT__F003","MAIT",0.0182618835636073,0.120212606445301,0.0100468690475933,NA,NA,"FGFBP2","RRM2","TYMS","MKI67","PRSS23","ADGRG1","LINC02446","GZMB","CX3CR1","FCGR3A"
"MAIT__F004","MAIT",0.0228730377898434,0.12043851707997,0.0554684229604858,NA,NA,"ADAM12","SLC4A10","SCART1","ZBTB16","ME1","LINC01644","IL17RE","LTK","IL23R","SCRN1"
"MAIT__F005","MAIT",0.0139669001965746,0.118108093064306,0.890954375463558,NA,NA,"ENSG00000272092","C17orf49","ABCF2","TOMM6","ENSG00000271522","DPP3-DT","KLRK1","IGLV2-8","ARPC1A","PMF1"
"MAIT__F006","MAIT",0.0121820443755132,0.350588033918983,0.000598938575981436,NA,NA,"RPS4Y1","DDX3Y","UTY","XIST","EIF1AY","USP9Y","KDM5D","ZFY","PPP1R2C","LINC00278"
"MAIT__F007","MAIT",0.0122804037293359,0.101237511774114,0.00252158258754348,NA,NA,"TRBV18","ZYG11B","IL23A","APPL2","POMZP3","SLC27A1","SNAPC3","TMEM185A","GRAMD1B","NUDT8"
"MAIT__F008","MAIT",0.00850359841384905,0.1044727844734,0.000409030774536312,NA,NA,"BCS1L","IER5","ENSG00000262823","CBX4","ZBTB5","ALDH5A1","FAIM","ZNF594-DT","RALGPS1","RABL3"
"MAIT__F009","MAIT",0.00980157409474545,0.105781914857983,0.0050805882201304,NA,NA,"ZFAND3","KBTBD7","ST3GAL3","CCDC191","DNAH1","OTUD6B","GDPD5","TGFBR1","RFX7","FICD"
"MAIT__F010","MAIT",0.0100378160889422,0.124107463448631,0.021290291133311,NA,NA,"RSAD2","IFIT3","IFI44L","IFIT1","IFI27","USP18","OAS1","LAMP3","SNHG21","CMPK2"
"MAIT__F011","MAIT",0.00940299683679235,0.106684112402556,0.00580983015349166,NA,NA,"SGSM2","GPN3","VPS33B","TRAV4","ZNF862","ATOSB","TRAV5","SLC38A6","NSMF","GSKIP"
"MAIT__F012","MAIT",0.00790491544507474,0.111888692327112,0.00477273461969561,NA,NA,"AKAP1","ZBTB39","PCBP4","AGFG2","ZNF563","FAIM","LACTB2","INPP5F","LINC02245","ZBTB10"
"MAIT__F013","MAIT",0.0105476950258693,0.0975886085880801,0.00437376417512513,NA,NA,"DKK3","LRSAM1","CCZ1B","STK39","LENG8-AS1","WDR81","ZBTB6","MYLK-AS1","TRBV9","C2CD2L"
"MAIT__F014","MAIT",0.00805115809642258,0.106953928180918,0.000901448485508128,NA,NA,"SH3BP5L","EPS8","PTPN9","TSNARE1","CREBL2","BBC3","RFXAP","EIF3C","BCR","CHSY1"
"MAIT__F015","MAIT",0.0081377388608335,0.107106038211286,0.00870364832092708,NA,NA,"FOXO3","FUBP3","PRKCE","RHOB","SLC26A2","VSIG1","NENF","CDC34","RPGRIP1L","AUTS2"
"MAIT__F016","MAIT",0.0077462573358553,0.104625580810732,0.000360547955470133,NA,NA,"ABTB3","HEATR5A","MAP3K6","RARG","PDSS1","FDXACB1","UBA6-DT","TRIM34","NCOA6","CD36"
"MAIT__F017","MAIT",0.0075607705368391,0.111742043951114,0.00975122113741043,NA,NA,"DHDDS","HEXIM2-AS1","FUT8-AS1","PGBD2","EXOSC3","CETN3","CACNA2D2","FRMD4B","ZMYM6","MIEF2"
"MAIT__F018","MAIT",0.0052959491252595,0.105084404833861,1.44764976086528e-05,NA,NA,"ENSG00000286070","GGT1","SARNP","ZNF790","PLA2G15","DHDDS","ABHD15","BRMS1L","RFT1","ELF4"
"MAIT__F019","MAIT",0.00651245089012167,0.105076077129114,0.001185519932943,NA,NA,"ZNF845","NPTN","SPPL2B","RNF212","ZC4H2","NR1D1","SLC22A17","CENPO","KLHDC10","WDR47"
"MAIT__F020","MAIT",0.00856305312961399,0.107634312866741,0.0120882270040358,NA,NA,"LANCL2","BORA","ENSG00000226310","CD79A","C14orf28","ENSG00000244459","ZNF550","ATXN7L3","SAMD10","TNFAIP1"
"MAIT__F021","MAIT",0.00631774805366458,0.118146986518414,0.00617855376252226,NA,NA,"TMEM267","LIN37","FAM229B","GCC1","PHLDA1","BAHD1","TCF19","NR4A3","CCDC34","TIPIN"
"MAIT__F022","MAIT",0.00741597651278157,0.106469020051231,0.0147167934854424,NA,NA,"BCR","IGLV3-9","BICDL1","ZBTB7B","MPP7","UBOX5","HMGCR","ZDHHC2","ZNF701","GPR68"
"MAIT__F023","MAIT",0.00750490307111963,0.121577469780276,0.00223251017424045,NA,NA,"MNDA","FCN1","CFD","VCAN","LETM2","CD14","S100A12","CSF3R","SPI1","TRBV29-1"
"MAIT__F024","MAIT",0.00768903511885466,0.105612584851686,0.0127334628631472,NA,NA,"GEMIN5","CRTAM","MTNAP1","TCF19","PDE6B","SAP25","ABCF2","USP19","ST6GALNAC6","GALNT3"
"MAIT__F025","MAIT",0.00734747493532664,0.109522689872059,0.00675318284477031,NA,NA,"ENSG00000284734","FGFBP3","PRAG1","NUDT14","CDKN2C","TOMM40L","STAM2","ENSG00000267383","GPN3","GNAQ"
"NK_16hi__F001","NK_16hi",0.17751633590048,0.111774128115388,0.995505421467786,0.014342809407949,0.014342809407949,"TOMM6","ENSG00000271522","PTP4A1","HBB","RPS10-NUDT3","MIR23AHG","BOLA2","ARPC1A","PINX1","SPEN-AS1"
"NK_16hi__F002","NK_16hi",0.0526514967538122,0.0520834367906132,0.0263702310753797,2.79413477672618e-06,2.79413477672618e-06,"SSX2IP","SLC35A1","ANKMY2","GID4","GFI1","ZSCAN32","FUCA1","SERPINI1","ZNF25","SCLY"
"NK_16hi__F003","NK_16hi",0.0212351226282232,0.134853810697743,0.962546611878448,0.00239459938234298,0.00239459938234298,"ENSG00000272092","ENSG00000274712","DPP3-DT","ENSG00000271522","ENSG00000272159","ABCF2","ENSG00000260077","ENSG00000262202","TOMM6","DIABLO"
"NK_16hi__F004","NK_16hi",0.0182613510043896,0.191217282013427,0.0233298930570506,0.00473232787725856,0.00473232787725856,"IFI44L","IFIT1","IFI27","RSAD2","CMPK2","ERICH3","IFIT3","OAS3","MX1","HES4"
"NK_16hi__F005","NK_16hi",0.0238061843217332,0.142923646723997,0.0241682956216054,0.00245417473557275,0.00245417473557275,"LAG3","LINC02446","LINC00944","MT1E","LINC03057","MCOLN2","TPRG1","PTMS","MSC","PERP"
"NK_16hi__F006","NK_16hi",0.014823114759044,0.220839869600508,0.0144760643592783,0.00230494516546561,0.00230494516546561,"FCN1","SERPINA1","S100A12","CYBB","VCAN","S100A8","AIF1","PLBD1","S100A9","CLEC7A"
"NK_16hi__F007","NK_16hi",0.0119401558372617,0.0827594426946843,0.001552968217961,7.69732582085969e-06,7.69732582085969e-06,"ZNF230","LACC1","CDK13-DT","HOXB4","S100A9","ZNF461","MED26","RMND5A","ZKSCAN2","ARHGAP31"
"NK_16hi__F008","NK_16hi",0.0164681046216971,0.0707081483936575,8.56420468254445e-05,0.000391310327139421,0.000391310327139421,"CD8B","RTKN","NKIRAS1","LDB2","SELENOO","LINC00630","QPCTL","ZNF225","LIPE-AS1","IGKV6D-21"
"NK_16hi__F009","NK_16hi",0.0287831350408979,0.368921329006394,0.0116865227445368,0.0101592756089613,0.0101592756089613,"IGHG1","IGLV3-25","IGLV3-21","JCHAIN","IGLV3-1","IGKC","IGHA1","IGKV3-20","IGKV4-1","IGLC2"
"NK_16hi__F010","NK_16hi",0.0204852046621802,0.420221905113189,0.000304819871006124,0.00816215422472642,0.00816215422472642,"RPS4Y1","DDX3Y","XIST","UTY","EIF1AY","USP9Y","ZFY","KDM5D","LINC00278","TMSB4Y"
"NK_16hi__F011","NK_16hi",0.0139814739603511,0.0765104410838793,0.00125929357289316,0.000300579057980968,0.000300579057980968,"TRAC","COLQ","PRR12","HLA-DQB1","SLC33A1","ENSG00000261888","HLA-DQA1","SGSM3","ENSG00000276216","USP18"
"NK_16hi__F012","NK_16hi",0.0114873741318427,0.0711660002599177,0.0014324143359481,0.00016469522839769,0.00016469522839769,"AREG","ENSG00000234961","WDR81","EEF1E1","NUAK2","SYNGR1","GPR68","PRKCZ","ZNRF2","IGHV3-7"
"NK_16hi__F013","NK_16hi",0.0123925357903553,0.0712332376916871,0.00201866764793456,0.000147667231849366,0.000147667231849366,"LGALS3","CERCAM","NDFIP2","GPR68","DMWD","GZMK","LDB2","CNOT11","DPH5-DT","ADARB1"
"NK_16hi__F014","NK_16hi",0.00959024911133703,0.0797078724895415,8.99180220054712e-05,5.05826966438256e-05,5.05826966438256e-05,"POMT1","SH3BP5-AS1","ENSG00000226756","IL18","ZNF117","ANKMY2","ZNF189","TBKBP1","PALS2","TRAF3IP1"
"NK_16hi__F015","NK_16hi",0.00679913701251898,0.0904234888600411,0.017301457724233,1.67885313951435e-05,1.67885313951435e-05,"EMG1","AGAP3","ENSG00000280433","GOLGA8M","GOLGA8M","DMWD","DGKK","HBB","CISH","EVI5"
"NK_16hi__F016","NK_16hi",0.0119151743859713,0.132513739667594,0.0152146602226247,0.000344211011915631,0.000344211011915631,"ID1","RGS1","RGS16","NR4A1","SNAI1","NR4A3","RARA-AS1","ENSG00000272384","NOCT","GADD45G"
"NK_16hi__F017","NK_16hi",0.00696293246591427,0.0831116893198267,0.00924533237415073,0.00109138342836257,0.00109138342836257,"ENSG00000255046","FNIP2","ENSG00000228172","FIRRE","DNAJC3-DT","HIC2","ENSG00000260805","SND1-IT1","DNAAF9","ANKS1A"
"NK_16hi__F018","NK_16hi",0.00634426889038163,0.0878849138489603,0.00530223471789711,0.00454325530582568,0.00454325530582568,"BFSP1","RUNX2","FAM111A-DT","CRYBG3","RTKN","RXRA","HOXB7","ARMCX2","KCNQ5","MICU3"
"NK_16hi__F019","NK_16hi",0.00912600733451998,0.147099109289335,0.0120618128749359,0.000119936970918942,0.000119936970918942,"CD5","CD27","TRBV20-1","CAMK4","CCR7","SIT1","IL7R","UBASH3A","TRBV4-2","TRAT1"
"NK_16hi__F020","NK_16hi",0.00582722319483474,0.0891791808103718,0.00104488331272577,0.000590960864974702,0.000590960864974702,"ANKRD9","BLOC1S4","PPM1F","ARMC10","CDC34","MED26","GEN1","CCNG2","L3HYPDH","ODC1"
"NK_16hi__F021","NK_16hi",0.00582482523562945,0.0912437589907683,0.000450120922240583,0.000478880608973386,0.000478880608973386,"YOD1","TMEM67","PAQR4","SAXO4","TRAF3IP1","AKAP7","ENSG00000262413","ZNF337-AS1","A1BG","ZNF799"
"NK_16hi__F022","NK_16hi",0.00555906321385943,0.0924805538894615,0.000412831370401661,0.0275339582813832,0.0275339582813832,"LIPE-AS1","LINC00649","LUCAT1","LMAN2L","DOLPP1","ZNF577","FZD6","RNASE6","MIEF2","KLF4"
"NK_16hi__F023","NK_16hi",0.00876778953793935,0.107569033944705,0.0102379026558967,0.00676871123046228,0.00676871123046228,"AREG","IRF4","CISH","B3GNT7","IRS2","TNFAIP8L2","WHRN","ENSG00000275993","AVPI1","PEAK3"
"NK_16hi__F024","NK_16hi",0.00527755613053031,0.0925832947963309,0.000383578792880191,0.00198431419310522,0.00198431419310522,"LINC02908","CA2","ACRBP","PDGFRB","NPHP4","PHC2","HEXIM2","ZNF41","MIR3677HG","ENSG00000236304"
"NK_16hi__F025","NK_16hi",0.00465369993456649,0.0951879680706113,0.0102827851540438,0.0186682243199497,0.0186682243199497,"MFSD2A","HERPUD2-AS1","TNFRSF9","LINC01882","ARHGEF18","TRAF1","DOLPP1","IFT122","LINC02132","PSAT1"
"NK_56hi__F001","NK_56hi",0.0815959755624159,0.122421926977041,0.995673872019973,NA,NA,"TOMM6","PTP4A1","RPS10-NUDT3","ENSG00000271522","MIR23AHG","PSMA2","ARPC1A","IFI30","ABHD14A","HBB"
"NK_56hi__F002","NK_56hi",0.0371995577486042,0.0597755061484051,0.011574463970481,NA,NA,"SLC35B4","FOXJ2","KLF2-DT","BOD1","CRLS1","SARM1","CCNQ","RCC1L","MBD2","ZNF778"
"NK_56hi__F003","NK_56hi",0.0150782789742918,0.10009017062039,0.00713191707679058,NA,NA,"PRAM1","PI16","CD33","CCL3","CCL4L2","CCL3-AS1","IFNG-AS1","SPINK2","FEZ1","ZMAT4"
"NK_56hi__F004","NK_56hi",0.0113202297601707,0.125900269532398,0.971819443557942,NA,NA,"ENSG00000271522","IGLV2-8","ENSG00000272092","ATXN7","ENSG00000274712","SPEN-AS1","DPP3-DT","COL6A3","MIR23AHG","ENSG00000262202"
"NK_56hi__F005","NK_56hi",0.0135591090236534,0.321958504014919,0.00331522043759888,NA,NA,"RPS4Y1","DDX3Y","XIST","UTY","EIF1AY","USP9Y","KDM5D","ZFY","TTTY14","LINC00278"
"NK_56hi__F006","NK_56hi",0.014983385470361,0.313548843636323,0.0171596278249804,NA,NA,"IGHG1","IGLV3-25","IGKV3-20","IGKC","IGLV3-21","IGKV3-11","JCHAIN","IGHA1","IGLV3-1","IGKV4-1"
"NK_56hi__F007","NK_56hi",0.0147089522794101,0.153732475039508,0.0444519505720237,NA,NA,"IFI27","IFI44L","IFIT3","RSAD2","IFIT1","CMPK2","OAS3","OAS1","MX1","ETV7"
"NK_56hi__F008","NK_56hi",0.00970237755344168,0.101322474807919,0.000559528212559921,NA,NA,"PDE4DIP","SRGAP3","IGHV5-51","ZNF678","SNX9","IL18BP","METTL6","AKIP1","FZR1","BLOC1S4"
"NK_56hi__F009","NK_56hi",0.0105178572260979,0.102932918663202,0.030603986749289,NA,NA,"NR4A1","ID1","ATF3","RGS16","MSANTD3","COG8","KNSTRN","LINC01465","PIAS3","NR4A3"
"NK_56hi__F010","NK_56hi",0.00838213945327969,0.0984230039989424,0.00192015192186317,NA,NA,"ENSG00000277511","KLHDC7B","ENSG00000272277","LIN52","UST","AFG2B","SPI1","ZNF787","PSMG3-AS1","SLC26A6"
"NK_56hi__F011","NK_56hi",0.0100901509881014,0.0972181902159071,0.00914160220946701,NA,NA,"ZNF606","CSNK2A2","KIAA0753","PGBD2","PTMS","WDR47","CCDC138","C6orf120","NRM","CEP57L1"
"NK_56hi__F012","NK_56hi",0.00847174226202795,0.096537980489012,0.00216083455171473,NA,NA,"SLC7A5","PHLDA2","OSGIN2","ARHGAP19","MYLK-AS1","ENSG00000272277","TPRG1L","IRAK3","SYNE3","ZNF174"
"NK_56hi__F013","NK_56hi",0.00754624759803441,0.107934826082796,0.00589279268156803,NA,NA,"BBS7","ZBTB11-AS1","GPD1L","GIMAP8","ENSG00000277969","SLC8B1","STK11","IL2RA","MGAT5","MGLL"
"NK_56hi__F014","NK_56hi",0.00680744303466075,0.106107070534018,4.55409820246742e-05,NA,NA,"ZFP62","INPP5E","CFAP210","ZNF585A","ZNF527","CCL4L2","ACAD9","PKIA","DICER1-AS1","SLC7A1"
"NK_56hi__F015","NK_56hi",0.00699529464119732,0.105911797205609,0.00144592607607153,NA,NA,"TUBGCP5","LINC02446","CHEK2","PATZ1","ACSL1","PTDSS2","HIRIP3","SLC43A1","RAD54L2","NAIF1"
"NK_56hi__F016","NK_56hi",0.00743597222807071,0.10088079345722,0.000780431194949852,NA,NA,"HILPDA","FAM98A","MBTPS2","ANKEF1","IGF1R","NIPAL2","NSDHL","LONP1","OMA1","AKAP5"
"NK_56hi__F017","NK_56hi",0.0043909109802809,0.111682829552037,0.0389701373022769,NA,NA,"ENSG00000286070","GGT1","IGLV2-8","HERC6","TEX261","E2F6","PANK3","MAN1A1","ZNF500","ZNF174"
"NK_56hi__F018","NK_56hi",0.00639389313882744,0.105922666285353,0.000523182435565278,NA,NA,"WWC3","METTL22","CCNQ","FAM120C","FOXJ2","PPP2R2D","EFCAB2","NENF","GKAP1","GABPB2"
"NK_56hi__F019","NK_56hi",0.00632676115304609,0.116203808227304,0.00233963029702551,NA,NA,"MKI67","GCC1","TAB3","FANCL","MOSPD1","GORASP1","VCAN","LINC00921","THTPA","ACP2"
"NK_56hi__F020","NK_56hi",0.00717991737429128,0.103804168221594,0.00125868631746329,NA,NA,"BMPR2","HDHD3","C6orf120","ACTA2","CMPK2","DHRS4-AS1","MT1E","KCNQ5","EMG1","ZNF614"
"NK_56hi__F021","NK_56hi",0.00691715459582328,0.112950902344966,0.000568715993284309,NA,NA,"YTHDF3-DT","ZNF776","NDC1","PELI2","BEND5","CTU2","PRDM1","ZNF248","ZNF273","LINC00847"
"NK_prolif__F001","NK_prolif",0.0471033730107606,0.0768257739428059,0.0156789081457523,NA,NA,"ZNF570","ULK2","HMBS","EPOR","GIPC1","SNAI3","SPIN2B","ATP11A","BTBD9","HPS6"
"NK_prolif__F002","NK_prolif",0.0325673287759219,0.0844313357404897,0.00147137045189525,NA,NA,"KRT86","TMEM143","E2F8","ENSG00000277511","TMEM263-DT","ZNF439","TRMT10A","FADS1","PLA2G6","JMY"
"NK_prolif__F003","NK_prolif",0.0333304222994458,0.0830190790384308,0.00166074736056089,NA,NA,"CYB5D2","GGCX","SLC2A11","TTC5","PLXNC1","FAM118B","MTERF3","BCL2L11","IQCE","USP13"
"NK_prolif__F004","NK_prolif",0.0340827996871778,0.0791692953218339,0.00973356867228308,NA,NA,"IFI27","ZSWIM8","IFI44L","LIMD1","CEP85","AURKA","IFNL1","ENO3","TP53RK","MICAL3"
"NK_prolif__F005","NK_prolif",0.0302068045026164,0.0830626478245188,0.000910950458363729,NA,NA,"HNRNPLL","GATAD1","PSRC1","ENSG00000251131","IFI27","SGMS1-AS1","SPATA2L","IFI44L","DDN-AS1","HECTD4"
"NK_prolif__F006","NK_prolif",0.0287523688127654,0.0830950785072202,0.00453874942202122,NA,NA,"SAMTOR","ZNF202","FZR1","CCL3-AS1","ZNF585B","ZNF559","STIMATE","HACD1","TDRKH","ARID3A"
"NK_prolif__F007","NK_prolif",0.0270750335559834,0.0876317125658979,0.00129492941627896,NA,NA,"ZNF746","UPRT","MAP2K4","PIK3R2","SLC6A6","PCBP4","UBXN2B","SMIM13","ACSF2","ZNF174"
"NK_prolif__F008","NK_prolif",0.0289046795314999,0.0832472183986032,0.00204098473413184,NA,NA,"TNF","P2RX4","ITGAV","ZNF552","ZBED5-AS1","ZNF235","PALB2","KICS2","MLLT1","EIF4E3"
"NK_prolif__F009","NK_prolif",0.0267916216432778,0.0834559171013318,0.000232221880829736,NA,NA,"EGLN1","PGGHG","TMEM185B","RBM15B","EPHA4","CEP70","DAGLB","PAK4","RNF185","SLC10A7"
"NK_prolif__F010","NK_prolif",0.0286606163841736,0.0818939408660805,0.0151666547491659,NA,NA,"IGHM","POMGNT2","ZNF799","ZNF696","HEXIM2","IFFO1","CEP15","NRGN","CDC34","TMT1A"
"NK_prolif__F011","NK_prolif",0.0274836420511031,0.0917125108177829,0.0196836585490766,NA,NA,"HES4","CLCC1","SRGAP2B","SC5D","NFATC1","SCAMP1","PBX2","DYRK1B","HYPK","TRAIP"
"NK_prolif__F012","NK_prolif",0.0272864762611513,0.0827277389911507,0.00133757177353581,NA,NA,"SMIM8","SSH3","ZNF34","ZNF565","ZNF227","RAI1","GK","NT5C3B","KYAT1","TRAF4"
"NK_prolif__F013","NK_prolif",0.0227884142851838,0.086858274306822,0.00216632188314688,NA,NA,"DCAF1","AGO4","ATG2B","CREB3L4","PLEKHM3","ZNF384","TTC16","PGBD2","DYRK1B","ACOT4"
"NK_prolif__F014","NK_prolif",0.0265426155765998,0.0924542304284449,0.0226400263171627,NA,NA,"STIL","UBXN11","CAMK1D","GATD1","KAT2A","FAM228B","GCLM","HIVEP1","RAB3IP","ZDHHC7"
"NK_prolif__F015","NK_prolif",0.0211213911999434,0.0955084333390694,0.00866830675913956,NA,NA,"CD6","ARHGAP5","SLC37A3","CSKMT","ZNF136","DBR1","TFE3","FCHO2","CDC7","PGGHG"
"NK_prolif__F016","NK_prolif",0.0184607359526165,0.105159775576913,0.814109566970305,NA,NA,"TOMM6","PTP4A1","TKTL1","IRS2","TIMM8A","LINC00665","HYLS1","ENSG00000282885","PPT2","IL18"
"Platelets__F001","Platelets",0.472105225871601,0.0284694623789023,0.841078305988085,0.0218732416408323,0.0218732416408323,"PDGFA-DT","GP1BB","PTP4A1","ENSG00000271522","NFKB1","LY6G6F","DUSP2","MAL","TOMM6","ARPC1A"
"Platelets__F002","Platelets",0.0260119521018057,0.0853525395274534,0.0722498061260105,0.00239331314745214,0.00239331314745214,"IFI27","DEPP1","RSAD2","CMPK2","ATP1B1","RD3L","WASF1","CPED1","SERPINH1","ANKRD45"
"Platelets__F003","Platelets",0.0136623776863003,0.075351459993038,0.0861616326780337,0.00377502548982178,0.00377502548982178,"MIR23AHG","PDGFA-DT","ENSG00000271522","ITK","ARL4C","ENSG00000232347","ENSG00000268081","RPS10-NUDT3","PDE3B","CD3G"
"Platelets__F004","Platelets",0.00849171104753827,0.102173151611558,0.029050960719195,0.00010896960614272,0.00010896960614272,"GZMB","SPON2","FGFBP2","PTGDS","GZMH","CX3CR1","HOPX","PRF1","ADRB2","CCL4"
"Platelets__F005","Platelets",0.0121094145119064,0.161445225136722,0.00202558408604892,6.91595471401142e-05,6.91595471401142e-05,"JCHAIN","IGKV4-1","IGKV3-20","IGLV3-1","IGLV3-25","IGHA1","IGHG1","IGKV3-11","IGKC","IGLV3-21"
"Platelets__F006","Platelets",0.00787618191589765,0.100535007989416,0.00205023472258897,5.70994723842403e-05,5.70994723842403e-05,"TRBV7-4","ENSG00000242611","TMEM158","RFTN1","CHADL","GORASP2","LINC00598","RILPL1","LEFTY1","FMO5"
"Platelets__F007","Platelets",0.00696344634291598,0.0962746770003556,0.000308057714161729,1.79704823588804e-07,1.79704823588804e-07,"SORD","ENSG00000253227","NECAB3","PTGES2","HBB","E2F1","ARHGEF6","TRAPPC2L","ING3","ZC3HAV1L"
"Platelets__F008","Platelets",0.00838781697648944,0.0771652276138002,0.00116028450633133,1.61350947082078e-05,1.61350947082078e-05,"IMPDH2","IFI27","PLAA","MON2","OAT","DDIT3","ENSG00000235288","MRPS35","FMNL1","PDCD2"
"Platelets__F009","Platelets",0.00737876175117365,0.0840793845606777,0.00383225869526472,4.1638394417976e-05,4.1638394417976e-05,"ENTPD4","MBTPS1","NDUFAF4","MIB2","PNO1","BCL11B","MLLT10","SNHG10","WDR82","GON4L"
"Platelets__F010","Platelets",0.00845201413428054,0.135673923096567,0.0650802880871746,0.00120829551290227,0.00120829551290227,"IFI27","CMPK2","IFI44L","RSAD2","IFI6","IFIT3","MX1","IFIT1","USP18","XAF1"
"Platelets__F011","Platelets",0.00767975731929119,0.0786856554472777,0.00429404783499461,1.86477559656906e-05,1.86477559656906e-05,"ANK3","KDM1A","RABGGTA","PEX2","IQSEC1","CNIH1","SKIC8","MED1","DUSP2","TEN1"
"Platelets__F012","Platelets",0.00671915329120162,0.0843800760611363,0.00282248552570676,5.57465297668993e-06,5.57465297668993e-06,"CEMIP2","MLLT6","CCDC115","CNIH4","ABCB8","STIMATE","CCDC69","UBLCP1","CUTC","KDM2A"
"Platelets__F013","Platelets",0.0060840693979993,0.0981854973813013,0.00264840761689871,0.000264758253110437,0.000264758253110437,"TMEM45A","ARHGAP15","ANP32E","TRBC2","PHAX","SATB1","TOPBP1","BTN3A3","PRNP","MRPS5"
"Platelets__F014","Platelets",0.00719354658190147,0.0858749681488618,0.000440400395616755,7.60364229104801e-06,7.60364229104801e-06,"MAGOH","CCR7","GSPT1","UTP11","FBXO34","ANXA3","AQP3","SERTAD3","NSMCE1","RRP7A"
"Platelets__F015","Platelets",0.00650840467250768,0.0981928399769549,0.017513688236283,5.45944307452364e-05,5.45944307452364e-05,"DLD","NUP153","FAM89B","GPR183","RGS16","PHF11","EP400","TRIM38","KRIT1","DENND6A"
"Platelets__F016","Platelets",0.00556637065486957,0.0994871445979667,0.00483682962655979,0.000123798102171157,0.000123798102171157,"PRDM1","FMO5","TTC39C","PREB","RANGRF","TMEM80","TCP11L2","SNRK","MAP3K13","PDRG1"
"Platelets__F017","Platelets",0.00589688735040698,0.098797615297823,0.0118366145392999,1.72618537199367e-05,1.72618537199367e-05,"CD4","CD302","ARL4A","ABCB7","PRPF38A","MOCS2","MCRS1","IMP3","AP3D1","EGR1"
"Platelets__F018","Platelets",0.00605364558483808,0.0925230992301505,0.000844488554631925,1.46258082677409e-05,1.46258082677409e-05,"MFSD5","RIC1","TMX2","TXN2","POLM","ERGIC1","ENSG00000259483","ITGB2-AS1","INTS10","ADA"
"Platelets__F019","Platelets",0.00582170580098759,0.0947935802380964,0.00266281238374063,2.39523704460334e-05,2.39523704460334e-05,"RCBTB2","TNXB","CLK4","IGSF8","RSAD1","PAN3","RALGDS","PARVG","TMEM120A","ZNF266"
"Platelets__F020","Platelets",0.00584169888186419,0.0871883759632534,0.0745064954117532,3.09590050802504e-05,3.09590050802504e-05,"COMMD10","APOBEC3G","ABI3","ENSG00000272447","ENSG00000280071","ACBD6","DDX20","RNMT","PDE2A","GCOM1"
"Platelets__F021","Platelets",0.00628027250632712,0.0884614145599219,0.00199311863685533,1.39900118670829e-06,1.39900118670829e-06,"RFC1","GRPEL1","PSTPIP1","TRGV10","KANSL2","SELENOM","BRI3","AK6","LONP2","TRMU"
"Platelets__F022","Platelets",0.00622412610301223,0.0886531903576268,0.00102363343107897,6.78601039009402e-05,6.78601039009402e-05,"KLRF1","AKR1A1","ADARB2","CEBPZ","IRF7","STAT4","CS","VAV1","IFIT2","C1orf122"
"Platelets__F023","Platelets",0.00719034949587191,0.108685719225546,0.00612757387323752,9.59831915604819e-05,9.59831915604819e-05,"CLEC7A","BCL2A1","CFD","LILRA5","NDUFA12","FLT3LG","LILRB2","OLA1","IFI30","SERPINA1"
"Platelets__F024","Platelets",0.00563448621905716,0.0957062026480373,0.00195786139979021,5.31997090011801e-10,5.31997090011801e-10,"MRPL32","NUP88","LPGAT1","PMPCB","PDS5A","RSPRY1","MIA3","KLF12","GTPBP8","APOL3"
"Platelets__F025","Platelets",0.00659787117274924,0.0883927184252063,0.146761330440603,0.00142386817234284,0.00142386817234284,"AK1","CHRNA2","RETREG1","SNRNP70","MS4A6A","PHLDA1","C3orf38","FAM117B","ENSG00000271522","MIR142HG"
"gdT__F001","gdT",0.125566335866954,0.095160906709722,0.982140374092678,NA,NA,"TOMM6","ENSG00000271522","PTP4A1","HBB","RPS10-NUDT3","MIR23AHG","ARPC1A","IFI30","PARL","PSMA2"
"gdT__F002","gdT",0.0429833921602774,0.0491101041816446,0.0409192216852555,NA,NA,"CACNA2D4","ABCC5","DEXI","P3H4","ZNF473","FAM98A","PDGFD","HLA-DMB","RFT1","FAM161B"
"gdT__F003","gdT",0.0218047270735295,0.0981921158082697,0.022771568667955,NA,NA,"ASCL2","CX3CR1","SCML1","PRSS23","ADGRG1","KIR3DL1","FCGR3A","KLRC1","ZNF683","PLOD1"
"gdT__F004","gdT",0.0194279770534828,0.168294974295285,0.00139339831137491,NA,NA,"IGLV3-25","IGLV3-21","IGKV1-5","IGHV4-39","JCHAIN","IGKC","IGKV3-11","IGKV3-15","IGLC2","IGLV3-1"
"gdT__F005","gdT",0.0113479452138762,0.15093369837931,0.0480486701689162,NA,NA,"TYMS","RRM2","UHRF1","TK1","ASF1B","ZWINT","PKMYT1","PCLAF","GINS2","MKI67"
"gdT__F006","gdT",0.0226337945866939,0.0725833192678741,0.0570485566144818,NA,NA,"PAQR3","UBR3","LINC00954","ZFYVE9","ZNF398","DNAH1","GSTM2","SLC41A1","ZMYM6","ENSG00000246225"
"gdT__F007","gdT",0.00947339880531326,0.0941019542545326,0.36769227355141,NA,NA,"PPARA","ENSG00000272092","TOMM6","GREM2","ZXDB","LINC00239","ENSG00000285043","CEBPD","ABCF2","PTP4A1"
"gdT__F008","gdT",0.0106795181040679,0.381291712826259,0.016947355135119,NA,NA,"RPS4Y1","DDX3Y","UTY","XIST","KDM5D","USP9Y","EIF1AY","ZFY","LINC00278","PPP1R2C"
"gdT__F009","gdT",0.0105621431048337,0.108738395515735,0.00958318527647846,NA,NA,"FCN1","CYBB","SERPINA1","CD14","CLEC7A","MNDA","IFI30","LILRB2","SPI1","S100A12"
"gdT__F010","gdT",0.00975801161857497,0.125615402430446,0.0401709984891777,NA,NA,"RSAD2","IFIT3","IFI44L","IFIT1","USP18","OAS1","CMPK2","EPSTI1","IFI27","TFEB"
"gdT__F011","gdT",0.00929963450570467,0.101651544412226,0.00141916261517256,NA,NA,"EPS8L2","HCFC2","GCH1","TRAV3","ENSG00000237471","PPIP5K1","TRBV5-4","SWT1","GTPBP6","ZCWPW2"
"gdT__F012","gdT",0.00797454618568168,0.104828702744856,0.0105379533776011,NA,NA,"FBXO11","SLFN12L","IGSF6","ZNF598","POLRMT","TRAPPC2B","SRM","ZNF778","RNF187","TMEM64"
"gdT__F013","gdT",0.00756971765126675,0.104736227398402,0.0339401311790514,NA,NA,"NET1","MGST2","KDM1B","TAX1BP3","KIR3DL2","TRABD-AS1","N6AMT1","MYB","BIVM","IRAK2"
"gdT__F014","gdT",0.00712674482058101,0.103375702705006,0.0257498736248525,NA,NA,"MFHAS1","FAIM","SYNGR1","DAGLB","POLR1B","ZNF583","BRI3BP","CD160","TRUB1","TK2"
"gdT__F015","gdT",0.00797454092105487,0.106967261512378,0.04247667197771,NA,NA,"LRRC45","CETN2","LINC00954","ZNF709","OSGEPL1","MTNAP1","ATOSB","ICAM1","PBX3","LGR6"
"gdT__F016","gdT",0.00749387932160698,0.106446705496383,0.011348634998379,NA,NA,"RASGEF1A","CASS4","RINT1","APPL2","ENPP5","TMEM182","ZNF202","TMEM106A","KIR2DL1","LINC00920"
"gdT__F017","gdT",0.00750007097044712,0.103284893271004,0.0129950174973742,NA,NA,"SREBF1","CHCHD4","ENSG00000273391","PGBD2","CCR2","FAM185A","NRIP1","SIAH1","C1orf159","ZNF589"
"gdT__F018","gdT",0.00782597717651888,0.104446235445923,0.000103552008287302,NA,NA,"SLC38A7","AGFG2","ZDHHC18","WDR91","SEC14L2","VIPR2","PHLDA1","DHX58","PPBP","AHI1"
"gdT__F019","gdT",0.00732376476495166,0.104051806748746,0.000143370628144505,NA,NA,"CARS2","TRBV21-1","RGPD8","KLRC2","ZNF792","KLRC3","PPP3R1","ENSG00000255026","ACP6","PEX6"
"gdT__F020","gdT",0.0081307012812749,0.100506948037001,0.03255769572628,NA,NA,"FAM98A","ENSG00000277511","DNHD1","ALG14","NRDE2","C1orf216","ZNF184","ZNF8","RUFY1","RWDD2B"
"gdT__F021","gdT",0.00657385509090652,0.107816993167956,0.00120828622320728,NA,NA,"SRP14-DT","ARHGAP18","C2orf42","SLC16A13","WIPI1","PI4K2B","ENSG00000273329","BBS1","MEPCE","ARL8A"
"gdT__F022","gdT",0.00686591680025462,0.107654333793735,0.00624484494230173,NA,NA,"GNA15","NRDE2","IL5RA","TSC22D1","TAF13","TMSB15B","TMSB15C","TSPOAP1","NEURL1","MANEA"
"gdT__F023","gdT",0.00795595566023221,0.104273362709526,0.000811610952913068,NA,NA,"SLC25A23","CARMIL1","IZUMO4","MCAT","CACNB1","BTBD2","ENSG00000285043","TRMT13","TRIM47","CETN2"
"gdT__F024","gdT",0.00688729405054215,0.114403738761312,0.0021702512716774,NA,NA,"RFNG","TMEM238","GZF1","BEST1","GCLC","RASD1","PYROXD2","MINDY1","PHLPP2","ATOSB"
"gdT__F025","gdT",0.00699403339227826,0.109041272807611,0.272774667322985,NA,NA,"HSPA14","MSANTD7","ENSG00000262202","IL23A","TOMM6","SMAD7","CRIP2","ENSG00000272092","CTNNAL1","RNF26"
