"variant","cell_type","n_obs","n_genes","n_programs","R2","elbo"
"none","B_immature",34,3000,17,0.530550517851008,-200071.46523406
"none","B_naive",111,3000,25,0.486605665123658,-520457.106995378
"none","B_switched_memory",52,3000,25,0.510614435954035,-301866.492716245
"none","CD14_mono",63,3000,25,0.689351640522221,-249019.309878829
"none","CD16_mono",54,3000,23,0.663864238017399,-244452.553515239
"none","CD4.CM",104,3000,25,0.598105971828023,-453776.776059328
"none","CD4.IL22",79,3000,25,0.518595628006192,-398723.914952857
"none","CD4.Naive",109,3000,25,0.504221539984167,-483195.346744875
"none","CD4.Tfh",56,3000,25,0.7172205545671,-288320.43117075
"none","CD8.EM",89,3000,25,0.444903849766574,-458215.563199885
"none","CD8.Naive",96,3000,25,0.533662781878529,-445672.977609331
"none","CD8.TE",95,3000,25,0.521491554942324,-440165.142418547
"none","CD83_CD14_mono",91,3000,25,0.627731890464623,-388013.659070035
"none","MAIT",70,3000,25,0.46587646592185,-383516.81507755
"none","NK_16hi",118,3000,25,0.54706917928743,-463713.799908903
"none","NK_56hi",71,3000,21,0.358555849265646,-392320.531083905
"none","NK_prolif",31,3000,16,0.615733646759827,-160849.522612907
"none","Platelets",84,3000,25,0.584570225400978,-466536.148001735
"none","gdT",80,3000,25,0.466313651700121,-445955.959914318
"groups","B_immature",34,3000,15,0.448406866736482,-200434.055195395
"groups","B_naive",111,3000,25,0.497970615053165,-521191.256275636
"groups","B_switched_memory",52,3000,24,0.493030350416257,-302441.566185686
"groups","CD14_mono",63,3000,25,0.702714216078493,-249875.197256098
"groups","CD16_mono",54,3000,23,0.665434442547476,-245339.99242324
"groups","CD4.CM",104,3000,25,0.601122713965262,-454689.329658729
"groups","CD4.IL22",79,3000,25,0.515412945175187,-399585.467864742
"groups","CD4.Naive",109,3000,25,0.517288419856137,-484242.18737172
"groups","CD4.Tfh",56,3000,25,0.703463655449668,-290000.514875372
"groups","CD8.EM",89,3000,25,0.448900559821901,-458810.763884489
"groups","CD8.Naive",96,3000,25,0.539594191770686,-446472.609303634
"groups","CD8.TE",95,3000,25,0.518197813305497,-441033.329386396
"groups","CD83_CD14_mono",91,3000,25,0.635429175015715,-389072.760533462
"groups","MAIT",70,3000,25,0.456507103398812,-384183.723915132
"groups","NK_16hi",118,3000,25,0.560456434726362,-465260.339505916
"groups","NK_56hi",71,3000,21,0.365585049373023,-392779.152855884
"groups","NK_prolif",31,3000,16,0.580401791861772,-161532.004284223
"groups","Platelets",84,3000,25,0.58135343346382,-467478.352168991
"groups","gdT",80,3000,25,0.472172632631804,-446534.493758141
