"seed","scenario","missing_frac","arm","metric","value"
4,"S1",0,"stage1","seconds",6.873
4,"S1",0,"PA_scores","fpr",0
4,"S1",0,"PA_scores","n_false_shared",0
4,"S1",0,"PA_scores","seconds",0.524000000000001
4,"S1",0,"PA_loadings","fpr",0
4,"S1",0,"PA_loadings","n_false_shared",0
4,"S1",0,"PA_loadings","seconds",0.491000000000001
4,"S1",0,"PMD_raw","fpr",0
4,"S1",0,"PMD_raw","n_false_shared",0
4,"S1",0,"PMD_raw","seconds",7.584
4,"S1",0.3,"stage1","seconds",6.329
4,"S1",0.3,"PA_scores","fpr",0
4,"S1",0.3,"PA_scores","n_false_shared",0
4,"S1",0.3,"PA_scores","seconds",0.359999999999999
4,"S1",0.3,"PA_loadings","fpr",0
4,"S1",0.3,"PA_loadings","n_false_shared",0
4,"S1",0.3,"PA_loadings","seconds",0.520000000000003
4,"S1",0.3,"PMD_raw","fpr",0
4,"S1",0.3,"PMD_raw","n_false_shared",0
4,"S1",0.3,"PMD_raw","seconds",6.577
4,"S2",0,"stage1","seconds",5.176
4,"S2",0,"PA_scores","tpr",1
4,"S2",0,"PA_scores","state_cor",0.9986824131977
4,"S2",0,"PA_scores","seconds",0.376999999999995
4,"S2",0,"PA_loadings","tpr",0.1
4,"S2",0,"PA_loadings","seconds",0.519000000000005
4,"S2",0,"PMD_raw","tpr",1
4,"S2",0,"PMD_raw","state_cor",0.998062285156298
4,"S2",0,"PMD_raw","seconds",5.814
4,"S2",0.3,"stage1","seconds",4.201
4,"S2",0.3,"PA_scores","tpr",1
4,"S2",0.3,"PA_scores","state_cor",0.998709369539016
4,"S2",0.3,"PA_scores","seconds",0.374000000000002
4,"S2",0.3,"PA_loadings","tpr",0.1
4,"S2",0.3,"PA_loadings","seconds",0.499000000000002
4,"S2",0.3,"PMD_raw","tpr",1
4,"S2",0.3,"PMD_raw","state_cor",0.996986500620494
4,"S2",0.3,"PMD_raw","seconds",6.026
4,"S3",0,"stage1","seconds",2.25
4,"S3",0,"PA_scores","tpr",1
4,"S3",0,"PA_scores","fpr",0
4,"S3",0,"PA_scores","auroc",1
4,"S3",0,"PA_scores","state_cor",0.998452797252183
4,"S3",0,"PA_scores","seconds",0.341000000000001
4,"S3",0,"PA_loadings","tpr",0
4,"S3",0,"PA_loadings","fpr",0.222222222222222
4,"S3",0,"PA_loadings","auroc",0.888888888888889
4,"S3",0,"PA_loadings","seconds",0.445
4,"S3",0,"PMD_raw","tpr",1
4,"S3",0,"PMD_raw","fpr",0
4,"S3",0,"PMD_raw","auroc",1
4,"S3",0,"PMD_raw","state_cor",0.99848781589378
4,"S3",0,"PMD_raw","seconds",1.85700000000001
4,"S3",0.3,"stage1","seconds",3.718
4,"S3",0.3,"PA_scores","tpr",1
4,"S3",0.3,"PA_scores","fpr",0
4,"S3",0.3,"PA_scores","auroc",1
4,"S3",0.3,"PA_scores","state_cor",0.998494049836472
4,"S3",0.3,"PA_scores","seconds",0.331999999999994
4,"S3",0.3,"PA_loadings","tpr",0
4,"S3",0.3,"PA_loadings","fpr",0.222222222222222
4,"S3",0.3,"PA_loadings","auroc",0.888888888888889
4,"S3",0.3,"PA_loadings","seconds",0.456999999999994
4,"S3",0.3,"PMD_raw","tpr",1
4,"S3",0.3,"PMD_raw","fpr",0
4,"S3",0.3,"PMD_raw","auroc",1
4,"S3",0.3,"PMD_raw","state_cor",0.99517933448409
4,"S3",0.3,"PMD_raw","seconds",2.06999999999999
4,"S4",0,"stage1","seconds",4.247
4,"S4",0,"PA_scores","tpr",1
4,"S4",0,"PA_scores","state_cor",0.991198623661847
4,"S4",0,"PA_scores","seconds",0.356000000000009
4,"S4",0,"PA_loadings","tpr",0
4,"S4",0,"PA_loadings","seconds",0.488
4,"S4",0,"PMD_raw","tpr",1
4,"S4",0,"PMD_raw","state_cor",0.997461969024098
4,"S4",0,"PMD_raw","seconds",4.815
4,"S4",0.3,"stage1","seconds",3.169
4,"S4",0.3,"PA_scores","tpr",1
4,"S4",0.3,"PA_scores","state_cor",0.982299373311749
4,"S4",0.3,"PA_scores","seconds",0.338999999999999
4,"S4",0.3,"PA_loadings","tpr",0
4,"S4",0.3,"PA_loadings","seconds",0.488
4,"S4",0.3,"PMD_raw","tpr",1
4,"S4",0.3,"PMD_raw","state_cor",0.996516606143822
4,"S4",0.3,"PMD_raw","seconds",3.88
4,"S5",0,"stage1","seconds",1.97199999999999
4,"S5",0,"PA_scores","fpr",0.1
4,"S5",0,"PA_scores","n_false_shared",1
4,"S5",0,"PA_scores","seconds",0.325000000000003
4,"S5",0,"PA_loadings","fpr",0
4,"S5",0,"PA_loadings","n_false_shared",0
4,"S5",0,"PA_loadings","seconds",0.410000000000011
4,"S5",0,"PMD_raw","fpr",0.1
4,"S5",0,"PMD_raw","n_false_shared",1
4,"S5",0,"PMD_raw","seconds",0.657000000000011
4,"S5",0.3,"stage1","seconds",2.61699999999999
4,"S5",0.3,"PA_scores","fpr",0.1
4,"S5",0.3,"PA_scores","n_false_shared",1
4,"S5",0.3,"PA_scores","seconds",0.310000000000002
4,"S5",0.3,"PA_loadings","fpr",0
4,"S5",0.3,"PA_loadings","n_false_shared",0
4,"S5",0.3,"PA_loadings","seconds",0.409000000000006
4,"S5",0.3,"PMD_raw","fpr",0
4,"S5",0.3,"PMD_raw","n_false_shared",0
4,"S5",0.3,"PMD_raw","seconds",0.633999999999986
4,"S6",0,"stage1","seconds",7.47199999999999
4,"S6",0,"PA_scores","tpr",1
4,"S6",0,"PA_scores","state_cor",0.998848525889781
4,"S6",0,"PA_scores","seconds",0.382999999999996
4,"S6",0,"PA_loadings","tpr",0
4,"S6",0,"PA_loadings","seconds",0.489000000000004
4,"S6",0,"PMD_raw","tpr",1
4,"S6",0,"PMD_raw","state_cor",0.997883196944063
4,"S6",0,"PMD_raw","seconds",6.245
4,"S6",0.3,"stage1","seconds",5.869
4,"S6",0.3,"PA_scores","tpr",1
4,"S6",0.3,"PA_scores","state_cor",0.998707422534887
4,"S6",0.3,"PA_scores","seconds",0.343999999999994
4,"S6",0.3,"PA_loadings","tpr",0.1
4,"S6",0.3,"PA_loadings","seconds",0.501000000000005
4,"S6",0.3,"PMD_raw","tpr",1
4,"S6",0.3,"PMD_raw","state_cor",0.996717097160347
4,"S6",0.3,"PMD_raw","seconds",6.295
4,"S7",0,"stage1","seconds",1.629
4,"S7",0,"PA_scores","fpr",0.1
4,"S7",0,"PA_scores","n_false_shared",1
4,"S7",0,"PA_scores","seconds",0.303999999999988
4,"S7",0,"PA_loadings","fpr",0.2
4,"S7",0,"PA_loadings","n_false_shared",2
4,"S7",0,"PA_loadings","seconds",0.412999999999997
4,"S7",0,"PMD_raw","fpr",0
4,"S7",0,"PMD_raw","n_false_shared",0
4,"S7",0,"PMD_raw","seconds",0.642999999999986
4,"S7",0.3,"stage1","seconds",1.786
4,"S7",0.3,"PA_scores","fpr",0.2
4,"S7",0.3,"PA_scores","n_false_shared",2
4,"S7",0.3,"PA_scores","seconds",0.295999999999992
4,"S7",0.3,"PA_loadings","fpr",0.2
4,"S7",0.3,"PA_loadings","n_false_shared",2
4,"S7",0.3,"PA_loadings","seconds",0.418999999999983
4,"S7",0.3,"PMD_raw","fpr",0
4,"S7",0.3,"PMD_raw","n_false_shared",0
4,"S7",0.3,"PMD_raw","seconds",0.643000000000001
4,"S8",0,"stage1","seconds",11.953
4,"S8",0,"PA_scores","tpr",1
4,"S8",0,"PA_scores","state_cor",0.849533033830763
4,"S8",0,"PA_scores","seconds",0.408000000000015
4,"S8",0,"PA_loadings","tpr",0
4,"S8",0,"PA_loadings","seconds",0.551999999999992
4,"S8",0,"PMD_raw","tpr",1
4,"S8",0,"PMD_raw","state_cor",0.994209749472511
4,"S8",0,"PMD_raw","seconds",15.835
4,"S8",0,"PMD_resid","tpr",1
4,"S8",0,"PMD_resid","state_cor",0.984879553141484
4,"S8",0,"PMD_resid","seconds",15.488
4,"S8",0,"PA_scores_resid","tpr",1
4,"S8",0,"PA_scores_resid","state_cor",0.986718978761429
4,"S8",0,"PA_scores_resid","seconds",0.39500000000001
4,"S8",0.3,"stage1","seconds",10.155
4,"S8",0.3,"PA_scores","tpr",1
4,"S8",0.3,"PA_scores","state_cor",0.911843579015189
4,"S8",0.3,"PA_scores","seconds",0.37700000000001
4,"S8",0.3,"PA_loadings","tpr",0
4,"S8",0.3,"PA_loadings","seconds",0.573999999999984
4,"S8",0.3,"PMD_raw","tpr",1
4,"S8",0.3,"PMD_raw","state_cor",0.994797251825267
4,"S8",0.3,"PMD_raw","seconds",15.569
4,"S8",0.3,"PMD_resid","tpr",1
4,"S8",0.3,"PMD_resid","state_cor",0.992078535305549
4,"S8",0.3,"PMD_resid","seconds",13.85
4,"S8",0.3,"PA_scores_resid","tpr",1
4,"S8",0.3,"PA_scores_resid","state_cor",0.976878857128886
4,"S8",0.3,"PA_scores_resid","seconds",0.376000000000005
4,"S9",0,"stage1","seconds",6.12200000000001
4,"S9",0,"PA_scores","tpr",1
4,"S9",0,"PA_scores","fpr",1
4,"S9",0,"PA_scores","auroc",0.888888888888889
4,"S9",0,"PA_scores","state_cor",0.990410560545461
4,"S9",0,"PA_scores","seconds",0.384999999999991
4,"S9",0,"PA_loadings","tpr",0
4,"S9",0,"PA_loadings","fpr",0.111111111111111
4,"S9",0,"PA_loadings","auroc",0.666666666666667
4,"S9",0,"PA_loadings","seconds",0.521000000000015
4,"S9",0,"PMD_raw","tpr",1
4,"S9",0,"PMD_raw","fpr",1
4,"S9",0,"PMD_raw","auroc",0.222222222222222
4,"S9",0,"PMD_raw","state_cor",0.964145871482425
4,"S9",0,"PMD_raw","seconds",9.70099999999999
4,"S9",0,"PMD_resid","tpr",1
4,"S9",0,"PMD_resid","fpr",0
4,"S9",0,"PMD_resid","auroc",1
4,"S9",0,"PMD_resid","state_cor",0.991949007992038
4,"S9",0,"PMD_resid","seconds",10.675
4,"S9",0,"PA_scores_resid","tpr",1
4,"S9",0,"PA_scores_resid","fpr",0
4,"S9",0,"PA_scores_resid","auroc",1
4,"S9",0,"PA_scores_resid","state_cor",0.998838749040694
4,"S9",0,"PA_scores_resid","seconds",0.375
4,"S9",0.3,"stage1","seconds",6.113
4,"S9",0.3,"PA_scores","tpr",1
4,"S9",0.3,"PA_scores","fpr",1
4,"S9",0.3,"PA_scores","auroc",1
4,"S9",0.3,"PA_scores","state_cor",0.96287736030416
4,"S9",0.3,"PA_scores","seconds",0.35499999999999
4,"S9",0.3,"PA_loadings","tpr",0
4,"S9",0.3,"PA_loadings","fpr",0.111111111111111
4,"S9",0.3,"PA_loadings","auroc",0.666666666666667
4,"S9",0.3,"PA_loadings","seconds",0.534999999999997
4,"S9",0.3,"PMD_raw","tpr",1
4,"S9",0.3,"PMD_raw","fpr",1
4,"S9",0.3,"PMD_raw","auroc",0.888888888888889
4,"S9",0.3,"PMD_raw","state_cor",0.979235052946329
4,"S9",0.3,"PMD_raw","seconds",9.38900000000001
4,"S9",0.3,"PMD_resid","tpr",1
4,"S9",0.3,"PMD_resid","fpr",0
4,"S9",0.3,"PMD_resid","auroc",1
4,"S9",0.3,"PMD_resid","state_cor",0.99022638525706
4,"S9",0.3,"PMD_resid","seconds",9.98699999999997
4,"S9",0.3,"PA_scores_resid","tpr",1
4,"S9",0.3,"PA_scores_resid","fpr",0.222222222222222
4,"S9",0.3,"PA_scores_resid","auroc",1
4,"S9",0.3,"PA_scores_resid","state_cor",0.994869382540254
4,"S9",0.3,"PA_scores_resid","seconds",0.353000000000009
