"rep","shared","rho","arm","k_a","k_b","p_pair","underpowered","max_cor_batch","best_cor_z"
6,FALSE,0,"none",2,2,0.002,FALSE,0.998221253764986,0.99308383006647
6,FALSE,0,"hard",1,1,0.038,FALSE,0.000124730375784752,0.985482336511768
6,FALSE,0,"soft",1,1,0.038,FALSE,0.00180008075514919,0.985325294998971
6,FALSE,0.5,"none",2,2,0.002,FALSE,0.998605141506225,0.982359898291189
6,FALSE,0.5,"hard",1,1,0.492,FALSE,0.000130984226095881,0.869809332207138
6,FALSE,0.5,"soft",1,1,0.49,FALSE,0.00740549032599526,0.871506372747061
6,TRUE,0,"none",2,2,0.002,FALSE,0.998495224215039,0.992800719069289
6,TRUE,0,"hard",1,1,0.002,FALSE,0.000114925865987563,0.990957078768772
6,TRUE,0,"soft",1,1,0.002,FALSE,0.000412773786389458,0.99095019097046
6,TRUE,0.5,"none",2,2,0.002,FALSE,0.998844288475007,0.992640539999357
6,TRUE,0.5,"hard",1,1,0.002,FALSE,3.71536497411433e-05,0.844404805102621
6,TRUE,0.5,"soft",1,1,0.002,FALSE,0.000357258731803096,0.84457858536634
