"scenario","candidate","state","class","best_truth","best_cor"
1,"block_S","(none)","-","-",NA
1,"block_E","SF01","private:CD8","CD8_P1",0.997
1,"block_E","SF02","private:B","B_P2",0.998
1,"block_E","SF03","private:CD8","CD8_P2",0.998
1,"block_E","SF04","private:NK","NK_P2",0.997
1,"block_E","SF05","private:CD4","CD4_P1",0.998
1,"block_E","SF06","private:NK","NK_P1",0.997
1,"block_E","SF07","private:Mono","Mono_P2",0.998
1,"block_E","SF08","private:CD4","CD4_P2",0.996
1,"block_E","SF09","private:B","B_P1",0.996
1,"block_E","SF10","private:Mono","Mono_P1",0.996
1,"evb_S","(none)","-","-",NA
2,"block_S","SF01","global","GLOBAL_1",0.999
2,"block_E","SF01","global","GLOBAL_1",0.999
2,"block_E","SF02","private:CD4","CD4_P1",0.997
2,"block_E","SF03","private:B","B_P1",0.998
2,"block_E","SF04","private:NK","NK_P1",0.997
2,"block_E","SF05","private:CD8","CD8_P1",0.995
2,"block_E","SF06","private:Mono","Mono_P1",0.995
2,"evb_S","M31_r1","global","GLOBAL_1",0.998
3,"block_S","SF01","partial:CD8+NK","CD8NK_shared",0.998
3,"block_E","SF01","private:Mono","Mono_P1",0.999
3,"block_E","SF02","private:NK","NK_P1",0.999
3,"block_E","SF03","partial:CD8+NK","CD8NK_shared",0.998
3,"block_E","SF04","private:CD4","CD4_P1",0.997
3,"block_E","SF05","private:B","B_P1",0.997
3,"block_E","SF06","private:CD8","CD8_P1",0.995
3,"evb_S","M13_r1","partial:CD8+NK","CD8NK_shared",0.997
4,"block_S","SF01","global","IFN_global",0.999
4,"block_S","SF02","partial:CD8+NK","CD8NK_shared",0.994
4,"block_E","SF01","global","IFN_global",0.999
4,"block_E","SF02","partial:CD8+NK","CD8NK_shared",0.999
4,"block_E","SF03","private:Mono","Mono_priv",0.998
4,"block_E","SF04","private:B","B_priv",0.996
4,"evb_S","M13_r1","partial:CD8+NK","CD8NK_shared",0.992
4,"evb_S","M31_r1","global","IFN_global",0.999
5,"block_S","SF01","partial:B+Mono","B_distinct",0.929
5,"block_E","SF01","private:B","B_distinct",0.997
5,"block_E","SF02","private:CD4","CD4_P1",0.997
5,"block_E","SF03","private:NK","NK_P1",0.998
5,"block_E","SF04","private:CD8","CD8_P1",0.997
5,"block_E","SF05","private:Mono","Mono_distinct",0.995
5,"evb_S","M09_r1","partial:B+Mono","Mono_distinct",0.925
6,"block_S","SF01","global","SYS",0.999
6,"block_E","SF01","global","SYS",0.999
6,"block_E","SF02","private:CD4","CD4_P1",0.997
6,"block_E","SF03","private:B","B_P1",0.998
6,"block_E","SF04","private:NK","NK_P1",0.997
6,"block_E","SF05","private:CD8","CD8_P1",0.995
6,"block_E","SF06","private:Mono","Mono_P1",0.995
6,"evb_S","M31_r1","global","SYS",0.998
7,"block_S","(none)","-","-",NA
7,"block_E","SF01","private:Mono","Mono_ifn_like",0.999
7,"block_E","SF02","private:B","B_ifn_like",0.998
7,"block_E","SF03","private:CD8","CD8_P1",0.997
7,"block_E","SF04","private:NK","NK_P1",0.997
7,"block_E","SF05","private:CD4","CD4_P1",0.997
7,"evb_S","(none)","-","-",NA
4,"evb_E","M01_r1","private:B","B_priv",0.95
4,"evb_E","M05_r1","private:Mono","Mono_priv",0.998
4,"evb_E","M13_r1","partial:CD8+NK","CD8NK_shared",0.997
4,"evb_E","M31_r1","global","IFN_global",NA
