"","factor_id","class","entropy","mass_AM","mass_EMac","mass_cMono","mass_DC","mass_CD8","mass_MCC","mass_AT2","mass_RBC","mass_VEC"
"1","SF01","global",0.993022238730272,0.102770170255847,0.0958279980743546,0.0865255237023232,0.109271068310593,0.150281473737139,0.132220797375041,0.094906351799635,0.127261525597689,0.100935091147378
"2","SF02","global",0.981777862969576,0.138876830350285,0.13431129260911,0.0487287618886989,0.109309639816916,0.133257240017362,0.0738194145650554,0.110107213694353,0.113111931702588,0.138477675355631
"3","SF03","partial:MCC+VEC",0.522695041126032,0.00496838243932042,0.000435485257365972,0.00480263846391832,0.096113922322845,0.0954977992461959,0.590180542936489,1.68769208349704e-05,0.000882703149063294,0.207101649263967
"4","SF04","global",0.947895577874546,0.168981349597348,0.0670503092363773,0.087622144123309,0.0904083381926379,0.135375872967235,0.113086965327659,0.112849898905062,0.202785512349852,0.0218396093005203
"5","SF05","global",0.976442486762068,0.136489580144821,0.0604225661298874,0.15778881352696,0.123976447770716,0.157381368033003,0.0807109854262693,0.0835346840206567,0.0722125407465214,0.127483014201165
"6","SF06","global",0.971024575487341,0.104637537216709,0.0650272009947593,0.197243267688728,0.0771390556138138,0.118146776092708,0.0931634305789295,0.121505246671407,0.154692201146368,0.068445283996577
"7","SF07","global",0.938038632194403,0.136925428066168,0.0768057724423814,0.0740375468205186,0.0408724121466138,0.0947535307244611,0.133276206247248,0.187402692531323,0.214192549762713,0.0417338612585738
"8","SF08","partial:RBC",0.793020708649395,0.0251881053428328,0.0805035938484851,0.0640004516791989,0.0665803078701768,0.0408440274992574,0.0779643573919381,0.0876696020111514,0.481357330304015,0.0758922240529444
"9","SF09","global",0.975982133636274,0.133861936672758,0.0788188451248249,0.131310580356787,0.0765449270609541,0.13642513934298,0.0826546623422058,0.158135695726504,0.146581832464504,0.0556663809084823
"10","SF10","global",0.908813141538181,0.171572483032814,0.0551928282585126,0.100373291010252,0.0540008893259984,0.141486046803976,0.090033837609022,0.187241670897758,0.196732936787643,0.00336601627402437
"11","SF11","partial:EMac+RBC",0.668603518246611,0.00909846252031456,0.161959799927678,0.0976445705746162,0.0521972972678205,0.0380128848378812,0.0726547333177985,0.00901500128198698,0.544716827451284,0.0147004228206196
"12","SF12","global",0.926559760136262,0.205822899137482,0.071772619068375,0.0610703747353484,0.0790151481672021,0.129753012201778,0.0814396990399639,0.102893451412088,0.238227150979861,0.0300056452579012
"13","SF13","global",0.985249722092779,0.124618374752801,0.108088229673274,0.0765517264470077,0.0815631940210249,0.127510239536665,0.104221013941733,0.137570193655057,0.163546403441707,0.0763306245307289
"14","SF14","global",0.983031761858311,0.173584745659081,0.11345658561801,0.125971308584835,0.118672089177362,0.0755530155418173,0.081978185047893,0.115281038929867,0.126713534332047,0.0687894971090883
"15","SF15","global",0.922775334557789,0.073988290426873,0.0538138110320382,0.116066980488583,0.0203084297538458,0.11893881875379,0.129469585554945,0.242968864312017,0.178519913755906,0.0659253059220022
"16","SF16","partial:AM+EMac+CD8+AT2",0.775773335980925,0.133843647685323,0.235035872534502,0.0106473553495897,0.0586620209278231,0.146289953864825,0.0128894415808058,0.352616553848075,0.0104674930482046,0.0395476611608507
"17","SF17","global",0.866789286095903,0.156727112228731,0.273763918862689,0.0522969171716192,0.0700853474667718,0.158833305442421,0.00905818770571848,0.184845842052817,0.0202774408196164,0.0741119282496169
"18","SF18","global",0.954485640085461,0.10462020976013,0.133553770498395,0.0555651555179523,0.0495330882613108,0.159916893142748,0.11166585943852,0.185882102046983,0.150774484482197,0.0484884368517648
"19","SF19","global",0.947254487248619,0.0745345211549495,0.172360234260479,0.0699157837460695,0.0708078773836697,0.0963399519146058,0.154297750389389,0.131751930902831,0.198184588180138,0.0318073620678686
"20","SF20","global",0.949859075170705,0.124046085256838,0.0842269781764587,0.0981807462588405,0.0686015924210973,0.0718219929944182,0.16803389238877,0.206038473291903,0.1459148136942,0.0331354255174745
