"program_id","cell_type","pve","top50_mass","study","sequencing_platform","top1","top2","top3","top4","top5","top6","top7","top8","top9","top10"
"AM__F001","AM",0.118360690224238,0.0415391079294337,0.274871841875072,0.314412632963648,"MPHOSPH9","STXBP5","WDR7","ARID2","AMMECR1L","SS18L1","EIF2AK3","C5orf22","PEX1","ZNF529"
"AM__F002","AM",0.127181955567945,0.0957999140877763,0.974484240342063,0.947687073857135,"ATP6V0C","DBNDD2","TMEM35B","TNFSF13","MRPS24","ATP5F1EP2","ENSG00000234961","APOC4-APOC2","OVCA2","ZGPAT"
"AM__F003","AM",0.112482829369164,0.0687141245813464,0.766676019075123,0.353778622994449,"SFTPC","SLPI","SFTPA2","MGP","EHBP1-AS1","SFTPB","DCN","SFTPA1","SCGB3A1","IGKC"
"AM__F004","AM",0.0357481589860183,0.0615657017688835,0.343096748563098,0.0863083627386464,"AKR1C2","CETN2","FHAD1","OTOA","COL6A2","STIM2","BAHD1","INHBA","ADH1B","MLF1"
"AM__F005","AM",0.0268810181399873,0.0696065079707735,0.112116480257929,0.0797106873189991,"PYGL","CASK","ACAT2","CYB5B","ZNF189","ALOX15B","CARS1","VSIG10L","TCFL5","MSMO1"
"AM__F006","AM",0.0314609587052505,0.0692580436782121,0.732445604358401,0.00973831652579223,"NACA2","ATP5F1EP2","SNHG25","GSTA1","SERPINB3","MSMB","H3-5","TFF3","ZNF90","KRT17"
"AM__F007","AM",0.0292159748469895,0.0641104599471064,0.00979404758013464,0.00416096936998289,"FOLR3","SFTPC","SFTPB","EGR2","MAFF","SPARC","HCAR2","C15orf61","TNS1","ARFGEF2"
"AM__F008","AM",0.0231381069775385,0.0690323716300121,0.0272753443669146,0.273103468137709,"NDUFB8","MRPL23","ELK3","TXNDC16","RYR1","EEF1E1","RNF125","PXMP4","PSMA2","STIMATE"
"AM__F009","AM",0.0245269760083718,0.0596265972397546,0.0094016790532066,0.00422075863025137,"DNAJB4","FAM13A","MFGE8","ATP13A3","SLC19A3","SPP1","SERPINF1","MDK","GCH1","DPH7"
"AM__F010","AM",0.0176922517457636,0.075654139935624,0.061403598392162,0.0453005632304467,"ALDH1A1","PSENEN","CIMAP1B","ENPP2","ENSG00000280649","KCTD6","IQCG","SFR1","MGST1","ENSG00000226471"
"AM__F011","AM",0.0208275557112172,0.0705738902696263,0.303609012406298,0.0412167973072196,"MAML1","P2RY11","MRPL23","SLC46A1","SPON2","PLAGL2","ATG16L1","LMO7","RAB2B","TAB3"
"AM__F012","AM",0.0176848977450299,0.0701151208845657,0.022870002871518,0.113617187531672,"IL32","ENSG00000278376","CSAD","LTB","FAM221A","MVD","TUBA4A","HES2","ZNF738","EZH2"
"AM__F013","AM",0.0152479537145614,0.0692076132257368,0.165934100635965,0.0176488912241257,"OTOA","ZNF440","CCL5","TMT1A","SPRY2","SMG8","MATR3","TMIGD3","ZNF781","RBM34"
"AM__F014","AM",0.0168312810160199,0.0815150010373587,0.00904374700061958,0.00510915632703722,"MT-ND1","MT-ND2","VMO1","MT-ND5","MT-ND4L","MT-CO2","MT-CO3","CTNNB1","MLPH","DMTF1"
"AM__F015","AM",0.0176525753031883,0.0660312093649621,0.374886813854047,0.109544428309792,"FBXO32","PRKAG2-AS1","PELI3","RPTOR","KLF5","AFMID","SMAD6","TBC1D13","PTGS1","EID2"
"AM__F016","AM",0.0156990555092553,0.0928441764740539,0.0149258233299214,0.00485706160934835,"MT-ATP6","MT-CO3","MT-CO2","MT-ND4L","MT-CYB","MT-ND3","MT-ND1","MT-ND4","MT-ND6","MT-ND5"
"AM__F017","AM",0.0150077996931538,0.0703199761786118,0.00592467191982281,0.129494993255013,"PSMA2","NME1","NDUFA7","MATR3","TAF13","PRR4","ZNF621","TMEM52B","CPE","TMEM63B"
"AM__F018","AM",0.0187640366111862,0.140400814487141,0.621692706503404,0.369097558047009,"SFTPB","SLC34A2","TACC2","SFTA2","SFTPA2","SFTPA1","MUC1","CXCL17","PGC","SFTPD"
"AM__F019","AM",0.0118414034898792,0.0775628208660559,0.00738967635907044,0.00578643129034905,"KCNMA1","RGL2","SMPDL3A","TRAK1","FHIP2B","LDLR","GON7","STEEP1","ZNF788P","ATG2B"
"AM__F020","AM",0.0100566054849246,0.0732071766948044,0.143513585672375,0.0761125750346979,"LRRC75A","BBC3","H2AC20","ZNF253","MT1A","SULF2","CCDC191","MT1M","INCENP","WDR54"
"AM__F021","AM",0.0116974612448804,0.0837372276141116,0.14194159768322,0.106566509697008,"PLA2G7","TRPC6","CYP1B1","PCSK9","GPAT3","SPHK1","ADGRB3-DT","ADAM8","SERPINE1","SLC7A11"
"AM__F022","AM",0.00789858594939385,0.0726398301291014,0.0443186035327839,0.0304118563748047,"PTPN23-DT","ZNF320","NEU3","ADGRE3","ATAT1","FAM41C","ADGRB3-DT","ENSG00000248223","DHCR7","PYCARD-AS1"
"AM__F023","AM",0.0122486600899992,0.106685332798024,0.0688118212121333,0.136517998860502,"MKI67","BIRC5","CCNB2","RRM2","CDC20","UBE2C","NUF2","HMMR","CCNA2","TOP2A"
"AM__F024","AM",0.00672938005083812,0.0900639127601414,0.00575143320483574,0.380709146204226,"NME1","ENSG00000258311","TRIM34","ENSG00000124593","CLYBL","EMG1","PSMA2","AP4S1","ENSG00000267120","SYNJ2BP-COX16"
"EMac__F001","EMac",0.0921809732547223,0.0495163153475321,0.460318373248256,0.181987353314896,"AQP3","FAM89A","FGD5","TBC1D10C","CEACAM21","CDC37L1","NFIA","EXD2","RDH10","FFAR4"
"EMac__F002","EMac",0.122381007225016,0.10600174694458,0.970951149738728,0.961701439643477,"ATP6V0C","TNFSF13","DBNDD2","TMEM35B","OVCA2","MRPS24","ZNF90","EIF4EBP3","ENSG00000234961","GET4"
"EMac__F003","EMac",0.0943347813985792,0.0729109296080616,0.535520927411831,0.0797851135898382,"SERPINB2","G0S2","PTX3","IL6","IL1B","TNFAIP6","IL1A","PTGS2","S100A12","SNAI1"
"EMac__F004","EMac",0.0317874850342658,0.0863146109787646,0.166523984492732,0.218603000528046,"GNLY","GZMA","CD3E","CTSW","CST7","GZMB","CCL5","PRF1","TRBC1","IL32"
"EMac__F005","EMac",0.0350778833001518,0.0778539703583066,0.53058882007228,0.0811085846158531,"THBS1","TFPI","TMIGD3","LGALS2","DDIT4","MT-CYB","JAKMIP2","ITGB7","GPAT3","SIGLEC10"
"EMac__F006","EMac",0.0271385095283584,0.068451928407112,0.0581441737167817,0.087287961924856,"CHST15","PRXL2B","MFGE8","ZNF579","TPRN","RFLNB","LINC03072","BCR","SLC25A34","ADRB2"
"EMac__F007","EMac",0.0230665472788751,0.0706519733671968,0.321490888542707,0.277036727588504,"DUSP4","FCN1","CLEC10A","TFPI","RTN1","IL18R1","MSANTD3","IRAG2","SAA1","GIMAP7"
"EMac__F008","EMac",0.0244201543398875,0.0724244576254273,0.00445354951833929,0.00157085209795595,"ZNF90","MGST1","CYB5A","NR4A1","SNHG32","MT-ND4L","LIMD2","FMNL1-DT","RASA3","BCL3"
"EMac__F009","EMac",0.021160862768927,0.0713828460939669,0.135547176348754,0.211885082467673,"H1-2","LITATS1","NHERF2","MRPL12","ZNF358","GDF15","DCTN6-DT","DNAAF1","CLEC2D","PHLPP2"
"EMac__F010","EMac",0.0295932932739504,0.116285604686222,0.490852497338083,0.566280967072853,"SFTPA2","SLC34A2","SFTA2","SFTPB","SFTPA1","SFTPD","SLPI","NAPSA","MUC1","SFTPC"
"EMac__F011","EMac",0.0162060312921339,0.0805541897719379,0.0291887026995326,0.449333168689825,"ENSG00000271780","BIN3","ZBTB47-AS1","SLC27A5","UBL7-DT","MIR762HG","LINC02611","KRBOX4","L3MBTL3","ENSG00000260257"
"EMac__F012","EMac",0.0157468278585529,0.0721538724498672,0.120099702577952,0.341375511055678,"SGSM2","TMEM62","FAM149B1","FRRS1","CYP51A1","CENPH","ZBTB40","ENSG00000274383","NCR3LG1","HDAC7"
"EMac__F013","EMac",0.0154172216291727,0.0783468390225899,0.108714674856478,0.124464309842104,"ADORA2B","CDC37L1","ZNF117","HES6","CCL7","TNKS","GSPT2","ZNF236","ZBTB10","PTGS2"
"EMac__F014","EMac",0.0148397268359081,0.074863317183616,0.0235751354046276,0.439877956717388,"ZNF808","PYGO2","TTLL5","DCUN1D2","IFIT1","ZBTB34","CALCRL","CYTH3","PCYOX1","EMG1"
"EMac__F015","EMac",0.0142402992464396,0.0788094709387744,0.0150512797769731,0.406115916521944,"HYPK","BOLA2-SMG1P6","ENSG00000273149","CHSY1","ALG11","PRKAR1B-AS1","SRP19","CHD7","KAT2A","MYG1-AS1"
"EMac__F016","EMac",0.0118776007943036,0.0797439598405479,0.0350067283309663,0.0490639883133282,"ENGASE","CD22","C14orf93","KANSL1L","H1-4","NPIPB5","NAA16","KCNQ1OT1","PEBP4","APOL4"
"EMac__F017","EMac",0.0114542936229624,0.0801241019228593,0.0471465421697632,0.123635071766931,"SNHG21","HDAC4","ATAD2","ZNF799","PHF7","ALG10B","GLT1D1","SNHG19","CAPS","HS6ST1"
"EMac__F018","EMac",0.0094479098987404,0.0818300482700762,0.0566604300616608,0.0279727154491772,"RPS21-DT","FKBP7","PDGFB","REPS2","MLF1","ZNF623","LDAF1","GCNT2","CAMKMT","MCM4"
"EMac__F019","EMac",0.0109723022329713,0.0766289236784331,0.0436448491896108,0.141767555955891,"ME1","CCDC102B","ENSG00000262202","SRR","NOMO3","PTCRA","RFC4","OSGIN1","NIF3L1","DAPL1"
"EMac__F020","EMac",0.00876390981352311,0.0818751052052287,0.0504634703888718,0.0664794530590686,"VMAC","CALML4","ENSG00000261840","FAM111A-DT","KPTN","GIMAP7","SPTBN1","NUSAP1","CHST14","CEP131"
"EMac__F021","EMac",0.00904090838742312,0.0806102810543452,0.047997476381592,0.0416268567555325,"SRPX","TMIGD3","ADAMTS2","KCNC3","ADORA3","CEP128","PDK2","PANX1","CPEB2","CHST14"
"EMac__F022","EMac",0.00913166142341681,0.0798367678689752,0.0935286847654043,0.0660744557691006,"CYB561D1","C8orf58","CCNJ","DNAJB4","RASSF1-AS1","CT70","PFAS","PHLPP1","TAF5","ZNF708"
"EMac__F023","EMac",0.0066304817371635,0.0866259227837963,0.327868545904762,0.25001452457997,"PTGIR","NACA2","ATP5MGL","LYPD3","ENSG00000277654","NR4A3","SIK1","H3-5","PLCXD1","DUSP2"
"cMono__F001","cMono",0.10769399404934,0.0412124924522725,0.429278594187332,0.320020221695207,"P2RX7","ARID2","REPS1","VPS54","CMKLR1","TBC1D10B","TMEM268","MED24","ZNF438","PACS1"
"cMono__F002","cMono",0.0759092607384922,0.107064759821074,0.955441742327732,0.903009353337509,"ATP6V0C","TNFSF13","OVCA2","DBNDD2","MRPS24","C1orf56","SNHG25","ZNF90","TMEM35B","NME2"
"cMono__F003","cMono",0.0666926482257694,0.0939909034698155,0.922760530313512,0.199352129167677,"MSMB","SERPINB3","BPIFB1","KRT17","SFTPC","KRT19","WFDC2","LCN2","KRT15","TFF3"
"cMono__F004","cMono",0.0480303119983817,0.106888154014559,0.186299327554192,0.0467213246072507,"CD3E","IL32","GNLY","MGP","GZMB","CCL5","CD3D","CLDN5","TIMP3","ITM2A"
"cMono__F005","cMono",0.044852183329067,0.0953053794699686,0.635915136627008,0.143688318486178,"CCL20","FLT1","HCAR2","MIR155HG","SERPINB2","IL1A","PHLDA1","CCL4L2","NR4A3","CD83"
"cMono__F006","cMono",0.023862039838567,0.0789249505361894,0.342994347520148,0.265398818443812,"IL1R2","DAAM2","AMPH","ADAMTS2","SRGAP1","TMIGD3","ACKR3","GLDN","IL18R1","ZBTB16"
"cMono__F007","cMono",0.0170670692191125,0.0750038901819515,0.117931997716213,0.0511091422112281,"SLC10A7","DPY19L1","MTX2","WDR7","DHDDS","HEG1","NFRKB","CEP162","TRIM56","PRMT5"
"cMono__F008","cMono",0.0239098641292415,0.0889811767030073,0.414393971404344,0.488979797051082,"SLC34A2","SFTA2","SFTPB","NAPSA","SFTPA1","SFTPA2","MLPH","CXCL17","TACC2","LAMP3"
"cMono__F009","cMono",0.0156564344934638,0.0771420272004619,0.0956783924072684,0.0865926356399651,"NRP1","TRAPPC10","PDE3B","ATAD3B","NFYB","SVIL-AS1","OTOA","IQCE","ANKRD37","SIRT6"
"cMono__F010","cMono",0.0240625111619569,0.0762009356272442,0.0946055420105556,0.0685582671029421,"SOCAR","LINC01943","SREBF2-AS1","BIRC5","MKI67","DAXX","LILRA4","RGL4","AUH","PTTG1"
"cMono__F011","cMono",0.0162480257299332,0.0766011332229383,0.0734696959953854,0.00966272619318303,"YRDC","C2CD2L","HIP1","LRP3","PFKP","TAB3","GMCL1","NREP","SNX12","GRAMD2B"
"cMono__F012","cMono",0.0152295417343675,0.0835203152613445,0.137075537372775,0.194282444905514,"CHST2","GPR160","DOCK4","CXCL5","GBP5","KIFC3","CD274","ENSG00000260805","HRAS","ANXA2R-AS1"
"cMono__F013","cMono",0.0148816288872958,0.077415079217129,0.0267598325796078,0.131594776603215,"NUAK2","COQ7","SH2B1","NDUFA7","ENSG00000225889","SMAD7","CSPP1","SNHG25","SCD","BLTP3A"
"cMono__F014","cMono",0.0143789472140082,0.0921223668381847,0.0764602389456091,0.265970402631157,"ENSG00000258311","ENSG00000280071","EEF1G","UBE2V1","DNAJC25-GNG10","PLSCR3","PSMA2","DHX33","ENSG00000267120","ZNF438"
"cMono__F015","cMono",0.0143840521206331,0.0775067443873279,0.190949981413786,0.111685808014539,"SCGB3A1","SCGB1A1","FMNL1-DT","PADI4","DCTPP1","SLC37A3","ZNF316","TMEM161B","TP53INP1","CDC42BPB"
"cMono__F016","cMono",0.013513652313976,0.0812465868091468,0.118833374175547,0.0458729130423739,"PLAGL2","PRC1","NOL9","CEP152","SLCO2B1","NUDCD3","FBN2","ZNF761","SCRN3","SOCS5"
"cMono__F017","cMono",0.0139812829107098,0.0852199354600964,0.00770491134442352,0.014250657848707,"MYO1C","MPHOSPH10","SLC5A3","ASH1L-AS1","SGSM2","NPHP3","SEPTIN1","BCOR","NUP188","ENSG00000273272"
"cMono__F018","cMono",0.0118211565061952,0.0806184652186925,0.107484228395188,0.165830833079973,"MIB2","CLCC1","POLR3C","ARHGAP19","PDGFC","SH3GLB2","COQ9","PI4K2B","CBFA2T2","ZNF407-AS1"
"cMono__F019","cMono",0.0145700424771571,0.0767938086134365,0.0947556644119805,0.0372476343715403,"BRAP","DYNC2I1","SHLD1","MRTO4","GAR1","TMEM260","FXYD3","INTS14","ACSF3","VNN1"
"cMono__F020","cMono",0.0110107597937789,0.0792242259858983,0.0413127980784881,0.119569692766894,"SYMPK","RFX3","GPR84","FARSA","TXNDC16","SLC25A16","TRIM21","HEATR5A","ABCF3","RCC1"
"cMono__F021","cMono",0.00986514283597465,0.0807035807076582,0.018851235063715,0.225203357320255,"UBL4A","ENSG00000262580","ZC3H12C","XKR8","TMEM181","ZNF12","ZNF576","ATR","OSBP","ALAS1"
"cMono__F022","cMono",0.0104586111792448,0.0848099233720233,0.138994245464718,0.0686946475708716,"ZCCHC14","MIX23","EYA3","MMP25","THOP1","SRP14-DT","OTUD4","SERPINH1","DNAJC16","ABHD17B"
"cMono__F023","cMono",0.00912439834521492,0.0812786054923817,0.0408788124306308,0.131026059928601,"DUSP18","USP53","DVL1","DGKH","BLZF1","TNFRSF8","KLHL15","PHETA1","ARPIN","KAT2A"
"cMono__F024","cMono",0.0105569437782885,0.0815701189945953,0.073210832660011,0.221184063075774,"PHRF1","AEN","TRMT61A","CPSF4","CACFD1","CCDC9","LONP1","RBMXL1","HCFC2","SAP30L"
"cMono__F025","cMono",0.00780248680228971,0.0852773746375776,0.039374045284557,0.0393247335320375,"CLEC5A","SREBF1","IL1R1","SCO1","PLA2G7","VPS50","NOMO1","SIRT6","TIMM29","DEDD"
"DC__F001","DC",0.130888289305824,0.0446768358362645,0.672735606185413,0.24803393703352,"SFTPC","SFTPA1","SFTPB","SFTPA2","CH25H","HSPA1B","PDK4","SERPINB3","ENSG00000273702","TMEM71"
"DC__F002","DC",0.0761332303867312,0.0966066831063349,0.963869246923528,0.807976240751091,"ATP6V0C","TNFSF13","DBNDD2","TMEM35B","ENSG00000267120","GNG10","MT-ATP8","WBP1","ENSG00000234961","BCKDHA"
"DC__F003","DC",0.0708991473146692,0.0956091484557882,0.876326897210308,0.369644661297457,"MSMB","SERPINB3","BPIFB1","TSPAN1","KRT17","FXYD3","AGR2","HBB","GSTA1","KRT19"
"DC__F004","DC",0.0393557508679279,0.0662864202872779,0.729934801331916,0.389129104970884,"NDUFC2","PSMA2","CCL24","LYPD2","ZNF185","CLEC12A","ZBED3","TUBA1B-AS1","EEF1G","PXN"
"DC__F005","DC",0.0265147375297441,0.0989464514440256,0.248256874554075,0.208157125190475,"GZMA","CD3D","CD3E","IL32","KLRB1","GZMM","TRAC","GZMB","PRF1","GZMH"
"DC__F006","DC",0.026665738782958,0.0854750563835661,0.380899416756674,0.152289117892341,"AKR1C3","TIFAB","DNASE1L3","MFGE8","GSTM3","MMP9","ELAVL4","ZBTB16","CXCL9","SH2D4A"
"DC__F007","DC",0.0230113100839108,0.0840784298462609,0.20762054502451,0.0461488740576109,"CXCL2","MIR155HG","TRAF1","G0S2","THAP2","PHLDA1","PMAIP1","CCL20","CXCL8","BIRC3"
"DC__F008","DC",0.0184957600174562,0.114115097725027,0.610743797007887,0.350318385593071,"SFTPB","SFTPA2","SFTPD","SFTPA1","SLC34A2","PGC","SFTA2","SFTPC","NAPSA","SLPI"
"DC__F009","DC",0.0152580352933947,0.0787620079961858,0.00845752422866339,0.0286294081713192,"FAM118B","TMEM267","LRCH4","THAP2","HMCES","ESS2","ZMYND19","CDIP1","MREG","GPR155"
"DC__F010","DC",0.0151084554811393,0.0798971580688635,0.086364477369427,0.183024269443548,"NHERF2","IFI27","PIEZO1","EMSY","SLC12A2","ZNF654","RPRD2","BTAF1","SEC24B","ZNF821"
"DC__F011","DC",0.0143307717231256,0.0679158461156993,0.00543553580569556,0.00912088862644947,"HLA-DRB5","DYNLT4","VGLL4","SUCNR1","ROPN1L","RCC1","BHLHE41","SMIM22","PRKAG2-AS1","PXK"
"DC__F012","DC",0.0123245630273799,0.0828033959844451,0.0454380934967298,0.0224328566433101,"TMEM80","TAFAZZIN","TAF6L","POLI","SLC10A3","SCAF8","RAMP1","CIBAR2","EMC1","SNAI3"
"DC__F013","DC",0.012377487119325,0.0853802922737349,0.0888120610890342,0.135388505489841,"SCAF8","RPS6KA5","PLCD1","TST","ANKRD54","CYB5D2","PGRMC2","PRIM2","MREG","ENSG00000257764"
"DC__F014","DC",0.0127915399508586,0.0763408677450275,0.0587680634859267,0.120935327368535,"CCR2","FTX","ZC3H3","LINC00938","TRAPPC2","GGACT","KCTD7","ABCC4","RBBP5","MIR23AHG"
"DC__F015","DC",0.0108546434174666,0.085173711262516,0.0558704025565304,0.0292934816326328,"ARFGEF2","FAM8A1","PDE1B","PALS1","NCLN","MSH6","GALC","PIM2","PILRB","POMT1"
"DC__F016","DC",0.0112520307903085,0.08216850127542,0.0312140981578183,0.0754431975718064,"MYCL","CLPB","ALKBH4","SPPL2B","FAM76B","TM9SF1","LXN","LINC01943","CARNMT1","CCDC149"
"DC__F017","DC",0.0102100387419966,0.0852288652857175,0.142034881577091,0.091252281744153,"PDSS1","STAT5B","PTOV1","BPGM","AKT3","RYR1","G2E3","SEMA7A","HSD17B14","FBXO30"
"DC__F018","DC",0.00994319701583416,0.0838624037881623,0.0434257334023131,0.0284644911874717,"TP53I3","CCSER1","F13A1","PIP4K2C","COG2","TBC1D10B","ZNF532","SGO2","IMPA1","MARCO"
"DC__F019","DC",0.0128416328401921,0.0978371677512617,0.178609293715755,0.25916343054781,"TK1","RRM2","DYNC2I2","PCLAF","UBE2C","TOP2A","TYMS","CENPU","ZWINT","TPX2"
"DC__F020","DC",0.00848198048971144,0.0850295775758638,0.0579789359329026,0.0993070167139803,"SLC38A6","RPTOR","ST6GALNAC6","ETS1","NPEPL1","FOXK2","ULK3","PSEN2","PRIMPOL","PPARG"
"DC__F021","DC",0.0111019333337425,0.0864623314377151,0.0579823219117154,0.078856435967742,"CNTROB","TTC39B","EPHX1","RAB24","RFX2","TCN2","CDKN2C","LATS1","S100A13","PRR3"
"DC__F022","DC",0.00899571419961284,0.0902907138879408,0.0723758540555299,0.371195128822307,"SMG9","AARSD1","CC2D1A","ZNF366","SKP2","NCAPH","ITPKB","VPS33A","NFRKB","ACTMAP"
"DC__F023","DC",0.00879969467546438,0.0822086332228339,0.238626036338017,0.0898089064433387,"FRY","HCAR2","TTI2","CHRNB1","ZBTB41","PTOV1","ORC2","UTP25","UQCC6","FHIP2B"
"DC__F024","DC",0.00979352918260511,0.0847741639989468,0.0112443000381756,0.185667155258675,"TRIM25","ZNF518B","NUDCD1","SSBP2","LNPK","AURKA","MUC1","SLC7A8","TCF19","PTGER2"
"CD8__F001","CD8",0.14196208562989,0.0860354017865013,0.99096938267779,0.780055899905639,"PTPRCAP","ATP6V0C","LIME1","TMEM35B","TRBV20-1","ENSG00000272211","LINC00513","MT-ATP8","OVCA2","ZGPAT"
"CD8__F002","CD8",0.128803734771202,0.0556452850940107,0.865801911687187,0.430053525028602,"SFTPC","ATF3","FOS","NR4A2","ALDH3A1","DUSP1","FOSB","LYZ","RGS1","FCGR3A"
"CD8__F003","CD8",0.108419758627613,0.0869953154609213,0.862533874362979,0.2788868220052,"MSMB","SERPINB3","BPIFB1","GSTA1","TSPAN1","KRT17","WFDC2","SFTPC","MUC5AC","KRT19"
"CD8__F004","CD8",0.0363075904689125,0.0673729134731775,0.724057997006222,0.0541055970428665,"CXCL8","FOS","AREG","DHFR","JRK","PAQR8","TMEM204","TSEN2","METRNL","CDKN1A"
"CD8__F005","CD8",0.0352349836470634,0.0674295134262615,0.666794741738225,0.33480757674988,"ECI1","BPNT2","EEF1G","C19orf33","EIF4G3","IER5L","RELB","NDUFC2","MRPL30","NDUFA11"
"CD8__F006","CD8",0.0259721953458969,0.0997320990808411,0.0380054789608954,0.039960119731742,"GPX3","C1QB","FABP4","C1QA","SPARCL1","C1QC","SERPING1","PPP1R14A","MYL9","MGP"
"CD8__F007","CD8",0.0226913148173124,0.0665870454555132,0.480258637293391,0.154831010982149,"ATF3","PHLDA1","ENSG00000278743","BAG3","DNAJB4","RELB","MIR23AHG","A2M-AS1","ANKRD37","H2AX"
"CD8__F008","CD8",0.0218570669552415,0.0666474974444964,0.0285407309409251,0.0026137093689386,"HEXIM1","RIPK2","ERMARD","PAXBP1","COQ6","CDCA7","SMAD5","PTGER2","IBA57","RFLNB"
"CD8__F009","CD8",0.0172233449217912,0.0730605977987971,0.0355332796439886,0.026027447434395,"TARBP2","PHF8","FAM3A","MRPL38","TRBV19","MBLAC2","TRIM24","LZTFL1","H1-5","PALLD"
"CD8__F010","CD8",0.0215291641211045,0.0647204777615699,0.00356712153820986,0.000613381834875766,"S100P","TRBV29-1","TRBV11-2","TRBV5-5","HRAS","CNEP1R1","ALYREF","TRAV10","TRAV5","CXCR4"
"CD8__F011","CD8",0.0191166082103739,0.0868734289277923,0.231317400071907,0.11697254977056,"SFTPA1","SFTPA2","SFTPC","SFTA2","SFTPB","RARRES2","MGP","NAPSA","TM4SF1","NNMT"
"CD8__F012","CD8",0.0187392543290295,0.0644664586919404,0.0356444472408999,0.00945708328122811,"NR4A2","CES1","KRT6A","TTC33","ZNF331","PIGL","CAPS","AK1","ROCK2","PRSS22"
"CD8__F013","CD8",0.0160850395981073,0.0757454894550128,0.0735389309028448,0.0101219331919627,"MIR23AHG","CNTROB","HOTAIRM1","KATNIP","LINC01409","CFAP44","PGLYRP2","ENSG00000272211","EIF2AK3","CKAP5"
"CD8__F014","CD8",0.0188835866513454,0.0651352557765224,0.00384753726404121,0.00105245514367667,"HMGCL","PRR4","TMEM120B","PIAS2","POLM","ST6GAL1","PCYT2","KCTD9","FAM131B-AS2","KIAA0586"
"CD8__F015","CD8",0.0180501757569418,0.0697999463286538,0.232510995499387,0.0717741302300094,"CDKN1C","CASK","PATL2","ENTR1","GNGT2","TBC1D10B","GIGYF1","NPHP3","SCGB3A2","DVL3"
"CD8__F016","CD8",0.0142214009242042,0.0752237143436363,0.0515873157522433,0.0170476479649685,"TIRAP","PDZD8","MORN3","RAB27B","ATXN1L","NEK8","CCNYL1","GLB1","ST3GAL1-DT","ZNF420"
"CD8__F017","CD8",0.0172184953783869,0.0752940809735876,0.416365622920264,0.148437060906674,"EIF2AK3-DT","HSPA6","ENSG00000262202","SLC16A13","TSPAN2","PTCH2","CLDN5","TMT1A","ASCL2","H2BC26"
"CD8__F018","CD8",0.0113642678247157,0.0768929918535648,0.428557249838685,0.0474619909789351,"PYROXD2","PLEKHG3","MTERF2","RFC4","TAF4B","PPM1L","ZC3H12D","ZDBF2","H2AC11","TRAV26-1"
"CD8__F019","CD8",0.0108388001756339,0.0844669036072069,0.0313302524308999,0.107775861969056,"ERV3-1","EMG1","PSMA2","ENSG00000124593","H2AC13","MRPL30","POFUT2","RUFY2","BOLA1","TCP11L1"
"CD8__F020","CD8",0.0101287881891676,0.0847835128186804,0.142713788101967,0.0600688304885363,"GNLY","ZNF562","EPAS1","KLF5","TENT5C","P2RY8","F3","KRT5","LRRC1","UPF1"
"CD8__F021","CD8",0.00834545181604997,0.085316085108207,0.0242311843649927,0.239224835192555,"PIAS2","HOXB2","HLA-DMB","TRAV21","DUSP10","RREB1","ANKRD52","CSTA","SLC35A1","MIR23AHG"
"CD8__F022","CD8",0.00707863816693,0.0832493053798906,0.173623148566733,0.128288102501843,"DBN1","ETFBKMT","RHPN1","HBA1","ZNF718","SNHG25","KIFC3","TEPSIN","SLC5A6","RPAP1"
"CD8__F023","CD8",0.00822218657118216,0.0838287950445077,0.0246369102344458,0.0535199965203043,"PHAF1","ENDOV","SIPA1L3","TMEM39B","ZNF736","TNFAIP8L2","NRROS","MSC-AS1","ZKSCAN8","SMARCAL1"
"MCC__F001","MCC",0.213145995903988,0.0732889092661079,0.927693051680494,0.422230105284224,"SFTPC","SFTPB","SCGB3A2","SFTPA1","SFTPA2","GPC3","SFTA2","ADH7","WIF1","CPM"
"MCC__F002","MCC",0.0945892647224136,0.0537082159030125,0.695334776981098,0.35511476036198,"ATP6V0C","SEC14L4","LINC00685","GNG10","NME2","DBNDD2","ELL3","CDK2AP1","MEX3A","TMEM35B"
"MCC__F003","MCC",0.0818919962249624,0.0994109495892495,0.848219509626574,0.534039093192075,"CXCL1","KRT17","CXCL8","FOS","MSMB","SERPINB3","FOSB","NR4A1","EGR1","BPIFB1"
"MCC__F004","MCC",0.0764300709834194,0.0862893300186587,0.785208059808361,0.584638333962485,"ATP6V0C","ENSG00000269091","TMEM35B","MRPS24","CSRP3-AS1","DBNDD2","WBP1","MATR3","CNGA4","GSTM2"
"MCC__F005","MCC",0.0392809246342525,0.0744182539626236,0.798398080488028,0.148282041536965,"SIX3","PAX7","DAPK1","EEF1G","SLC34A2","MIA","FEZF1-AS1","TFCP2L1","ANPEP","TNNC1"
"MCC__F006","MCC",0.0222020201229665,0.100606513238491,0.62802510406375,0.124908226274275,"CD52","NKG7","LST1","IGLC2","CCL5","GYPC","IGHA1","IGKC","GNLY","GNG11"
"MCC__F007","MCC",0.0224594533733167,0.0800477238706178,0.654212788728431,0.0851212017161967,"HSPA6","AGAP5","CYP2F1","ENSG00000262202","LINC01001","GTF3C2-AS2","TSPAN8","HBA2","CYB5D1","H2BC8"
"MCC__F008","MCC",0.0147636118065828,0.100151496524844,0.344959538855109,0.13282384259878,"EEF1G","EIF4EBP3","GABARAP","PAGR1","DDX47","EIF5AL1","BOLA2-SMG1P6","TRAPPC5","RNASE4","GARIN2"
"MCC__F009","MCC",0.0165359828834532,0.0756513003103669,0.493937501880791,0.264507987289408,"MT-ATP8","BATF","SNHG25","EP300-AS1","FLT3LG","H1-4","CLDN9","MDS2","NFKBIE","CCDC175"
"MCC__F010","MCC",0.011455913600227,0.0788060609145021,0.278272548429632,0.139464938281325,"CD163","MS4A7","CD68","TRIB3","VSIG4","FCMR","ENSG00000272141","FABP4","FAM72A","ERN2"
"MCC__F011","MCC",0.0106964943223569,0.0782696558281549,0.0597224938275966,0.458196059525129,"ENSG00000237773","LINC01607","TRIM71","CYBB","SOX30","DEPP1","TIMP3","ZSCAN31","AFMID","TMEM123-DT"
"MCC__F012","MCC",0.0106483794587585,0.0791167656717474,0.40856179239257,0.13069792996213,"PTPRS","ADCY2","ENSG00000237429","IGHM","BICD1","CCL15","CNIH3","MROH8","PPP4R4","R3HDML-AS1"
"MCC__F013","MCC",0.00976884875745684,0.0795377135616332,0.00734657052974555,0.274328956828097,"NDUFC2","BLOC1S1","TYROBP","KCNQ1OT1","ENSG00000275163","APOC1","PMF1","PSMA2","SRGN","FABP4"
"MCC__F014","MCC",0.0100702443304061,0.0867187775909134,0.0775157005973449,0.576935839655784,"LINC02057","GARRE1","AQP7","CCDC88A","SLC15A3","ITM2A","SERP2","ENSG00000251131","GBP6","TTN-AS1"
"MCC__F015","MCC",0.0086517598336247,0.0822256905752692,0.0088212425098252,0.00200877381442562,"KRT14","H1-3","CD200R1","LGALS7B","TAF9B","CSRNP1","GPR157","FOS","TLR1","MAFF"
"MCC__F016","MCC",0.00959518593129633,0.0834058187823375,0.208367359299956,0.0493598887682071,"FN1","AJUBA","RORB","HSPA2","GPR183","GNLY","SIDT1-AS1","CDC37L1-DT","CPEB2","ST8SIA1"
"MCC__F017","MCC",0.00996392286574047,0.120616340135454,0.211384087941614,0.076489955447824,"CLDN18","NAPSA","PGC","SFTPA1","SFTPA2","ZNF385B","CACNA2D2","HSD17B6","GKN2","CA2"
"MCC__F018","MCC",0.00882426229476536,0.0854168629629065,0.0151883518169655,0.0177571915260064,"KRT6A","CSMD1","KRT17","SLC34A2","COL28A1","KCNN3","KRT5","C11orf98","GLMN","ALPL"
"MCC__F019","MCC",0.00695558132576582,0.0918427514083466,0.0186600759666266,0.0432213931853584,"ATP10B","EVI2A","B4GALT6","ITPR2","MICA-AS1","IDO1","SERPING1","ENSG00000259529","LINC02057","GAS6"
"MCC__F020","MCC",0.00767955031631139,0.0857223323583303,0.211459384008439,0.0760420555952183,"DET1","FAM182B","EPCIP-AS1","ENSG00000251615","LINC00342","ZNF441","KYNU","ENSG00000259891","ZNF594-DT","ENSG00000274383"
"MCC__F021","MCC",0.00680696429677831,0.0857971902360924,0.105381268070892,0.0351376529831016,"SLC15A2","CSRP3-AS1","TSPAN5","ZNF16","SNRPF-DT","UBOX5","CDKN2B-AS1","ZNF778","BMERB1","LINC00623"
"MCC__F022","MCC",0.00567903613757872,0.0909366095442222,0.173103847093874,0.0812460222682998,"ERI2","CAPN10-DT","DPP6","MUC16","STIM2-AS1","ENSG00000227857","ENSG00000224371","BAALC","TENT5B","WNT4"
"MCC__F023","MCC",0.0103278705056969,0.325896322526187,0.107731431792086,0.0286316370175453,"RPS4Y1","DDX3Y","XIST","EIF1AY","USP9Y","UTY","TTTY14","ZFY","KDM5D","TMSB4Y"
"MCC__F024","MCC",0.0068790065542386,0.0840041351991356,0.148476120769771,0.0566873239800985,"ZNF689","HEY2-AS1","ASCL2","CKMT1B","PSD4","GPATCH1","PIGA","ARHGEF10","SMAD7","UBL7-DT"
"MCC__F025","MCC",0.00547421698925711,0.0919833234877672,0.212336921708796,0.0664065193979875,"WDR24","ST8SIA1","MUC12","ANKRD18B","PRMT9","ANGPT2","SPNS2","PTTG1","GOSR2","HIPK1-AS1"
"AT2__F001","AT2",0.138659709265322,0.109510592493263,0.975321692267549,0.975903077130918,"ATP6V0C","DBNDD2","TMEM35B","MRPS24","OVCA2","ATP5F1EP2","TNFSF13","GET4","NHSL2","WBP1"
"AT2__F002","AT2",0.117009733762721,0.0454917462102446,0.267792854073812,0.243724559109107,"ENSG00000235584","MYLK","ANGPTL4","KLB","DHFR2","MAGI2","RAB12","TXNDC16","IGIP","SLC25A42"
"AT2__F003","AT2",0.0792289874352843,0.101602735641015,0.393160549334486,0.126292738803328,"CD52","C1QB","ALOX5AP","MARCO","C1QC","C1QA","AIF1","VCAN","TYROBP","FCER1G"
"AT2__F004","AT2",0.0377922315813883,0.0907474378158411,0.166178443643009,0.186285471297331,"CCL2","TNIP3","CCL20","LIF","FOSL1","ANGPTL4","TFPI2","CD274","TNFSF14","BATF"
"AT2__F005","AT2",0.0321244420594289,0.06810086628938,0.156949806159794,0.0930397780869451,"SPDEF","ERP27","TMPRSS3","ENSG00000235584","GJB1","BPIFA2","NPDC1","GGACT","TAF6L","MT-ATP8"
"AT2__F006","AT2",0.0233782357615378,0.0763231282949817,0.0130500948513614,0.176318198771692,"EEF1G","ENSG00000124593","C11orf98","ISY1","OLFM1","ENSG00000275895","TRAPPC5","CMTM3","PSMA2","ZNF430"
"AT2__F007","AT2",0.0257460667786009,0.0718515409368901,0.214919649680428,0.217285435659525,"DEPP1","APOE","FAM83G","CTSF","SLC16A11","ENSG00000235584","BOLA2B","CCR5AS","MIR23AHG","ADM2"
"AT2__F008","AT2",0.0366880697804378,0.11147056350197,0.0455661252162025,0.0734213805722266,"BIRC5","MKI67","CDC20","TYMS","TPX2","CENPF","RRM2","CDKN3","CEP55","CCNB2"
"AT2__F009","AT2",0.025156535617438,0.0858321925693106,0.251884931953187,0.199780899195344,"DCN","FBLN1","COL6A2","LUM","ADH1B","COL1A2","MFAP4","RARRES1","PLA2G2A","SPOCK2"
"AT2__F010","AT2",0.0207156527358573,0.0942696952740489,0.0463309014214278,0.0283532758851328,"FCN3","CLDN5","SPARCL1","VWF","PTGDS","RAMP3","RAMP2","A2M","FHL1","FAM107A"
"AT2__F011","AT2",0.0169717987514974,0.0788264213410472,0.0539153151031176,0.150576334361762,"BAMBI","ABCA1","COL27A1","BTG1-DT","TIMELESS","DLL4","MAFB","HSPA6","ENSG00000278743","PEX6"
"AT2__F012","AT2",0.017439665692532,0.0737279407726464,0.310700773067045,0.232945046144826,"IGKC","FBXO16","NRXN3","PKD2","CDK14","GPM6A","DLGAP1-AS2","C1orf216","SLC1A1","CATSPER2"
"AT2__F013","AT2",0.0154309332944008,0.0821209143585143,0.0245834918428873,0.0382481712958761,"ZNF737","KAZN","CDAN1","USP43","GCH1","ITGB3BP","DNAH11","MAGI2","LINC01612","USF1"
"AT2__F014","AT2",0.0170415653198542,0.077477961096333,0.0849554077601117,0.0978642061503044,"CFAP144","SPMIP6","FOSL1","CAPSL","TET3","BST2","RSPH1","SOWAHC","CIMIP1","MYBPHL"
"AT2__F015","AT2",0.0161188684417369,0.0790500133061912,0.0411740511879857,0.180641968315264,"IFI27","ANKAR","ATG4C","CDKN2C","LTO1","PRICKLE1","GPC5","SLAIN1","LITATS1","ENSG00000278743"
"AT2__F016","AT2",0.0126190383697278,0.0814712203500186,0.0287461661406784,0.0643302707469607,"FAM110C","PALB2","BTN3A1","KAT2A","ZNF740","S1PR4","RAVER2","RIOX1","DNAH5","FAM200A"
"AT2__F017","AT2",0.0106720556918099,0.0995534965023346,0.124945255045406,0.0557566311881443,"RNASEK-C17orf49","IGHV3-23","IGHA2","RNASE4","SIK1","TUBA1B-AS1","ENSG00000271741","PAGR1","LINC03052","ARIH2OS"
"AT2__F018","AT2",0.00990663294200718,0.0878904448636011,0.0287493706913642,0.320276648093913,"MST1","DNLZ","AMY1C","MIR497HG","PRR5","KNTC1","ZNF180","SLC22A17","LINC01409","APOBR"
"AT2__F019","AT2",0.00916960517043569,0.0887536932529773,0.492067445617838,0.442500439467402,"NACA2","DNAH6","PABPC3","NHSL2","CTXND1","ATP5F1EP2","ENSG00000277654","H3-5","KIF20A","SYNDIG1L"
"AT2__F020","AT2",0.00784007232839137,0.0902865285244448,0.0140704987738852,0.0268702776035231,"SDK2","ZNF668","RARRES1","TMEM17","FBXO30","CFAP96","SNX10","NAP1L5","CEACAM4","ZBTB7C"
"AT2__F021","AT2",0.0143714487716846,0.405790353767886,0.103073114870566,0.0690696173351826,"RPS4Y1","XIST","EIF1AY","DDX3Y","UTY","KDM5D","TTTY14","USP9Y","ZFY","TMSB4Y"
"AT2__F022","AT2",0.00623047815305649,0.0837407316137751,0.158732260194014,0.047334264929786,"UNC5CL","ZNF875","ENSG00000261884","MST1","FXYD4","CBS","FRS3","SLC25A25-AS1","MYRF","ZNF345"
"RBC__F001","RBC",0.197681204437566,0.0422260934402212,0.703651301352318,0.189771706720593,"HBB","TCEAL2","NPPC","DLK2","THSD4","TSLP","FAM41C","GPR155","ENSG00000251076","TPTEP1"
"RBC__F002","RBC",0.187495525615463,0.0592923415059636,0.925451475611006,0.618579168077032,"S100A8","KRT6A","ENSG00000262202","CSF3","FOSB","NR4A1","ADM","DUSP5","S100A9","ATF3"
"RBC__F003","RBC",0.0841499999461598,0.0611648580834256,0.638057634587382,0.000587111428394648,"ALOX15","CXCL2","SFTPC","C1QB","CCL20","SERPINB11","AQP5","TMEM238","MARCKSL1","PTPRR"
"RBC__F004","RBC",0.114651292065041,0.0939674220517162,0.840606077410734,0.58689061639959,"HBB","BPIFB1","MSMB","IGKC","CIMIP1","CFAP276","SPMIP6","SCGB3A1","CAPSL","RSPH1"
"RBC__F005","RBC",0.0428938861792605,0.062113445641,0.16804950565017,0.089542008308514,"MND1","EEF1G","CENPM","CDC20","TK1","CENPA","CDCA3","MAP3K9-DT","TOP2A","AKAP12"
"RBC__F006","RBC",0.0466528702169492,0.0647138875257129,0.226044858537973,0.00720914950969,"FOSB","NR4A1","CXCL8","LINC02256","ATF3","DMXL2","FHIP2A","MAFF","LARGE2","ZNF384"
"RBC__F007","RBC",0.0381104142168961,0.0681740670984635,0.443236356526936,0.003284386352734,"SFTPB","PLEKHH1","SFTPC","SOD3","NTS","NRARP","C1QA","WIF1","WNT5A","TYROBP"
"RBC__F008","RBC",0.0296457019412162,0.0667089916634144,0.0569429368516635,0.18912085003208,"HBB","ACOT11","MFAP4","IGLC3","IQCN","C15orf48","BAZ2B-AS1","PDE7B","HBA1","HAP1"
"RBC__F009","RBC",0.0232119738766775,0.0684642241794892,0.00408689314522747,0.00193493123635591,"BHLHE41","DKK3","ISLR","SCGB3A1","ARK2C","SPTY2D1","RIGI","CIART","MARCKSL1","CLMN"
"RBC__F010","RBC",0.020129993656524,0.0884502181893803,0.0770117273437344,0.154462530205133,"UPK3BL1","GARIN2","EIF5AL1","H3-5","PLCG2","TMEM238","ENSG00000261759","MFSD2B","BCKDHA","UQCRHL"
"RBC__F011","RBC",0.0146899899049579,0.0983769586293948,0.0100070502587366,0.00565862302184747,"SRSF6","INSR","B4GALT1","CDC42SE1","TRA2A","SOD3","C1orf56","DUSP1","GALNT11","CFI"
"RBC__F012","RBC",0.00893041853108207,0.0958116121722975,0.199662740007131,0.00541981977965371,"SFTPC","SFTPA1","SFTPA2","SFTPB","SCGB3A2","FYB2","C16orf89","IL1R2","BDKRB2","LMO3"
"RBC__F013","RBC",0.00774052825407058,0.115506718430455,0.0310519719269174,0.0053681705072832,"GABARAP","DDX47","ABHD16A","MRPL38","EEF1G","POLD4","RAVER1","ASPM","GARIN2","RAB24"
"RBC__F014","RBC",0.00619118950875867,0.10615411695156,0.012444716512487,0.00372226936919031,"EIF5A","CCDC190","CDC42SE1","NPDC1","KRT6A","VMAC","ZNF641","ASIC4","TCN1","PHC2"
"VEC__F001","VEC",0.232525492334091,0.0710917525061246,0.986962567567668,0.581891304610279,"SFTPC","TMEM100","FCN3","LYVE1","MT1M","ABI3BP","STXBP6","VIPR1","SLC6A4","PKHD1L1"
"VEC__F002","VEC",0.123979663745788,0.0674153595560715,0.823488503383772,0.609495189512722,"MSMB","SCGB1A1","BPIFB1","SCGB3A1","SLPI","SERPINB3","WFDC2","KRT19","CAPS","KRT17"
"VEC__F003","VEC",0.0638762024960518,0.0868150227429927,0.967848436718668,0.592238339820125,"ATP6V0C","TMEM35B","MRPS24","DBNDD2","IGKC","RTEL1-TNFRSF6B","CXCL8","PLSCR3","ENSG00000262967","OVCA2"
"VEC__F004","VEC",0.0378687371788348,0.0634410541444482,0.355073223073598,0.0519297763541583,"SCGB3A1","SLPI","MSMB","SERPINB3","SCGB1A1","KCTD2","ENSG00000228463","KRT17","WFDC2","PIGR"
"VEC__F005","VEC",0.0175398431450404,0.0739773379386416,0.178868769094142,0.0535432360201046,"CYP1A1","GRHL1","LRRC49","FBLIM1","HEY1","IPMK","CETN2","EFEMP1","SOX18","KMT2E-AS1"
"VEC__F006","VEC",0.0174497853770223,0.0752550004260414,0.486100922124063,0.195868149667253,"TMT1A","HIF3A","SLC6A4","RFTN2","PGF","GNAI1","P2RY6","PIK3IP1","CXCR4","CD69"
"VEC__F007","VEC",0.0159367570001656,0.0786250102619722,0.635157854377274,0.0718988637672087,"CES1","HELB","VSIG4","ARC","TIFA","C2CD4B","RND1","CITED4","NFKBID","RIPOR3"
"VEC__F008","VEC",0.0132730040643126,0.0929052582562979,0.0166211746723969,0.0045042896624588,"MT-CO2","MT-ND3","MT-ND2","MT-CO3","SH3D19","TUBB4B","ANAPC7","ANGEL1","GSTA4","NCBP3"
"VEC__F009","VEC",0.0154332921355294,0.0839489744274597,0.151846896560836,0.261216516159451,"C3","PDZK1IP1","ABHD3","PTCD1","ZNF529","C3orf38","A1BG","LRP5L","ARHGEF37","C15orf48"
"VEC__F010","VEC",0.0160869397890593,0.0736616673028975,0.00889417361650659,0.0342145398104655,"NAPSA","ADM5","CTSC","MIAT","ENSG00000273149","LMO7","ERAP2","BGN","BCOR","MYADM"
"VEC__F011","VEC",0.013341950140622,0.0868361475009216,0.0353826396345485,0.0159365661975751,"ZNRF1","H2AJ","MXI1","MT-ND2","MT-CO3","TIMM44","ATP5F1EP2","TBCK","ENSG00000250790","MT-CO2"
"VEC__F012","VEC",0.0118396242126439,0.0951642449170955,0.0218611108584581,0.00491383668031845,"MPZL2","PHLDA1","THOC3","SCPEP1","CBR1","MLF1-DT","OAT","MT2A","PLPP2","GIGYF1"
"VEC__F013","VEC",0.00972908714905916,0.0950345548868808,0.013451110180828,0.00419238084206722,"IL32","RBM43","TSPAN6","FAM135A","NIN","PDGFD","RPRD1A","PHKG1","KCTD3","PLEKHA5"
"VEC__F014","VEC",0.01561071090215,0.0901012290002672,0.214929548476036,0.599610583944609,"AFF3","F2RL3","LINC02289","HPGD","COL15A1","IL1RL1","CCL15","CYP4B1","MT1A","WNT2B"
"VEC__F015","VEC",0.0106846844898261,0.0867546588261318,0.0289625893952885,0.0689890417234048,"EGLN1","BTNL9","NIN","JAK2","ENSG00000262967","NPIPB5","CEBPB","LNX1","RFTN2","FOXF1"
"VEC__F016","VEC",0.00922627179556721,0.0967324673222596,0.0190434832313877,0.0396359533020822,"AIF1","LCP1","SEPSECS","S100A12","C1orf162","CIITA","SETDB2","RSPH3","ENSG00000273100","JAK3"
"VEC__F017","VEC",0.00958761311425025,0.0955244598954183,0.011728542324066,0.158923598927379,"NDUFV2","VCAM1","GBA2","PRKCE","SNHG25","BCYRN1","ENSG00000268157","LINC00513","ZNRF1","C11orf96"
"VEC__F018","VEC",0.00856076646239976,0.100011184836579,0.00457723661116262,0.00172956544897607,"DACH1","DYRK2","FAM131A","IRF2BPL","CBR3","BRAT1","TST","ALG14","NIPSNAP1","ZFC3H1"
"VEC__F019","VEC",0.00795396090356156,0.0913431525200906,0.011956205371461,0.0057699464869254,"SPPL2B","ENSG00000266538","CD82","MCRIP2","CDIP1","RSPO3","PRB4","SMAD6","PRADC1","CHST2"
