"scenario","missing_frac","arm","metric","value_mean","value_sd","n_seeds","summary"
"S1",0,"PA_loadings","failed",0,0,20,"0.000 +/- 0.000"
"S1",0,"PA_loadings","fpr",0.05,0.0760885910252682,20,"0.050 +/- 0.076"
"S1",0,"PA_loadings","n_false_shared",0.5,0.760885910252682,20,"0.500 +/- 0.761"
"S1",0,"PA_loadings","seconds",0.4149,0.0201308875010258,20,"0.415 +/- 0.020"
"S1",0,"PA_scores","failed",0,0,20,"0.000 +/- 0.000"
"S1",0,"PA_scores","fpr",0.085,0.0875093979915421,20,"0.085 +/- 0.088"
"S1",0,"PA_scores","n_false_shared",0.85,0.875093979915421,20,"0.850 +/- 0.875"
"S1",0,"PA_scores","seconds",0.4637,0.0379113925385302,20,"0.464 +/- 0.038"
"S1",0,"PMD_raw","failed",0,0,20,"0.000 +/- 0.000"
"S1",0,"PMD_raw","fpr",0,0,20,"0.000 +/- 0.000"
"S1",0,"PMD_raw","n_false_shared",0,0,20,"0.000 +/- 0.000"
"S1",0,"PMD_raw","seconds",6.7277,0.616608303544479,20,"6.728 +/- 0.617"
"S1",0,"stage1","seconds",5.02925,0.85913940263376,20,"5.029 +/- 0.859"
"S1",0.3,"PA_loadings","failed",0,0,20,"0.000 +/- 0.000"
"S1",0.3,"PA_loadings","fpr",0.05,0.0760885910252682,20,"0.050 +/- 0.076"
"S1",0.3,"PA_loadings","n_false_shared",0.5,0.760885910252682,20,"0.500 +/- 0.761"
"S1",0.3,"PA_loadings","seconds",0.4174,0.0218039108032437,20,"0.417 +/- 0.022"
"S1",0.3,"PA_scores","failed",0,0,20,"0.000 +/- 0.000"
"S1",0.3,"PA_scores","fpr",0.065,0.0812727700887249,20,"0.065 +/- 0.081"
"S1",0.3,"PA_scores","n_false_shared",0.65,0.812727700887249,20,"0.650 +/- 0.813"
"S1",0.3,"PA_scores","seconds",0.29675,0.00900219271534555,20,"0.297 +/- 0.009"
"S1",0.3,"PMD_raw","failed",0,0,20,"0.000 +/- 0.000"
"S1",0.3,"PMD_raw","fpr",0,0,20,"0.000 +/- 0.000"
"S1",0.3,"PMD_raw","n_false_shared",0,0,20,"0.000 +/- 0.000"
"S1",0.3,"PMD_raw","seconds",6.4121,0.650922576041114,20,"6.412 +/- 0.651"
"S1",0.3,"stage1","seconds",4.5345,0.705325046381193,20,"4.535 +/- 0.705"
"S2",0,"PA_loadings","failed",0,0,20,"0.000 +/- 0.000"
"S2",0,"PA_loadings","seconds",0.41435,0.0153529527418908,20,"0.414 +/- 0.015"
"S2",0,"PA_loadings","tpr",0.06,0.0598243041616119,20,"0.060 +/- 0.060"
"S2",0,"PA_scores","failed",0,0,20,"0.000 +/- 0.000"
"S2",0,"PA_scores","seconds",0.320900000000001,0.0160423780885766,20,"0.321 +/- 0.016"
"S2",0,"PA_scores","state_cor",0.998728613127419,0.000206339463769977,20,"0.999 +/- 0.000"
"S2",0,"PA_scores","tpr",1,0,20,"1.000 +/- 0.000"
"S2",0,"PMD_raw","failed",0,0,20,"0.000 +/- 0.000"
"S2",0,"PMD_raw","seconds",5.4973,0.316209474208075,20,"5.497 +/- 0.316"
"S2",0,"PMD_raw","state_cor",0.99795227554874,0.0005369076812558,20,"0.998 +/- 0.001"
"S2",0,"PMD_raw","tpr",1,0,20,"1.000 +/- 0.000"
"S2",0,"stage1","seconds",4.57175,0.996166434783604,20,"4.572 +/- 0.996"
"S2",0.3,"PA_loadings","failed",0,0,20,"0.000 +/- 0.000"
"S2",0.3,"PA_loadings","seconds",0.4196,0.0111563057458427,20,"0.420 +/- 0.011"
"S2",0.3,"PA_loadings","tpr",0.07,0.0656946685331786,20,"0.070 +/- 0.066"
"S2",0.3,"PA_scores","failed",0,0,20,"0.000 +/- 0.000"
"S2",0.3,"PA_scores","seconds",0.295,0.0139736594310414,20,"0.295 +/- 0.014"
"S2",0.3,"PA_scores","state_cor",0.998639509213091,0.000412310679671008,20,"0.999 +/- 0.000"
"S2",0.3,"PA_scores","tpr",1,0,20,"1.000 +/- 0.000"
"S2",0.3,"PMD_raw","failed",0,0,20,"0.000 +/- 0.000"
"S2",0.3,"PMD_raw","seconds",5.4779,0.288149796569697,20,"5.478 +/- 0.288"
"S2",0.3,"PMD_raw","state_cor",0.996049651061832,0.00147455808948616,20,"0.996 +/- 0.001"
"S2",0.3,"PMD_raw","tpr",1,0,20,"1.000 +/- 0.000"
"S2",0.3,"stage1","seconds",4.5596,1.00363667152065,20,"4.560 +/- 1.004"
"S3",0,"PA_loadings","auroc_cont",0.683333333333333,0.304343689307948,20,"0.683 +/- 0.304"
"S3",0,"PA_loadings","auroc_sig",0.530555555555555,0.164681155694681,20,"0.531 +/- 0.165"
"S3",0,"PA_loadings","failed",0,0,20,"0.000 +/- 0.000"
"S3",0,"PA_loadings","fpr",0.0388888888888888,0.0745355992499929,20,"0.039 +/- 0.075"
"S3",0,"PA_loadings","seconds",0.383300000000001,0.0132946368292269,20,"0.383 +/- 0.013"
"S3",0,"PA_loadings","tpr",0.1,0.307793505625546,20,"0.100 +/- 0.308"
"S3",0,"PA_loadings","tpr05_cont",0.2,0.410391340834062,20,"0.200 +/- 0.410"
"S3",0,"PA_loadings","tpr05_sig",0.1,0.307793505625546,20,"0.100 +/- 0.308"
"S3",0,"PA_scores","auroc_cont",1,0,20,"1.000 +/- 0.000"
"S3",0,"PA_scores","auroc_sig",1,0,20,"1.000 +/- 0.000"
"S3",0,"PA_scores","failed",0,0,20,"0.000 +/- 0.000"
"S3",0,"PA_scores","fpr",0.0666666666666666,0.0756174497087466,20,"0.067 +/- 0.076"
"S3",0,"PA_scores","seconds",0.27925,0.00944164905311008,20,"0.279 +/- 0.009"
"S3",0,"PA_scores","state_cor",0.998807532368632,0.000312526550972016,20,"0.999 +/- 0.000"
"S3",0,"PA_scores","tpr",1,0,20,"1.000 +/- 0.000"
"S3",0,"PA_scores","tpr05_cont",1,0,20,"1.000 +/- 0.000"
"S3",0,"PA_scores","tpr05_sig",1,0,20,"1.000 +/- 0.000"
"S3",0,"PMD_raw","auroc_cont",1,0,20,"1.000 +/- 0.000"
"S3",0,"PMD_raw","auroc_sig",1,0,20,"1.000 +/- 0.000"
"S3",0,"PMD_raw","failed",0,0,20,"0.000 +/- 0.000"
"S3",0,"PMD_raw","fpr",0,0,20,"0.000 +/- 0.000"
"S3",0,"PMD_raw","seconds",1.96845,0.17245547861771,20,"1.968 +/- 0.172"
"S3",0,"PMD_raw","state_cor",0.994227659026307,0.0065518496059999,20,"0.994 +/- 0.007"
"S3",0,"PMD_raw","tpr",1,0,20,"1.000 +/- 0.000"
"S3",0,"PMD_raw","tpr05_cont",1,0,20,"1.000 +/- 0.000"
"S3",0,"PMD_raw","tpr05_sig",1,0,20,"1.000 +/- 0.000"
"S3",0,"stage1","seconds",2.9985,0.733915562330965,20,"2.998 +/- 0.734"
"S3",0.3,"PA_loadings","auroc_cont",0.683333333333333,0.304343689307948,20,"0.683 +/- 0.304"
"S3",0.3,"PA_loadings","auroc_sig",0.505555555555556,0.122115849510841,20,"0.506 +/- 0.122"
"S3",0.3,"PA_loadings","failed",0,0,20,"0.000 +/- 0.000"
"S3",0.3,"PA_loadings","fpr",0.0388888888888888,0.0745355992499929,20,"0.039 +/- 0.075"
"S3",0.3,"PA_loadings","seconds",0.38645,0.0119007960812891,20,"0.386 +/- 0.012"
"S3",0.3,"PA_loadings","tpr",0.05,0.223606797749979,20,"0.050 +/- 0.224"
"S3",0.3,"PA_loadings","tpr05_cont",0.2,0.410391340834062,20,"0.200 +/- 0.410"
"S3",0.3,"PA_loadings","tpr05_sig",0.05,0.223606797749979,20,"0.050 +/- 0.224"
"S3",0.3,"PA_scores","auroc_cont",1,0,20,"1.000 +/- 0.000"
"S3",0.3,"PA_scores","auroc_sig",1,0,20,"1.000 +/- 0.000"
"S3",0.3,"PA_scores","failed",0,0,20,"0.000 +/- 0.000"
"S3",0.3,"PA_scores","fpr",0.061111111111111,0.0985601342581129,20,"0.061 +/- 0.099"
"S3",0.3,"PA_scores","seconds",0.268299999999998,0.0094707305337065,20,"0.268 +/- 0.009"
"S3",0.3,"PA_scores","state_cor",0.99878629469243,0.000348307795825029,20,"0.999 +/- 0.000"
"S3",0.3,"PA_scores","tpr",1,0,20,"1.000 +/- 0.000"
"S3",0.3,"PA_scores","tpr05_cont",1,0,20,"1.000 +/- 0.000"
"S3",0.3,"PA_scores","tpr05_sig",1,0,20,"1.000 +/- 0.000"
"S3",0.3,"PMD_raw","auroc_cont",1,0,20,"1.000 +/- 0.000"
"S3",0.3,"PMD_raw","auroc_sig",0.85,0.235081172990814,20,"0.850 +/- 0.235"
"S3",0.3,"PMD_raw","failed",0,0,20,"0.000 +/- 0.000"
"S3",0.3,"PMD_raw","fpr",0,0,20,"0.000 +/- 0.000"
"S3",0.3,"PMD_raw","seconds",1.95135,0.177488405848176,20,"1.951 +/- 0.177"
"S3",0.3,"PMD_raw","state_cor",0.983225175959833,0.0168504973077904,20,"0.983 +/- 0.017"
"S3",0.3,"PMD_raw","tpr",0.65,0.489360484929593,20,"0.650 +/- 0.489"
"S3",0.3,"PMD_raw","tpr05_cont",1,0,20,"1.000 +/- 0.000"
"S3",0.3,"PMD_raw","tpr05_sig",0.7,0.470162345981627,20,"0.700 +/- 0.470"
"S3",0.3,"stage1","seconds",2.77355,0.536312112094205,20,"2.774 +/- 0.536"
"S4",0,"PA_loadings","failed",0,0,20,"0.000 +/- 0.000"
"S4",0,"PA_loadings","seconds",0.430800000000003,0.0616719675293988,20,"0.431 +/- 0.062"
"S4",0,"PA_loadings","tpr",0.065,0.0812727700887249,20,"0.065 +/- 0.081"
"S4",0,"PA_scores","failed",0,0,20,"0.000 +/- 0.000"
"S4",0,"PA_scores","seconds",0.305599999999999,0.0167438912662744,20,"0.306 +/- 0.017"
"S4",0,"PA_scores","state_cor",0.991355284293679,0.00679205688181247,20,"0.991 +/- 0.007"
"S4",0,"PA_scores","tpr",1,0,20,"1.000 +/- 0.000"
"S4",0,"PMD_raw","failed",0,0,20,"0.000 +/- 0.000"
"S4",0,"PMD_raw","seconds",4.23035,0.324529339359732,20,"4.230 +/- 0.325"
"S4",0,"PMD_raw","state_cor",0.997845820628088,0.000637656561163281,20,"0.998 +/- 0.001"
"S4",0,"PMD_raw","tpr",1,0,20,"1.000 +/- 0.000"
"S4",0,"stage1","seconds",4.092,0.787123811567687,20,"4.092 +/- 0.787"
"S4",0.3,"PA_loadings","failed",0,0,20,"0.000 +/- 0.000"
"S4",0.3,"PA_loadings","seconds",0.405649999999998,0.01436104013239,20,"0.406 +/- 0.014"
"S4",0.3,"PA_loadings","tpr",0.06,0.0820782681668123,20,"0.060 +/- 0.082"
"S4",0.3,"PA_scores","failed",0,0,20,"0.000 +/- 0.000"
"S4",0.3,"PA_scores","seconds",0.288700000000001,0.0139022906102023,20,"0.289 +/- 0.014"
"S4",0.3,"PA_scores","state_cor",0.989365790937915,0.00789672845680866,20,"0.989 +/- 0.008"
"S4",0.3,"PA_scores","tpr",1,0,20,"1.000 +/- 0.000"
"S4",0.3,"PMD_raw","failed",0,0,20,"0.000 +/- 0.000"
"S4",0.3,"PMD_raw","seconds",3.99525,0.289861468727098,20,"3.995 +/- 0.290"
"S4",0.3,"PMD_raw","state_cor",0.995760620548207,0.00240438676974278,20,"0.996 +/- 0.002"
"S4",0.3,"PMD_raw","tpr",1,0,20,"1.000 +/- 0.000"
"S4",0.3,"stage1","seconds",4.13985,0.804365083057505,20,"4.140 +/- 0.804"
"S5",0,"PA_loadings","failed",0,0,20,"0.000 +/- 0.000"
"S5",0,"PA_loadings","fpr",0.05,0.0512989176042577,20,"0.050 +/- 0.051"
"S5",0,"PA_loadings","n_false_shared",0.5,0.512989176042577,20,"0.500 +/- 0.513"
"S5",0,"PA_loadings","seconds",0.355900000000001,0.0158609085821932,20,"0.356 +/- 0.016"
"S5",0,"PA_scores","failed",0,0,20,"0.000 +/- 0.000"
"S5",0,"PA_scores","fpr",0.135,0.0670820393249937,20,"0.135 +/- 0.067"
"S5",0,"PA_scores","n_false_shared",1.35,0.670820393249937,20,"1.350 +/- 0.671"
"S5",0,"PA_scores","seconds",0.26265,0.0130354779049521,20,"0.263 +/- 0.013"
"S5",0,"PMD_raw","failed",0,0,20,"0.000 +/- 0.000"
"S5",0,"PMD_raw","fpr",0.075,0.0444261658319319,20,"0.075 +/- 0.044"
"S5",0,"PMD_raw","n_false_shared",0.75,0.444261658319319,20,"0.750 +/- 0.444"
"S5",0,"PMD_raw","seconds",0.588849999999998,0.027891283301606,20,"0.589 +/- 0.028"
"S5",0,"stage1","seconds",1.70065,0.322669339466238,20,"1.701 +/- 0.323"
"S5",0.3,"PA_loadings","failed",0,0,20,"0.000 +/- 0.000"
"S5",0.3,"PA_loadings","fpr",0.05,0.0512989176042577,20,"0.050 +/- 0.051"
"S5",0.3,"PA_loadings","n_false_shared",0.5,0.512989176042577,20,"0.500 +/- 0.513"
"S5",0.3,"PA_loadings","seconds",0.356149999999999,0.0150797005414906,20,"0.356 +/- 0.015"
"S5",0.3,"PA_scores","failed",0,0,20,"0.000 +/- 0.000"
"S5",0.3,"PA_scores","fpr",0.14,0.068055704737872,20,"0.140 +/- 0.068"
"S5",0.3,"PA_scores","n_false_shared",1.4,0.680557047378721,20,"1.400 +/- 0.681"
"S5",0.3,"PA_scores","seconds",0.255249999999999,0.0118182508279161,20,"0.255 +/- 0.012"
"S5",0.3,"PMD_raw","failed",0,0,20,"0.000 +/- 0.000"
"S5",0.3,"PMD_raw","fpr",0.035,0.0489360484929593,20,"0.035 +/- 0.049"
"S5",0.3,"PMD_raw","n_false_shared",0.35,0.489360484929593,20,"0.350 +/- 0.489"
"S5",0.3,"PMD_raw","seconds",0.582450000000002,0.0736360002058482,20,"0.582 +/- 0.074"
"S5",0.3,"stage1","seconds",1.9974,0.424891738533104,20,"1.997 +/- 0.425"
"S6",0,"PA_loadings","failed",0,0,20,"0.000 +/- 0.000"
"S6",0,"PA_loadings","seconds",0.418349999999999,0.0142432809644248,20,"0.418 +/- 0.014"
"S6",0,"PA_loadings","tpr",0.05,0.0606976978666884,20,"0.050 +/- 0.061"
"S6",0,"PA_scores","failed",0,0,20,"0.000 +/- 0.000"
"S6",0,"PA_scores","seconds",0.308400000000002,0.0126923101459947,20,"0.308 +/- 0.013"
"S6",0,"PA_scores","state_cor",0.998736441717585,0.000314417572163617,20,"0.999 +/- 0.000"
"S6",0,"PA_scores","tpr",1,0,20,"1.000 +/- 0.000"
"S6",0,"PMD_raw","failed",0,0,20,"0.000 +/- 0.000"
"S6",0,"PMD_raw","seconds",5.54765,0.379795550956452,20,"5.548 +/- 0.380"
"S6",0,"PMD_raw","state_cor",0.997837778201839,0.000881935948678527,20,"0.998 +/- 0.001"
"S6",0,"PMD_raw","tpr",1,0,20,"1.000 +/- 0.000"
"S6",0,"stage1","seconds",4.8101,1.41606931513368,20,"4.810 +/- 1.416"
"S6",0.3,"PA_loadings","failed",0,0,20,"0.000 +/- 0.000"
"S6",0.3,"PA_loadings","seconds",0.425950000000002,0.0510185466792561,20,"0.426 +/- 0.051"
"S6",0.3,"PA_loadings","tpr",0.055,0.0604805318829299,20,"0.055 +/- 0.060"
"S6",0.3,"PA_scores","failed",0,0,20,"0.000 +/- 0.000"
"S6",0.3,"PA_scores","seconds",0.28975,0.0105972935969028,20,"0.290 +/- 0.011"
"S6",0.3,"PA_scores","state_cor",0.998688007724792,0.000394856007037666,20,"0.999 +/- 0.000"
"S6",0.3,"PA_scores","tpr",1,0,20,"1.000 +/- 0.000"
"S6",0.3,"PMD_raw","failed",0,0,20,"0.000 +/- 0.000"
"S6",0.3,"PMD_raw","seconds",5.35835,0.317736281744536,20,"5.358 +/- 0.318"
"S6",0.3,"PMD_raw","state_cor",0.995886292018871,0.00123742270690083,20,"0.996 +/- 0.001"
"S6",0.3,"PMD_raw","tpr",1,0,20,"1.000 +/- 0.000"
"S6",0.3,"stage1","seconds",4.80925,1.27678291750049,20,"4.809 +/- 1.277"
"S7",0,"PA_loadings","failed",0,0,20,"0.000 +/- 0.000"
"S7",0,"PA_loadings","fpr",0.12,0.0615587011251092,20,"0.120 +/- 0.062"
"S7",0,"PA_loadings","n_false_shared",1.2,0.615587011251092,20,"1.200 +/- 0.616"
"S7",0,"PA_loadings","seconds",0.353250000000001,0.0148248546633512,20,"0.353 +/- 0.015"
"S7",0,"PA_scores","failed",0,0,20,"0.000 +/- 0.000"
"S7",0,"PA_scores","fpr",0.04,0.0502624689950035,20,"0.040 +/- 0.050"
"S7",0,"PA_scores","n_false_shared",0.4,0.502624689950035,20,"0.400 +/- 0.503"
"S7",0,"PA_scores","seconds",0.272899999999999,0.0635410352283823,20,"0.273 +/- 0.064"
"S7",0,"PMD_raw","failed",0,0,20,"0.000 +/- 0.000"
"S7",0,"PMD_raw","fpr",0,0,20,"0.000 +/- 0.000"
"S7",0,"PMD_raw","n_false_shared",0,0,20,"0.000 +/- 0.000"
"S7",0,"PMD_raw","seconds",0.585650000000001,0.0261197142726397,20,"0.586 +/- 0.026"
"S7",0,"stage1","seconds",1.8446,0.395588755095357,20,"1.845 +/- 0.396"
"S7",0.3,"PA_loadings","failed",0,0,20,"0.000 +/- 0.000"
"S7",0.3,"PA_loadings","fpr",0.12,0.0615587011251092,20,"0.120 +/- 0.062"
"S7",0.3,"PA_loadings","n_false_shared",1.2,0.615587011251092,20,"1.200 +/- 0.616"
"S7",0.3,"PA_loadings","seconds",0.3553,0.0149423453383516,20,"0.355 +/- 0.015"
"S7",0.3,"PA_scores","failed",0,0,20,"0.000 +/- 0.000"
"S7",0.3,"PA_scores","fpr",0.055,0.0887041208323017,20,"0.055 +/- 0.089"
"S7",0.3,"PA_scores","n_false_shared",0.55,0.887041208323017,20,"0.550 +/- 0.887"
"S7",0.3,"PA_scores","seconds",0.25695,0.0122709541515512,20,"0.257 +/- 0.012"
"S7",0.3,"PMD_raw","failed",0,0,20,"0.000 +/- 0.000"
"S7",0.3,"PMD_raw","fpr",0,0,20,"0.000 +/- 0.000"
"S7",0.3,"PMD_raw","n_false_shared",0,0,20,"0.000 +/- 0.000"
"S7",0.3,"PMD_raw","seconds",0.563000000000002,0.0300298097510486,20,"0.563 +/- 0.030"
"S7",0.3,"stage1","seconds",2.12815,1.04172444457306,20,"2.128 +/- 1.042"
"S8",0,"PA_loadings","failed",0,0,20,"0.000 +/- 0.000"
"S8",0,"PA_loadings","seconds",0.474400000000001,0.0259400117680436,20,"0.474 +/- 0.026"
"S8",0,"PA_loadings","tpr",0.045,0.0759154654516248,20,"0.045 +/- 0.076"
"S8",0,"PA_scores","failed",0,0,20,"0.000 +/- 0.000"
"S8",0,"PA_scores","seconds",0.334799999999994,0.0173617850161639,20,"0.335 +/- 0.017"
"S8",0,"PA_scores","state_cor",0.897147951449642,0.0407962578585585,20,"0.897 +/- 0.041"
"S8",0,"PA_scores","tpr",1,0,20,"1.000 +/- 0.000"
"S8",0,"PA_scores_estnuis","failed",0,0,20,"0.000 +/- 0.000"
"S8",0,"PA_scores_estnuis","nuis_est_cor",0.676726186094471,0.182499072319506,20,"0.677 +/- 0.182"
"S8",0,"PA_scores_estnuis","seconds",0.327200000000002,0.0138168470773145,20,"0.327 +/- 0.014"
"S8",0,"PA_scores_estnuis","state_cor",0.682818587121512,0.13065542241821,20,"0.683 +/- 0.131"
"S8",0,"PA_scores_estnuis","tpr",1,0,20,"1.000 +/- 0.000"
"S8",0,"PA_scores_resid","failed",0,0,20,"0.000 +/- 0.000"
"S8",0,"PA_scores_resid","seconds",0.329850000000001,0.0124235557245917,20,"0.330 +/- 0.012"
"S8",0,"PA_scores_resid","state_cor",0.985935226113763,0.00892310947237296,20,"0.986 +/- 0.009"
"S8",0,"PA_scores_resid","tpr",1,0,20,"1.000 +/- 0.000"
"S8",0,"PMD_estnuis","failed",0,0,20,"0.000 +/- 0.000"
"S8",0,"PMD_estnuis","nuis_est_cor",0.676726186094471,0.182499072319506,20,"0.677 +/- 0.182"
"S8",0,"PMD_estnuis","seconds",11.8682,1.40720318362346,20,"11.868 +/- 1.407"
"S8",0,"PMD_estnuis","state_cor",0.687110320946597,0.107818271744843,20,"0.687 +/- 0.108"
"S8",0,"PMD_estnuis","tpr",1,0,20,"1.000 +/- 0.000"
"S8",0,"PMD_raw","failed",0,0,20,"0.000 +/- 0.000"
"S8",0,"PMD_raw","seconds",14.0564,1.66946834903243,20,"14.056 +/- 1.669"
"S8",0,"PMD_raw","state_cor",0.977547862363399,0.0537326518469487,20,"0.978 +/- 0.054"
"S8",0,"PMD_raw","tpr",1,0,20,"1.000 +/- 0.000"
"S8",0,"PMD_resid","failed",0,0,20,"0.000 +/- 0.000"
"S8",0,"PMD_resid","seconds",13.73955,0.626438090779087,20,"13.740 +/- 0.626"
"S8",0,"PMD_resid","state_cor",0.991641668253251,0.00588529713830184,20,"0.992 +/- 0.006"
"S8",0,"PMD_resid","tpr",1,0,20,"1.000 +/- 0.000"
"S8",0,"stage1","seconds",8.8895,1.52446344314112,20,"8.889 +/- 1.524"
"S8",0.3,"PA_loadings","failed",0,0,20,"0.000 +/- 0.000"
"S8",0.3,"PA_loadings","seconds",0.479549999999999,0.045783788213271,20,"0.480 +/- 0.046"
"S8",0.3,"PA_loadings","tpr",0.055,0.0887041208323017,20,"0.055 +/- 0.089"
"S8",0.3,"PA_scores","failed",0,0,20,"0.000 +/- 0.000"
"S8",0.3,"PA_scores","seconds",0.311850000000001,0.0163168463155233,20,"0.312 +/- 0.016"
"S8",0.3,"PA_scores","state_cor",0.895173123471059,0.0361179484051039,20,"0.895 +/- 0.036"
"S8",0.3,"PA_scores","tpr",1,0,20,"1.000 +/- 0.000"
"S8",0.3,"PA_scores_estnuis","failed",0,0,20,"0.000 +/- 0.000"
"S8",0.3,"PA_scores_estnuis","nuis_est_cor",0.675998113922783,0.130691816122035,20,"0.676 +/- 0.131"
"S8",0.3,"PA_scores_estnuis","seconds",0.302599999999998,0.0142658960277259,20,"0.303 +/- 0.014"
"S8",0.3,"PA_scores_estnuis","state_cor",0.683254017433157,0.115318277890309,20,"0.683 +/- 0.115"
"S8",0.3,"PA_scores_estnuis","tpr",1,0,20,"1.000 +/- 0.000"
"S8",0.3,"PA_scores_resid","failed",0,0,20,"0.000 +/- 0.000"
"S8",0.3,"PA_scores_resid","seconds",0.309399999999999,0.0177538728169426,20,"0.309 +/- 0.018"
"S8",0.3,"PA_scores_resid","state_cor",0.981927711868029,0.00990212593245047,20,"0.982 +/- 0.010"
"S8",0.3,"PA_scores_resid","tpr",1,0,20,"1.000 +/- 0.000"
"S8",0.3,"PMD_estnuis","failed",0,0,20,"0.000 +/- 0.000"
"S8",0.3,"PMD_estnuis","nuis_est_cor",0.675998113922783,0.130691816122035,20,"0.676 +/- 0.131"
"S8",0.3,"PMD_estnuis","seconds",12.4105,1.51898160135769,20,"12.410 +/- 1.519"
"S8",0.3,"PMD_estnuis","state_cor",0.715280104097912,0.118357583437593,20,"0.715 +/- 0.118"
"S8",0.3,"PMD_estnuis","tpr",1,0,20,"1.000 +/- 0.000"
"S8",0.3,"PMD_raw","failed",0,0,20,"0.000 +/- 0.000"
"S8",0.3,"PMD_raw","seconds",13.4391,1.08214586525302,20,"13.439 +/- 1.082"
"S8",0.3,"PMD_raw","state_cor",0.991721487472858,0.00831230421211818,20,"0.992 +/- 0.008"
"S8",0.3,"PMD_raw","tpr",1,0,20,"1.000 +/- 0.000"
"S8",0.3,"PMD_resid","failed",0,0,20,"0.000 +/- 0.000"
"S8",0.3,"PMD_resid","seconds",13.51795,0.928745020529259,20,"13.518 +/- 0.929"
"S8",0.3,"PMD_resid","state_cor",0.989071762410401,0.004767893897584,20,"0.989 +/- 0.005"
"S8",0.3,"PMD_resid","tpr",1,0,20,"1.000 +/- 0.000"
"S8",0.3,"stage1","seconds",8.82815,1.56010587613048,20,"8.828 +/- 1.560"
"S9",0,"PA_loadings","auroc_cont",0.661111111111111,0.240410629871405,20,"0.661 +/- 0.240"
"S9",0,"PA_loadings","auroc_sig",0.466666666666666,0.033235724534229,20,"0.467 +/- 0.033"
"S9",0,"PA_loadings","failed",0,0,20,"0.000 +/- 0.000"
"S9",0,"PA_loadings","fpr",0.0666666666666666,0.0664714490684576,20,"0.067 +/- 0.066"
"S9",0,"PA_loadings","seconds",0.44825,0.0179175744364095,20,"0.448 +/- 0.018"
"S9",0,"PA_loadings","tpr",0,0,20,"0.000 +/- 0.000"
"S9",0,"PA_loadings","tpr05_cont",0.05,0.223606797749979,20,"0.050 +/- 0.224"
"S9",0,"PA_loadings","tpr05_sig",0,0,20,"0.000 +/- 0.000"
"S9",0,"PA_scores","auroc_cont",0.861111111111111,0.203526415851402,20,"0.861 +/- 0.204"
"S9",0,"PA_scores","auroc_sig",0.861111111111111,0.203526415851402,20,"0.861 +/- 0.204"
"S9",0,"PA_scores","failed",0,0,20,"0.000 +/- 0.000"
"S9",0,"PA_scores","fpr",1,0,20,"1.000 +/- 0.000"
"S9",0,"PA_scores","seconds",0.326699999999998,0.0570245561140062,20,"0.327 +/- 0.057"
"S9",0,"PA_scores","state_cor",0.934721819550052,0.0803751191801249,20,"0.935 +/- 0.080"
"S9",0,"PA_scores","tpr",1,0,20,"1.000 +/- 0.000"
"S9",0,"PA_scores","tpr05_cont",0.5,0.512989176042577,20,"0.500 +/- 0.513"
"S9",0,"PA_scores","tpr05_sig",0.5,0.512989176042577,20,"0.500 +/- 0.513"
"S9",0,"PA_scores_estnuis","auroc_cont",1,0,20,"1.000 +/- 0.000"
"S9",0,"PA_scores_estnuis","auroc_sig",1,0,20,"1.000 +/- 0.000"
"S9",0,"PA_scores_estnuis","failed",0,0,20,"0.000 +/- 0.000"
"S9",0,"PA_scores_estnuis","fpr",1,0,20,"1.000 +/- 0.000"
"S9",0,"PA_scores_estnuis","nuis_est_cor",0.879982625209804,0.0414710180011069,20,"0.880 +/- 0.041"
"S9",0,"PA_scores_estnuis","seconds",0.310199999999989,0.0152128754332388,20,"0.310 +/- 0.015"
"S9",0,"PA_scores_estnuis","state_cor",0.93315088862765,0.0556363262490637,20,"0.933 +/- 0.056"
"S9",0,"PA_scores_estnuis","tpr",1,0,20,"1.000 +/- 0.000"
"S9",0,"PA_scores_estnuis","tpr05_cont",1,0,20,"1.000 +/- 0.000"
"S9",0,"PA_scores_estnuis","tpr05_sig",1,0,20,"1.000 +/- 0.000"
"S9",0,"PA_scores_resid","auroc_cont",1,0,20,"1.000 +/- 0.000"
"S9",0,"PA_scores_resid","auroc_sig",1,0,20,"1.000 +/- 0.000"
"S9",0,"PA_scores_resid","failed",0,0,20,"0.000 +/- 0.000"
"S9",0,"PA_scores_resid","fpr",0.0166666666666666,0.0407052831702803,20,"0.017 +/- 0.041"
"S9",0,"PA_scores_resid","seconds",0.310599999999998,0.014922254662434,20,"0.311 +/- 0.015"
"S9",0,"PA_scores_resid","state_cor",0.99415294630736,0.00583752007483127,20,"0.994 +/- 0.006"
"S9",0,"PA_scores_resid","tpr",1,0,20,"1.000 +/- 0.000"
"S9",0,"PA_scores_resid","tpr05_cont",1,0,20,"1.000 +/- 0.000"
"S9",0,"PA_scores_resid","tpr05_sig",1,0,20,"1.000 +/- 0.000"
"S9",0,"PMD_estnuis","auroc_cont",0.805555555555556,0.296996006168958,20,"0.806 +/- 0.297"
"S9",0,"PMD_estnuis","auroc_sig",0.805555555555556,0.296996006168958,20,"0.806 +/- 0.297"
"S9",0,"PMD_estnuis","failed",0,0,20,"0.000 +/- 0.000"
"S9",0,"PMD_estnuis","fpr",1,0,20,"1.000 +/- 0.000"
"S9",0,"PMD_estnuis","nuis_est_cor",0.879982625209804,0.0414710180011069,20,"0.880 +/- 0.041"
"S9",0,"PMD_estnuis","seconds",8.59194999999999,0.754632254461523,20,"8.592 +/- 0.755"
"S9",0,"PMD_estnuis","state_cor",0.932380863527108,0.049700740831675,20,"0.932 +/- 0.050"
"S9",0,"PMD_estnuis","tpr",1,0,20,"1.000 +/- 0.000"
"S9",0,"PMD_estnuis","tpr05_cont",0.55,0.51041778553404,20,"0.550 +/- 0.510"
"S9",0,"PMD_estnuis","tpr05_sig",0.55,0.51041778553404,20,"0.550 +/- 0.510"
"S9",0,"PMD_raw","auroc_cont",0.7,0.306099993430101,20,"0.700 +/- 0.306"
"S9",0,"PMD_raw","auroc_sig",0.7,0.306099993430101,20,"0.700 +/- 0.306"
"S9",0,"PMD_raw","failed",0,0,20,"0.000 +/- 0.000"
"S9",0,"PMD_raw","fpr",1,0,20,"1.000 +/- 0.000"
"S9",0,"PMD_raw","seconds",9.16585,0.741698568010935,20,"9.166 +/- 0.742"
"S9",0,"PMD_raw","state_cor",0.992315512901877,0.00741650004641362,20,"0.992 +/- 0.007"
"S9",0,"PMD_raw","tpr",1,0,20,"1.000 +/- 0.000"
"S9",0,"PMD_raw","tpr05_cont",0.25,0.444261658319319,20,"0.250 +/- 0.444"
"S9",0,"PMD_raw","tpr05_sig",0.25,0.444261658319319,20,"0.250 +/- 0.444"
"S9",0,"PMD_resid","auroc_cont",1,0,20,"1.000 +/- 0.000"
"S9",0,"PMD_resid","auroc_sig",0.95,0.153896752812773,20,"0.950 +/- 0.154"
"S9",0,"PMD_resid","failed",0,0,20,"0.000 +/- 0.000"
"S9",0,"PMD_resid","fpr",0,0,20,"0.000 +/- 0.000"
"S9",0,"PMD_resid","seconds",10.54545,0.881154593939711,20,"10.545 +/- 0.881"
"S9",0,"PMD_resid","state_cor",0.973136880775274,0.0188554105655241,20,"0.973 +/- 0.019"
"S9",0,"PMD_resid","tpr",0.9,0.307793505625546,20,"0.900 +/- 0.308"
"S9",0,"PMD_resid","tpr05_cont",1,0,20,"1.000 +/- 0.000"
"S9",0,"PMD_resid","tpr05_sig",0.9,0.307793505625546,20,"0.900 +/- 0.308"
"S9",0,"stage1","seconds",6.8635,0.725492246684969,20,"6.864 +/- 0.725"
"S9",0.3,"PA_loadings","auroc_cont",0.666666666666667,0.227995189352257,20,"0.667 +/- 0.228"
"S9",0.3,"PA_loadings","auroc_sig",0.466666666666666,0.033235724534229,20,"0.467 +/- 0.033"
"S9",0.3,"PA_loadings","failed",0,0,20,"0.000 +/- 0.000"
"S9",0.3,"PA_loadings","fpr",0.0666666666666666,0.0664714490684576,20,"0.067 +/- 0.066"
"S9",0.3,"PA_loadings","seconds",0.444299999999996,0.0183305899063859,20,"0.444 +/- 0.018"
"S9",0.3,"PA_loadings","tpr",0,0,20,"0.000 +/- 0.000"
"S9",0.3,"PA_loadings","tpr05_cont",0.05,0.223606797749979,20,"0.050 +/- 0.224"
"S9",0.3,"PA_loadings","tpr05_sig",0,0,20,"0.000 +/- 0.000"
"S9",0.3,"PA_scores","auroc_cont",0.822222222222222,0.237487388947354,20,"0.822 +/- 0.237"
"S9",0.3,"PA_scores","auroc_sig",0.822222222222222,0.237487388947354,20,"0.822 +/- 0.237"
"S9",0.3,"PA_scores","failed",0,0,20,"0.000 +/- 0.000"
"S9",0.3,"PA_scores","fpr",1,0,20,"1.000 +/- 0.000"
"S9",0.3,"PA_scores","seconds",0.298899999999993,0.0132740348048321,20,"0.299 +/- 0.013"
"S9",0.3,"PA_scores","state_cor",0.888869477584349,0.0871378965312048,20,"0.889 +/- 0.087"
"S9",0.3,"PA_scores","tpr",1,0,20,"1.000 +/- 0.000"
"S9",0.3,"PA_scores","tpr05_cont",0.45,0.51041778553404,20,"0.450 +/- 0.510"
"S9",0.3,"PA_scores","tpr05_sig",0.45,0.51041778553404,20,"0.450 +/- 0.510"
"S9",0.3,"PA_scores_estnuis","auroc_cont",0.933333333333333,0.136797113611354,20,"0.933 +/- 0.137"
"S9",0.3,"PA_scores_estnuis","auroc_sig",0.933333333333333,0.136797113611354,20,"0.933 +/- 0.137"
"S9",0.3,"PA_scores_estnuis","failed",0,0,20,"0.000 +/- 0.000"
"S9",0.3,"PA_scores_estnuis","fpr",1,0,20,"1.000 +/- 0.000"
"S9",0.3,"PA_scores_estnuis","nuis_est_cor",0.822487614828195,0.0466552233668211,20,"0.822 +/- 0.047"
"S9",0.3,"PA_scores_estnuis","seconds",0.291499999999993,0.0124710190357296,20,"0.291 +/- 0.012"
"S9",0.3,"PA_scores_estnuis","state_cor",0.848213941000985,0.0903162664328385,20,"0.848 +/- 0.090"
"S9",0.3,"PA_scores_estnuis","tpr",1,0,20,"1.000 +/- 0.000"
"S9",0.3,"PA_scores_estnuis","tpr05_cont",0.7,0.470162345981627,20,"0.700 +/- 0.470"
"S9",0.3,"PA_scores_estnuis","tpr05_sig",0.7,0.470162345981627,20,"0.700 +/- 0.470"
"S9",0.3,"PA_scores_resid","auroc_cont",1,0,20,"1.000 +/- 0.000"
"S9",0.3,"PA_scores_resid","auroc_sig",1,0,20,"1.000 +/- 0.000"
"S9",0.3,"PA_scores_resid","failed",0,0,20,"0.000 +/- 0.000"
"S9",0.3,"PA_scores_resid","fpr",0.0499999999999999,0.091730883053544,20,"0.050 +/- 0.092"
"S9",0.3,"PA_scores_resid","seconds",0.293500000000006,0.0111473386014276,20,"0.294 +/- 0.011"
"S9",0.3,"PA_scores_resid","state_cor",0.994076856802637,0.00525927255851038,20,"0.994 +/- 0.005"
"S9",0.3,"PA_scores_resid","tpr",1,0,20,"1.000 +/- 0.000"
"S9",0.3,"PA_scores_resid","tpr05_cont",1,0,20,"1.000 +/- 0.000"
"S9",0.3,"PA_scores_resid","tpr05_sig",1,0,20,"1.000 +/- 0.000"
"S9",0.3,"PMD_estnuis","auroc_cont",0.766666666666667,0.271926680482358,20,"0.767 +/- 0.272"
"S9",0.3,"PMD_estnuis","auroc_sig",0.755555555555556,0.298577959536078,20,"0.756 +/- 0.299"
"S9",0.3,"PMD_estnuis","failed",0,0,20,"0.000 +/- 0.000"
"S9",0.3,"PMD_estnuis","fpr",1,0,20,"1.000 +/- 0.000"
"S9",0.3,"PMD_estnuis","nuis_est_cor",0.822487614828195,0.0466552233668211,20,"0.822 +/- 0.047"
"S9",0.3,"PMD_estnuis","seconds",8.39725,0.866011843543667,20,"8.397 +/- 0.866"
"S9",0.3,"PMD_estnuis","state_cor",0.891782671463033,0.094951775634014,20,"0.892 +/- 0.095"
"S9",0.3,"PMD_estnuis","tpr",1,0,20,"1.000 +/- 0.000"
"S9",0.3,"PMD_estnuis","tpr05_cont",0.4,0.502624689950035,20,"0.400 +/- 0.503"
"S9",0.3,"PMD_estnuis","tpr05_sig",0.4,0.502624689950035,20,"0.400 +/- 0.503"
"S9",0.3,"PMD_raw","auroc_cont",0.644444444444444,0.333528208142925,20,"0.644 +/- 0.334"
"S9",0.3,"PMD_raw","auroc_sig",0.638888888888889,0.341755206518622,20,"0.639 +/- 0.342"
"S9",0.3,"PMD_raw","failed",0,0,20,"0.000 +/- 0.000"
"S9",0.3,"PMD_raw","fpr",1,0,20,"1.000 +/- 0.000"
"S9",0.3,"PMD_raw","seconds",8.77670000000001,0.701750525471848,20,"8.777 +/- 0.702"
"S9",0.3,"PMD_raw","state_cor",0.988601987195172,0.0104661361746633,20,"0.989 +/- 0.010"
"S9",0.3,"PMD_raw","tpr",1,0,20,"1.000 +/- 0.000"
"S9",0.3,"PMD_raw","tpr05_cont",0.2,0.410391340834062,20,"0.200 +/- 0.410"
"S9",0.3,"PMD_raw","tpr05_sig",0.2,0.410391340834062,20,"0.200 +/- 0.410"
"S9",0.3,"PMD_resid","auroc_cont",1,0,20,"1.000 +/- 0.000"
"S9",0.3,"PMD_resid","auroc_sig",0.8,0.251312344975017,20,"0.800 +/- 0.251"
"S9",0.3,"PMD_resid","failed",0,0,20,"0.000 +/- 0.000"
"S9",0.3,"PMD_resid","fpr",0,0,20,"0.000 +/- 0.000"
"S9",0.3,"PMD_resid","seconds",9.50695,1.16545005876429,20,"9.507 +/- 1.165"
"S9",0.3,"PMD_resid","state_cor",0.970564655169187,0.033638665907519,20,"0.971 +/- 0.034"
"S9",0.3,"PMD_resid","tpr",0.6,0.502624689950035,20,"0.600 +/- 0.503"
"S9",0.3,"PMD_resid","tpr05_cont",1,0,20,"1.000 +/- 0.000"
"S9",0.3,"PMD_resid","tpr05_sig",0.6,0.502624689950035,20,"0.600 +/- 0.503"
"S9",0.3,"stage1","seconds",6.113,0.831381602166575,20,"6.113 +/- 0.831"
