"arm","state","sex_wilcox_p","Institute_kruskal_p","Source_kruskal_p","Outcome_kruskal_p","Age_spearman_rho","Age_spearman_p"
"raw","MCP01",0.0973084298563445,0.139402713008806,0.756108645965349,0.826635142860402,0.0131648020003086,0.885564200756629
"raw","MCP02",2.37437390285971e-18,0.000384560756369334,1.5430763364422e-06,3.09415136466122e-05,0.128575329469303,0.158124755834254
"raw","MCP03",0.500215908177218,0.372590758412121,0.00203167237801814,0.000869394213665796,-0.156334564567226,0.0855078282047955
"raw","MCP04",0.126537375551946,0.00862181514696958,1.95604933067613e-16,2.43746893603943e-08,-0.205277409265748,0.0233149478860742
"raw","MCP05",0.890277175857802,0.0771953189720773,0.29534375786472,0.463479201589561,-0.0285418056748841,0.754985240969455
"resid","MCP01",0.948116354826844,0.682049295254638,0.00289621081241742,0.00291647713380772,-0.144189475742957,0.113075106526992
"resid","MCP02",0.729203557466909,0.398985365108988,0.921971846925094,0.893705867738881,-0.020838058956227,0.819786807856042
"resid","MCP03",0.894392919411254,0.76630593797947,1.8421573398487e-15,1.17746550512426e-09,-0.273564314546299,0.00229687624103566
"resid","MCP04",0.968855754511593,0.760181055352179,0.810595091231936,0.742467673811673,-0.0136119851871435,0.881704820372387
"resid","MCP05",0.894392919411254,0.747976644529104,5.49689266448025e-12,1.86802928476519e-10,0.258824208137821,0.00399447993737402
