"pair","shared","arm","pa_shared"
"B-CD4",TRUE,"raw",TRUE
"B-CD8",TRUE,"raw",TRUE
"B-cMono",TRUE,"raw",TRUE
"B-DC",TRUE,"raw",TRUE
"B-DP",TRUE,"raw",TRUE
"B-GDT",TRUE,"raw",TRUE
"B-ncMono",TRUE,"raw",TRUE
"B-NK",TRUE,"raw",TRUE
"B-PB",TRUE,"raw",TRUE
"CD4-CD8",TRUE,"raw",TRUE
"CD4-cMono",TRUE,"raw",TRUE
"CD4-DC",TRUE,"raw",TRUE
"CD4-DP",TRUE,"raw",TRUE
"CD4-GDT",TRUE,"raw",TRUE
"CD4-ncMono",TRUE,"raw",TRUE
"CD4-NK",TRUE,"raw",TRUE
"CD4-PB",TRUE,"raw",TRUE
"CD8-cMono",TRUE,"raw",TRUE
"CD8-DC",TRUE,"raw",TRUE
"CD8-DP",TRUE,"raw",TRUE
"CD8-GDT",TRUE,"raw",TRUE
"CD8-ncMono",TRUE,"raw",TRUE
"CD8-NK",TRUE,"raw",TRUE
"CD8-PB",TRUE,"raw",TRUE
"cMono-DC",TRUE,"raw",TRUE
"cMono-DP",TRUE,"raw",TRUE
"cMono-GDT",TRUE,"raw",TRUE
"cMono-ncMono",TRUE,"raw",TRUE
"cMono-NK",TRUE,"raw",TRUE
"cMono-PB",TRUE,"raw",TRUE
"DC-DP",TRUE,"raw",FALSE
"DC-GDT",TRUE,"raw",FALSE
"DC-ncMono",TRUE,"raw",TRUE
"DC-NK",TRUE,"raw",TRUE
"DC-PB",TRUE,"raw",FALSE
"DP-GDT",TRUE,"raw",FALSE
"DP-ncMono",TRUE,"raw",TRUE
"DP-NK",TRUE,"raw",TRUE
"DP-PB",TRUE,"raw",FALSE
"GDT-ncMono",TRUE,"raw",TRUE
"GDT-NK",TRUE,"raw",TRUE
"GDT-PB",TRUE,"raw",FALSE
"ncMono-NK",TRUE,"raw",TRUE
"ncMono-PB",TRUE,"raw",TRUE
"NK-PB",TRUE,"raw",TRUE
