"","factor_id","class","entropy","mass_CD4_CM","mass_CD4_Naive","mass_CD4_EM","mass_CD8_EM","mass_CD8_Naive","mass_B_Naive","mass_B_Mem","mass_NK","mass_CD14_Mono"
"1","SF01","global",0.980016174286617,0.122636994310858,0.116950407095629,0.0732650543427119,0.156747621034338,0.132123101930605,0.148884148606649,0.077118162870014,0.112113282564384,0.060161227244811
"2","SF02","global",0.971931192170496,0.161916679474091,0.153564848068048,0.055283594798642,0.138150945463676,0.0890282689825013,0.121851495600623,0.0649713557217007,0.139736682602981,0.0754961292877367
"3","SF03","global",0.916989063317976,0.256990917083612,0.125213122752279,0.0518492732259895,0.133423061574788,0.172025257959198,0.0905045728115679,0.0594576600475207,0.0908195280081998,0.0197166065368456
"4","SF04","global",0.827253440279755,0.070353964182073,0.293737348204657,0.036908591621764,0.325381950575062,0.0478292143156362,0.0592088144676419,0.033861754244479,0.0814230330610952,0.0512953293275921
"5","SF05","global",0.99790044913541,0.10782477186747,0.111730016011747,0.108628604596888,0.112780222168559,0.111409133429633,0.130679692411119,0.115310757972081,0.114376174012578,0.0872606275299254
"6","SF06","global",0.966948331988604,0.135885369926843,0.14797192680623,0.0811872337417197,0.1376374646432,0.159099794381409,0.0969977881908382,0.05512456711052,0.141572873689646,0.0445229815095946
"7","SF07","global",0.89207973224112,0.136570858658191,0.233481279901098,0.0185230057309119,0.250909848996473,0.0844468262321857,0.0601072186945806,0.0527419694464245,0.115083355842329,0.0481356364978055
"8","SF08","partial:NK",0.56165721733861,0.0336620018510497,0.0332252106525075,0.0249442049580637,0.0481238194868792,0.0499125235760149,0.0370636343613585,0.0184463081040677,0.694039953547176,0.0605823434628828
"9","SF09","partial:CD4_CM+CD4_Naive+CD8_EM+NK",0.725190757118095,0.348975309160344,0.24150686383376,0.003418298353346,0.15861587204226,0.0317774728956879,0.021274851501737,0.00338774489052355,0.179200127777752,0.0118434595445888
"10","SF10","global",0.826557317139032,0.326210650457056,0.170684736545656,0.00858256993471318,0.159140326543363,0.0919177250055895,0.108458885844937,0.00868364141298888,0.107756754096569,0.0185647101591273
"11","SF11","global",0.900301217797875,0.210015547904401,0.182975865382783,0.031626885576833,0.15744547088416,0.096116324134837,0.126570149594145,0.0257232168462665,0.151423866532672,0.018102673143903
