"program_id","cell_type","pve","top50_mass","pool_number","top1","top2","top3","top4","top5","top6","top7","top8","top9","top10"
"CD4_CM__F001","CD4_CM",0.0376062144721833,0.0550468623640516,0.546492821481513,"CISH","C14orf119","FUT7","OAS1","ENSG00000284734","PHF23","PLEKHO2","PAQR8","TNFAIP8L2","LINC00324"
"CD4_CM__F002","CD4_CM",0.0239130216743639,0.142119038731046,0.736094766816562,"NR4A2","RGS1","AREG","HIPK1-AS1","TNFAIP3","CSRNP1","TENT5C","CD69","SGK1","MIR23AHG"
"CD4_CM__F003","CD4_CM",0.0180462802177781,0.087558893620284,0.955528981340019,"C1orf56","ENSG00000259865","ENSG00000262967","OSBPL10","NEK7","ENSG00000287916","ENSG00000223522","LRRC75A","GCNT4","ENSG00000286223"
"CD4_CM__F004","CD4_CM",0.0136919018710816,0.99278796840648,0.343590149920399,"RPS4Y1","EIF1AY","DDX3Y","USP9Y","UTY","XIST","KDM5D","ENSG00000286009","ZFY","LINC00278"
"CD4_CM__F005","CD4_CM",0.00911388616156414,0.058802743639509,0.419071448579022,"CISH","CERNA1","CALHM2","TENT5C","MT-ATP8","ERMN","PAQR8","KRT10-AS1","FUT7","KCNQ1"
"CD4_CM__F006","CD4_CM",0.00817836260787522,0.0581267533856151,0.339511863901017,"UTY","ENSG00000272501","H4C11","ENSG00000286223","SERTAD1","RGPD5","ENSG00000262823","CSRNP1","ENSG00000287425","CBR1"
"CD4_CM__F007","CD4_CM",0.00673130639056009,0.0921082997760099,0.586896917872869,"DUSP4","NR4A1","EGR1","LINC02694","MIR4435-2HG","CCR10","JAKMIP1","LGALS3","ENSG00000272426","CELA1"
"CD4_CM__F008","CD4_CM",0.00662989902526759,0.617457132912016,0.963562279765542,"RNF187","CITED4","F8A1","FRAT2","ENSG00000278231","MAP2K2","UBE2M","CTU1","B3GALT6","BRD7"
"CD4_CM__F009","CD4_CM",0.00592758387187075,0.0482728123662471,0.394652229474527,"PIGS","ENSG00000261544","SLC35A5","DGUOK-AS1","C10orf95","ENSG00000269246","MIR9-1HG","FUCA1","KIFBP","IRF2BP1"
"CD4_CM__F010","CD4_CM",0.00559693551614816,0.0462624884011498,0.273299347496919,"WIPI1","TAF4","SH2B3","PTPN14","SRGAP2B","KRT73-AS1","RGPD5","AFDN","H1-3","ELOA-AS1"
"CD4_CM__F011","CD4_CM",0.00665124547394753,0.0684119787132337,0.396930926091757,"ENSG00000271964","ENSG00000286907","ZNF584","ZNF707","BCL3","S100A8","MKKS","ZNF28","SPINK2","AFAP1"
"CD4_CM__F012","CD4_CM",0.00512666395206023,0.0522659651467332,0.321967469252063,"JAKMIP1","PDLIM1","SLC35C1","TENT5C","FUT7","THNSL1","ENSG00000276651","CSRNP2","PTGDS","CCDC146"
"CD4_CM__F013","CD4_CM",0.00476433961940948,0.0776036896623912,0.34524101822085,"HPS6","POU5F2","MT1E","TBC1D13","EDA","HIPK1-AS1","SLC25A19","H4C2","SNX18","ATP6V0D1-DT"
"CD4_CM__F014","CD4_CM",0.00476188699686293,0.0549430613294623,0.235541133070912,"ZFP64","CST3","SBNO2","ENSG00000267672","SLK","ZNF250","TRAV13-2","PELI2","GFOD2","TMEM147-AS1"
"CD4_CM__F015","CD4_CM",0.00446974576108368,0.0556626853528934,0.315978243192795,"SLC25A17","BICD1","SNX18","MANEA","RNF135","AMT","BBS7","TMEM187","COPRS","ZFYVE21"
"CD4_CM__F016","CD4_CM",0.00378516250736347,0.73407273173957,0.927198073374478,"DONSON","GABRE","ENSG00000260613","ACVR2B","PTPN3","ANKLE1","IGHM","MATCAP1","PIGN","QSOX2"
"CD4_CM__F017","CD4_CM",0.00419144551779799,0.0558293409722188,0.229649317690246,"GAS8","MAP1LC3A","TMEM97","KCNC1","ULK1","TAF4","PHTF1","ENSG00000275494","ENSG00000286835","LINC00926"
"CD4_CM__F018","CD4_CM",0.00396388042928764,0.0565992726987188,0.282435559895911,"GHRL","DMWD","AGFG1","RFX2","MTMR10","MAP1LC3A","SYDE2","OAS3","SEMA4F","YOD1"
"CD4_CM__F019","CD4_CM",0.00396679335466696,0.0575285527954195,0.28631031559823,"OXSM","IGLC3","ZFAND2A-DT","LAG3","LINC00324","MZB1","ZNF384","AUTS2","MAFF","MFSD5"
"CD4_CM__F020","CD4_CM",0.00401459606152457,0.0689635097757751,0.298200983485847,"CCR10","ENSG00000276533","ENSG00000276136","DGCR6","TKTL1","SEC24A","UQCC1","ICA1","MOSMO","RAB11FIP5"
"CD4_CM__F021","CD4_CM",0.00402451986774849,0.0558839721493849,0.173108963204245,"PTCSC1","GALNT4","AOAH","RNASEL","PRAG1","OXT","LINC01772","FAM161A","ZNF320","ENSG00000276337"
"CD4_CM__F022","CD4_CM",0.00386782357176912,0.0835967568534714,0.256762414267137,"CCDC102B","GEMIN2","ZNF134","AZIN2","PYCARD-AS1","SNTB1","SNIP1","VKORC1L1","KRT10-AS1","ABI3"
"CD4_CM__F023","CD4_CM",0.0021003926157565,0.950331414682991,0.861868502168879,"S100A8","S100A9","LYZ","FCN1","ENSG00000257764","S100A12","CST3","IFI30","VCAN","SPI1"
"CD4_CM__F024","CD4_CM",0.00391891519729104,0.998585354563177,0.863369988602179,"HBB","HBA2","HBA1","SRGAP2B","ANK2","FBXO2","BCLAF3","FAM168A","TUBA1B-AS1","ENSG00000258875"
"CD4_CM__F025","CD4_CM",0.00392914258731089,0.0794573905356444,0.334905347761789,"CCL3","ADAM23","BHLHE40","CARMIL1","NPL","GPA33","ENSG00000266947","NEMP2","VPS52","PUS7"
"CD4_Naive__F001","CD4_Naive",0.0423540378259666,0.0415144597762062,0.491850454097224,"CISH","C14orf119","PAQR8","PRAG1","SNAI3","HEMGN","PPIL1","GRWD1","TNFAIP8L2","PHF23"
"CD4_Naive__F002","CD4_Naive",0.0156387906957676,0.0929422513408978,0.940846095032044,"ENSG00000259865","C1orf56","SLC30A7","ENSG00000262211","NEK7","LRRC75A","ENSG00000262967","ENSG00000223522","OR2A25","ENSG00000273437"
"CD4_Naive__F003","CD4_Naive",0.0128662925012685,0.0697367137827853,0.52954608154448,"CISH","PER1","ENSG00000286907","C14orf119","ENSG00000270681","ZC3H12A","TENT5C","CABP4","FBLN5","ATG2A"
"CD4_Naive__F004","CD4_Naive",0.0115677003678732,0.1277756582863,0.707910046452489,"AREG","HIPK1-AS1","NR4A2","ENSG00000274292","RGS1","PTGER4","DONSON","CSRNP1","TENT5C","SGK1"
"CD4_Naive__F005","CD4_Naive",0.011085684437717,0.99541839327829,0.338864755646516,"RPS4Y1","EIF1AY","USP9Y","DDX3Y","XIST","UTY","KDM5D","ENSG00000286009","ZFY","TTTY14"
"CD4_Naive__F006","CD4_Naive",0.00663042954678001,0.520737155823373,0.952919095206998,"CITED4","RNF187","F8A1","FRAT2","MAP2K2","UBE2M","OTUD1","BRD7","URI1","CDV3"
"CD4_Naive__F007","CD4_Naive",0.00679945575056535,0.0553372253048304,0.198640376783739,"VWA8","RAP1GAP2","TESMIN","UBR3","FADD","ENSG00000249236","DNASE1","LINC00426","MAML1","ACACA"
"CD4_Naive__F008","CD4_Naive",0.00663305332353899,0.051821509036959,0.125605682534323,"PPP1R21-DT","LINC01871","ENSG00000287104","ZC4H2","MORN3","ALS2","ATG4C","ZNF467","PDE9A","CSNK1E"
"CD4_Naive__F009","CD4_Naive",0.00618038095155526,0.0543949911251436,0.351768306969858,"MMD","SAP30-DT","GPN3","MTRF1L","CHAMP1","ENSG00000233178","POLR3A","EDA","PROSER1","SERTAD3"
"CD4_Naive__F010","CD4_Naive",0.00624808236644943,0.0555126386855189,0.388261257800491,"CCDC43","H4C5","TNFRSF10A-DT","MEN1","ERCC2","FHL3","IDH1","SLC30A7","TRDC","BRD7"
"CD4_Naive__F011","CD4_Naive",0.00544029010007324,0.0814264026849225,0.337330367614131,"FBF1","GNG11","ENSG00000287190","GP1BB","CTLA4","GTF2A1","CHM","GTSCR1","ZCCHC2","SLC4A2"
"CD4_Naive__F012","CD4_Naive",0.00578506430731907,0.0547283443385412,0.356463004886915,"LINC01431","CFL2","ENSG00000268362","RNF187","ENSG00000287979","MSH6","PSKH1","ENSG00000261889","GRWD1","NR1D1"
"CD4_Naive__F013","CD4_Naive",0.00571237581654808,0.0552946749634851,0.305334659253527,"NBPF11","XPO7","ENSG00000267672","RAB11B-AS1","ZSCAN16","HPSE","CLP1","WNT10A","ENSG00000260621","MPZL3"
"CD4_Naive__F014","CD4_Naive",0.00547941231040127,0.0548195344834275,0.265530297206454,"LRIG2","TRPS1","OXSM","OSGEPL1","LINC01128","SLC22A18","HYPK","KBTBD7","ZNF384","PI4K2A"
"CD4_Naive__F015","CD4_Naive",0.00532159485255955,0.0529278860922649,0.274917065496919,"ATP1A1-AS1","PARP2","PGM2","LSM14B","EIF3C","TADA2B","PLAAT3","MSH6","ATG4C","TMEM234"
"CD4_Naive__F016","CD4_Naive",0.00539517198059635,0.0570820499290683,0.337927638594855,"TTC27","C14orf93","RRAGB","TRIM25","CSRNP1","TYW1B","PPBP","LIMS2","ZNF48","GP1BB"
"CD4_Naive__F017","CD4_Naive",0.00509327059607952,0.0789433931719689,0.337341735514721,"NECAB3","PDCD2L","COMMD5","PREP","LRRC7","ZNF787","TRMT1L","FOSL2","GOLGA7B","NFS1"
"CD4_Naive__F018","CD4_Naive",0.00486136613787789,0.0797866459668542,0.400506879019769,"MPP1","RNF169","CKMT2-AS1","INTS1","FAM8A1","TNFSF13B","ENSG00000261505","NPDC1","ZNF526","SORD"
"CD4_Naive__F019","CD4_Naive",0.00494860744027354,0.0573798363679681,0.291990444956002,"KATNB1","HIVEP1","UBE2M","MTMR2","SMN2","LINC00528","SLX4IP","PPAT","IGHMBP2","GSR"
"CD4_Naive__F020","CD4_Naive",0.00472393314012128,0.0577964814270127,0.262176566091593,"ZSCAN2","ADO","IQCG","REC8","CD200R1","TNFRSF1A","C14orf132","RASA1","SAYSD1","ENTREP3"
"CD4_Naive__F021","CD4_Naive",0.00464599298482509,0.0566412733169152,0.261009806127485,"PIK3R2","VCL","AFF3","AGFG1","GPR18","SETD4","CLIC3","LINC01232","CAPS","H1-4"
"CD4_Naive__F022","CD4_Naive",0.0045892369137653,0.0551873015553222,0.197887054547783,"ALG6","PCGF3","LANCL1","FAAH2","IRF2BP1","SLC16A1","BET1","H3C1","KCNQ1","SLC35A2"
"CD4_Naive__F023","CD4_Naive",0.00426601506836949,0.057626572759121,0.287858734570194,"PLCL1","LIPT1","C11orf68","ZNF211","ALKBH8","NFS1","ZBTB18","MYB","GK5","TXNL4B"
"CD4_Naive__F024","CD4_Naive",0.00428004506591804,0.0547747729538864,0.309421151561574,"TCAF1","LINC00539","CD99L2","MICB","ZNF846","ENSG00000274383","PGM3","DFFB","CARM1","LMF1"
"CD4_Naive__F025","CD4_Naive",0.0044723494221908,0.0855394393044263,0.470328075186854,"LINC02754","ENSG00000276651","PAK4","CLEC16A","PSTK","ZCCHC2","PAOX","PHGDH","FRMD4B","TRIM66"
"CD4_EM__F001","CD4_EM",0.0342056697955162,0.0518464437072937,0.833119331072283,"TM7SF3","GPX7","NOP14","ADRB2","SRM","RLIG1","BBC3","ORAI2","LGALS9","ALG6"
"CD4_EM__F002","CD4_EM",0.016771212062476,0.0553326124643262,0.60207831010867,"CISH","CASP2","HIPK1-AS1","DLEU2","SFMBT1","TMEM204","NRBF2","ENSG00000244459","TFAP4","IP6K1"
"CD4_EM__F003","CD4_EM",0.0155065118408958,0.0525380120860944,0.709385055298657,"TCP10L","DUSP6","PIGL","ZNF708","ZNF316","MAP2K6","BNIP1","NT5C2","PRIM1","CPTP"
"CD4_EM__F004","CD4_EM",0.0141857863668718,0.0568868311848078,0.549154510018985,"ENSG00000287104","LMNA","PYGO2","IRS2","POLH","METTL13","RHOB","RABEP2","ACBD4","ATP2C1"
"CD4_EM__F005","CD4_EM",0.0131436083187016,0.0565883885334562,0.67794605092618,"COPS3","ZNF552","ABCF2","SPATA33","HYOU1","CDR2","DNAL4","RCBTB2","CEP128","TMEM185A"
"CD4_EM__F006","CD4_EM",0.0123878785739112,0.0577374932451622,0.535256326573026,"ETV6","SLC25A20","COPS3","NVL","FAM118A","KIF16B","SLFN11","AIF1","KLC4","TTC5"
"CD4_EM__F007","CD4_EM",0.0119745143541566,0.0583424310785838,0.81058546981242,"ARMH3","USP18","SEC14L1","TAF1C","DPH6","PHC2","SLC26A11","TRIM39","POLR3K","ENSG00000235978"
"CD4_EM__F008","CD4_EM",0.011257627304024,0.0576396239427945,0.657553685762704,"CRTAP","APPAT","ARHGEF7","INTS4","THOP1","GNG7","SLC35A5","SLC35B3","POLR3H","ZBED5-AS1"
"CD4_EM__F009","CD4_EM",0.010019241109676,0.0572203675715892,0.844206470155048,"GAPVD1","STT3A","NUBP1","IP6K1","RALB","MED25","PLAA","TIPIN","NCOR2","ZNF134"
"CD4_EM__F010","CD4_EM",0.0097482906280842,0.0562733231432886,0.887898364228355,"MTMR9","OPA1","ATP13A1","ACTN1","KICS2","PLEKHA5","C12orf42","NRBF2","RAB24","NCOR2"
"CD4_EM__F011","CD4_EM",0.00985595215832869,0.0578599609174162,0.761380914256477,"ENSG00000267458","LRRC37B","LINC02361","GCSAM","DDX51","PHLDB2","SLC39A8","NDUFAF1","MCPH1-DT","CD200R1"
"CD4_EM__F012","CD4_EM",0.00950363638681861,0.0571049279298259,0.697403611267738,"MED13","LHPP","SLC20A2","PIK3CB","SIMC1","CTC1","TBC1D22B","KDM4B","ENSG00000265287","IRAK1"
"CD4_EM__F013","CD4_EM",0.00918544455322289,0.0580118473192143,0.696005272231324,"TRIM39","CEBPD","CDK7","DDX60L","APC","TBL3","SPEN","LNPK","POLR3C","SBK1"
"CD4_EM__F014","CD4_EM",0.00864047359195403,0.0555475970931504,0.660491508248503,"MED25","DELE1","POC1B-AS1","IL2RA","THOC5","LIPE-AS1","ZNF268","CLN6","NRM","FBXO48"
"CD4_EM__F015","CD4_EM",0.00826675394412796,0.0578813340017986,0.704940592498228,"ICOS","SLC35B3","UBALD1","CDKN2C","MED25","TM7SF2","LGALS9","DDX51","TRRAP","AAGAB"
"CD4_EM__F016","CD4_EM",0.0078668377085192,0.0580610827125024,0.820020287044149,"ZNF326","ZBED5-AS1","CPSF2","CDKN2C","TOE1","CRKL","PIDD1","ZZZ3","ALG6","C1orf216"
"CD4_EM__F017","CD4_EM",0.00746977264959891,0.0572780179754136,0.793392722931858,"CRY2","SLC25A20","MTHFD1","GSKIP","TMEM204","ETV6","MARS1","ASB1","ABHD8","MAGEF1"
"CD8_EM__F001","CD8_EM",0.0436413058495895,0.038225859260859,0.436760305945213,"CX3CR1","LYSET","CISH","NAPEPLD","ENSG00000287097","TNFAIP8L2","SLC25A25","PI4K2B","FASLG","HCCS"
"CD8_EM__F002","CD8_EM",0.0139054214509678,0.116672169131219,0.751326616070161,"TENT5C","CSRNP1","AREG","DONSON","ID1","RGS1","LMNA","ENSG00000260613","MAFF","HIPK1-AS1"
"CD8_EM__F003","CD8_EM",0.00998747078092051,0.0820175921811277,0.860672007028966,"ENSG00000259865","ENSG00000223522","ENSG00000262967","ENSG00000287916","ENSG00000267458","ENSG00000273156","PHKG1","PTBP2","SRGAP2B","ZNF384"
"CD8_EM__F004","CD8_EM",0.00905638208319405,0.0891791931518809,0.392706381068125,"PROK2","SLC1A7","CPNE2","SYNGR1","PTGDS","LINC00402","CD28","GPR141","LINC02384","FXYD2"
"CD8_EM__F005","CD8_EM",0.00751526398523628,0.993679582722979,0.348286475871715,"RPS4Y1","USP9Y","DDX3Y","EIF1AY","UTY","KDM5D","XIST","ENSG00000286009","ZFY","LINC00278"
"CD8_EM__F006","CD8_EM",0.0062144605201224,0.0817731059232871,0.502897249972019,"CISH","GADD45G","ENSG00000229337","EGR1","IER5","WHRN","ENSG00000237773","ENSG00000273204","EPS8","RDH13"
"CD8_EM__F007","CD8_EM",0.00605021275786885,0.0507153644618327,0.205695468859658,"COLGALT1","ARSK","PYCARD-AS1","CENPM","GIMAP8","HMBS","ENSG00000284734","RHEBL1","ENSG00000285730","TEFM"
"CD8_EM__F008","CD8_EM",0.00540468167116187,0.0566705830674476,0.24665306079183,"CENPK","NME7","TP53BP2","NCOA5","MANSC1","TFEB","RTP4","TMEM273","POLR3H","ZFP1"
"CD8_EM__F009","CD8_EM",0.00555647005963604,0.0551072234692611,0.339252818814417,"KDM4A","ALDOC","TXNL4B","KIFC2","NECAB3","MFSD6","ABHD6","SEC24D","H3C4","PRMT6"
"CD8_EM__F010","CD8_EM",0.00514613920514127,0.0873881027985366,0.267069521595954,"CATSPER2","GCSAM","CTBP2","ENSG00000262580","BNC2","KLRC2","SLC35A5","MCM6","POLR1A","NOMO3"
"CD8_EM__F011","CD8_EM",0.00452911376214595,0.0910663877242281,0.181406949910651,"CANT1","SAMTOR","F8","PDE4A","IL6R","ATP1A3","LINC01684","TRAPPC14","GALNT4","METRNL"
"CD8_EM__F012","CD8_EM",0.00507532228254434,0.0870917701687343,0.239504898397335,"ARHGEF35-AS1","MPND","DIPK2A","NACC2","LITATS1","PARD6B","RRM1","LY96","SLAMF1","SLFN11"
"CD8_EM__F013","CD8_EM",0.00510593081988871,0.0550816690957929,0.247384968938254,"PALM2AKAP2","QRSL1","C1RL-AS1","ZNF487","ENSG00000271938","MTX3","NOC3L","TSTD3","ZW10","ATP10D"
"CD8_EM__F014","CD8_EM",0.00531296595847018,0.223553697089248,0.84800428596829,"RNF187","F8A1","CITED4","SAP30","FRAT2","PPP1R14B","UBE2M","FRAT1","ENSG00000278231","RNF169"
"CD8_EM__F015","CD8_EM",0.00491633309079903,0.0810679173268681,0.311748351923312,"TMEM185B","LRCH1","LCDR","CSRNP1","FMR1-IT1","PROK2","DNAJB4","PAAF1","SEMA4C","SHLD3"
"CD8_EM__F016","CD8_EM",0.00487814731485536,0.0555021282677802,0.177959629833101,"PAK1","LIN7C","SPAG16","E2F6","MICAL2","CD4","LINC00921","ACSF2","TXNDC11-AS1","SMCR8"
"CD8_EM__F017","CD8_EM",0.00452134104659025,0.0838574433261598,0.260417909622746,"COLEC12","SLC9A1","KRT10-AS1","TRIM23","ZNF562","ENSG00000278376","ZNF746","TNPO2","EAF1","FOXO4"
"CD8_EM__F018","CD8_EM",0.00495724492534509,0.0549253034093176,0.298807707993666,"CNTROB","STARD4","METTL2A","LINC00539","SMARCAD1","PLCH2","RCOR1","TRAF6","RAB30","IGHG1"
"CD8_EM__F019","CD8_EM",0.00514330538376089,0.0544764719155618,0.296527268168582,"GPR18","TSPOAP1","ENSG00000287104","POLR3H","DVL3","WDR24","DDX11","MT-ATP8","ZNF354A","PLXND1"
"CD8_EM__F020","CD8_EM",0.00445770404158609,0.0922419875445946,0.267207011590404,"TRIM3","RGPD5","ZC3H12D","BRF2","GOLGA1","SESN2","OSBP","YTHDF3","SLC35C1","CLDND2"
"CD8_EM__F021","CD8_EM",0.00472409561321566,0.0576519924061188,0.30296463450934,"TAF4","PARP6","PPP1R16B","CFP","SLC16A3","SLC35B4","ENSG00000274092","HSPA13","LACTB","LMNA"
"CD8_EM__F022","CD8_EM",0.0043485583271885,0.0550424474683425,0.175120688863636,"TCF19","TSTD2","ZNF865","LYG2","ENSG00000263823","KIF13B","YTHDF3","UBXN8","ENSG00000286835","MEF2B"
"CD8_EM__F023","CD8_EM",0.00431702318846394,0.0562665251819951,0.356501565853482,"PSKH1","MKKS","TTC7A","SZT2","AKR1C3","CRAT","TTC33","ZCCHC2","ZNF552","ENSG00000276728"
"CD8_EM__F024","CD8_EM",0.00428360719463882,0.0567794598686,0.211885496777686,"CCDC127","INPP5B","MS4A1","SEC22A","SLC2A13","ENSG00000259865","HVCN1","NSF","ENSG00000284428","SNX18"
"CD8_EM__F025","CD8_EM",0.00413236894778167,0.0568369515142543,0.284207668572215,"SETBP1","IFIH1","CCDC142","STRBP","SH2B3","PPP1R3D","OCLN","DAB2","LRIG1","LINC02446"
"CD8_Naive__F001","CD8_Naive",0.0433606052458101,0.0440916847505727,0.556994551552527,"CISH","C14orf119","ENSG00000278002","AREG","MIS18A","OMA1","ETFBKMT","PPIL1","PRAG1","PNPLA8"
"CD8_Naive__F002","CD8_Naive",0.0108292955029336,0.140458061145937,0.738405538304784,"NR4A2","AREG","HIPK1-AS1","CSRNP1","ENSG00000272384","PTGER4","ENSG00000270022","ENSG00000278002","RGS1","MIR23AHG"
"CD8_Naive__F003","CD8_Naive",0.00898277924205074,0.177497625014356,0.893294180088771,"CITED4","RNF187","F8A1","RNPEPL1","OTUD1","BRD7","MAP2K2","NPTN","HDGF","ALYREF"
"CD8_Naive__F004","CD8_Naive",0.00955392851510802,0.0869260436603742,0.691585124699286,"CISH","A1BG-AS1","PRAG1","RIOX1","ZDHHC20","PER1","TMEM91","KLHL5","ENSG00000286835","ZHX1"
"CD8_Naive__F005","CD8_Naive",0.0061243903892906,0.989224732414942,0.603794077076814,"RPS4Y1","EIF1AY","XIST","USP9Y","DDX3Y","UTY","ENSG00000286009","TTTY14","KDM5D","ZFY"
"CD8_Naive__F006","CD8_Naive",0.00963436085457577,0.0547979562163826,0.645271984904196,"AP1S1","CISH","RAD51D","ID3","LCDR","KLHL22","TK2","ABI3","TYK2","ITPKB-AS1"
"CD8_Naive__F007","CD8_Naive",0.00916053819640662,0.0537278851498253,0.710209425195128,"HSDL2","SMG7","RINL","MRPL39","PYGO2","ENSG00000272092","RMC1","HLA-DMB","RBM12","DTNB"
"CD8_Naive__F008","CD8_Naive",0.00974624122499338,0.0568901400241825,0.663741291523175,"PLXNA3","ENSG00000223522","ZNF483","IFT80","TRMT6","ZXDB","SLC7A8","ENSG00000254363","PIGS","COPB2"
"CD8_Naive__F009","CD8_Naive",0.00792288418737189,0.092278605508132,0.616500032488621,"HYCC1","EIF4A3","ATG4C","C5orf15","AMN1","ENSG00000283674","ELK1","CDC42-IT1","SRF","MIR23AHG"
"CD8_Naive__F010","CD8_Naive",0.00756216549413054,0.0999326827930725,0.672046999265145,"SEZ6","PNPLA8","ZNF333","ATG101","NRF1","PDPR","EGR1","H4C1","HACD2","ZNF569"
"CD8_Naive__F011","CD8_Naive",0.00795837357730318,0.0585045661412766,0.609056571903699,"BRAP","IFT172","LINC00092","ENSG00000261474","WRAP53","ZC3H4","BBS9","HABP4","FH","TCEANC2"
"CD8_Naive__F012","CD8_Naive",0.00906050984840129,0.0935969692364091,0.696111440717168,"GIGYF1","SEZ6","MEMO1","ENSG00000274421","OMA1","SPIN1","LIPT2","LRRC75A","ERC1","MT-ATP8"
"CD8_Naive__F013","CD8_Naive",0.0072377428307417,0.0554375483642119,0.456888564112387,"OAS3","SRGAP2C","MRTFA","C1GALT1C1","ALDH5A1","BEND5","RINL","SLC12A7","GCNA","DXO"
"CD8_Naive__F014","CD8_Naive",0.00716926526893881,0.0925001467723545,0.52330254123319,"MAPK1","SUCLG2-DT","NSUN2","MLKL","RPGR","NQO2","HNRNPLL","TRIOBP","OTUD6B","B3GLCT"
"CD8_Naive__F015","CD8_Naive",0.00745995846485593,0.0560932645649759,0.439620356485828,"FIRRE","GSTZ1","ASCC1","EOLA1","FH","TENT5C","ZCCHC8","SLC11A2","VEZT","ZCCHC2"
"CD8_Naive__F016","CD8_Naive",0.00746227369492046,0.105913652719237,0.47451697994988,"VAMP7","ENSG00000286907","MYO9A","DCBLD1","ENSG00000287916","HLA-F-AS1","CEP250","CCDC106","MAN1B1-DT","PNPO"
"CD8_Naive__F017","CD8_Naive",0.00647921971659948,0.0563074944493878,0.391738686262826,"DUS1L","IFI44","PRF1","PPP1R9B","ZNF512B","NLE1","PABIR3","ITPRID2","FBXL17","NUP50-DT"
"CD8_Naive__F018","CD8_Naive",0.00640869590528797,0.113175486579842,0.465859096634024,"CTC1","CBX4","HSPBAP1","KCTD7","AGFG1","ENSG00000261324","TTC13","H2BC21","RAD51B","ZNF266"
"CD8_Naive__F019","CD8_Naive",0.00655438664906265,0.115269004870013,0.34641741782564,"SRP14-DT","FAM226B","ZEB1-AS1","INTS13","WWC3","ANKRD46","ZXDB","RIMOC1","MDM1","TNKS"
"CD8_Naive__F020","CD8_Naive",0.00636550096863896,0.0568883356575336,0.494647876285795,"POLR2J2","IGF1R","PLCG2","NPIPB11","ENSG00000260257","PREB","TLNRD1","POFUT2","ELOVL1","VARS1"
"CD8_Naive__F021","CD8_Naive",0.00591111396959148,0.0587207507834004,0.568607418550126,"HSDL2","FUT11","SLC25A4","DYNLT2","BGLAP","N4BP1","LDAH","C10orf95","SLC35A2","NSF"
"CD8_Naive__F022","CD8_Naive",0.00583935158537635,0.113591319137658,0.533109756114991,"OLMALINC","SNN","SLC46A3","FAM174A","ZNF687","METTL15","PRDM4","ARHGEF37","ZNF268","ERCC6"
"CD8_Naive__F023","CD8_Naive",0.00651386509642799,0.105151210622696,0.64076998680558,"PPIL1","GZMB","DUSP14","RPGR","RIOK2","EXOSC6","ADHFE1","IGF1R","TMEM65","TMEM25"
"CD8_Naive__F024","CD8_Naive",0.00699195180409252,0.0567077645368525,0.606326757512912,"ZNF260","FAM3C","AGPAT2","SLC23A2","PMS1","TTI2","PXMP4","CRADD","LRRC45","EMSY"
"CD8_Naive__F025","CD8_Naive",0.0059157129527721,0.0564996984609501,0.475533368450999,"CRKL","QSOX1","ZNF844","DCAKD","USP32","HLA-DOA","CCDC127","ID3","SLC35B2","KLHL6"
"B_Naive__F001","B_Naive",0.0299845082700833,0.0461198817688011,0.656119157067219,"TRIM69","IGFBP4","OAS1","HCCS","BORCS6","PJA1","LPAR5","INTS5","METTL13","HSD17B1-AS1"
"B_Naive__F002","B_Naive",0.0107483982471173,0.0975641707822409,0.798612229700106,"BTG3","CDKN1A","PELI1","DUSP10","RGS1","GABRE","PER1","MAFF","DONSON","ENSG00000232891"
"B_Naive__F003","B_Naive",0.00822159590775976,0.0927928678706862,0.821561010759987,"F8A1","APPAT","ENSG00000223522","RNF169","CARD8-AS1","PPP1R14B","C10orf95","FAF1","SOX4","TOB1"
"B_Naive__F004","B_Naive",0.0052811907573394,0.986698288241875,0.358980134762914,"EIF1AY","RPS4Y1","USP9Y","DDX3Y","UTY","XIST","ENSG00000286009","KDM5D","ZFY","KANTR"
"B_Naive__F005","B_Naive",0.00626649386445022,0.0784951664677594,0.695905641306789,"PPP1R3B","CCDC93","BCL11B","MPZL1","S100A8","AMN","TMEM120B","PAX8-AS1","STOM","TRGC2"
"B_Naive__F006","B_Naive",0.00486280686329499,0.126690852152265,0.417020815432105,"UBN2","MSH6","ZNF135","GP1BB","COPS7A","NRGN","LIX1-AS1","PF4","TRDC","PPBP"
"B_Naive__F007","B_Naive",0.00516074494672067,0.0551854710399476,0.703976426882242,"POP7","ENSG00000280071","MAP3K3","GADD45A","TTN","MTMR10","RPRD1B","DPYSL2","DTX3L","NUP93"
"B_Naive__F008","B_Naive",0.00494100974438533,0.0549487547754562,0.566699577459244,"LYZ","ZNF789","PHOSPHO2","LDOC1","CPLANE1","ENSG00000270605","TTN-AS1","ENSG00000284428","GMDS","OSBPL7"
"B_Naive__F009","B_Naive",0.00497897920541927,0.0563827625516655,0.558744547531995,"ZFY","VPS45","SCYL3","CTNND1","SPICE1","VMAC","HINFP","UBA5","EDEM3","SLC23A2"
"B_Naive__F010","B_Naive",0.00456996566665597,0.0567156077741532,0.357131615878092,"ENSG00000272106","RDH5","LINC00954","MRPL46","TCF19","EHBP1","CEP131","GIMAP7","C11orf54","APPAT"
"B_Naive__F011","B_Naive",0.00481900522187044,0.0576224506042067,0.410574410284031,"ITK","WDPCP","CASP9","PDHX","CD3G","BRAP","VPS11","LINC03072","RNF11","SMCR5"
"B_Naive__F012","B_Naive",0.00461009364292428,0.055578463468019,0.333095336161299,"IGFBP4","CCSER1","CERK","ENSG00000269971","TMEM14A","DBP","CASP2","CEP162","ASL","ERAP1"
"B_Naive__F013","B_Naive",0.00452554762815998,0.131918736329255,0.412669467332236,"SPON2","ZNF66","PGPEP1","CLIC3","FANCL","PDP1","ZNF831","TAGAP-AS1","PLAGL1","FCGR3A"
"B_Naive__F014","B_Naive",0.00408468639269115,0.0580071256459124,0.35026983548567,"METTL15","BRD3OS","ANAPC2","DUSP6","CAPRIN2","ENSG00000203644","MAML3","PACSIN2","TSPAN33","FALEC"
"B_Naive__F015","B_Naive",0.004085060818111,0.147523122625233,0.528118789124439,"DONSON","GZMH","ENSG00000273141","ZNF595","RAD51C","TMEM14A","TNFRSF25","LINC01871","RALGDS","CD3G"
"B_Naive__F016","B_Naive",0.00403910167944518,0.135304315525183,0.52409555783135,"ZNF286A","H2BC4","LINC01550","LIG4","SIRT1","TNFSF13B","ALAS1","ST14","NDUFAF4","ZNF561"
"B_Naive__F017","B_Naive",0.00392942046777989,0.156703197494692,0.465720129374228,"IFT80","PEA15","UBR4","CYP3A5","ZNF564","SPECC1L","PRR14L","ACAD10","ZMPSTE24-DT","UCHL3"
"B_Naive__F018","B_Naive",0.00394676758631428,0.129745196573025,0.531109330364031,"AGMAT","SNHG26","CAPN10-DT","THG1L","ETAA1","MYZAP","SKA2","SAMSN1","SYCE1L","METTL22"
"B_Naive__F019","B_Naive",0.00389404606146372,0.0562089455802326,0.366179507124884,"GLRX2","CPT1A","ENSG00000225885","LRRC61","ENSG00000285730","ENSG00000276136","ENSG00000260273","EMC2","ATG9A","ARHGEF19"
"B_Naive__F020","B_Naive",0.00385899924378799,0.0561316723996293,0.472607043061744,"ZNF557","DGAT1","NPEPL1","YWHAG","GSR","TNFRSF13B","TRIM41","JAK2","LPIN2","TTC33"
"B_Mem__F001","B_Mem",0.042790360196307,0.0552167456866742,0.907170712876387,"USP10","HTRA2","ATIC","STMN1","SF3B4","CDV3","KDM1A","BPGM","CHAMP1","ACSF2"
"B_Mem__F002","B_Mem",0.0236398738516969,0.0590971951448336,0.700182231667053,"DDIT3","RBM38","TENT5C","AREG","ZNF397","SERTAD1","HES1","UTP6","SGTA","AARS1"
"B_Mem__F003","B_Mem",0.0203824158108477,0.046705837615817,0.244117961005003,"DELE1","SPRTN","RFTN1","KLK1","RFXAP","ANKRD37","RDH5","DYNC2I1","ZBTB32","LNROP"
"B_Mem__F004","B_Mem",0.0183079682024421,0.05516061585533,0.653905605089158,"ELMOD3","DPH3","STK16","GOLGA2","LAP3","CDC16","HDGF","NDUFA8","CLN6","MICB"
"B_Mem__F005","B_Mem",0.0179009441129038,0.0531437647769728,0.218709866061762,"SIN3A","ENSG00000261526","RBM38","DHRS4-AS1","PTPN11","LINC00649","SBF2","SHLD2","CARNS1","EIF1AD"
"B_Mem__F006","B_Mem",0.016096971002299,0.0530136573241909,0.560972954413851,"KDM5C","TMEM87B","LYRM7","EDEM1","FAIM","FAM168B","ENSG00000251131","GANAB","PIP5K1A","LRRC40"
"B_Mem__F007","B_Mem",0.0157115581657133,0.0543990607308031,0.727367082176285,"ST20","PYCR2","CHKB-DT","GLCCI1","RABGAP1","TMCC1","KRBA2","PYGO2","S100A8","CDV3"
"B_Mem__F008","B_Mem",0.0146164536834825,0.0578331731452202,0.873796687439203,"SF3B4","SPRTN","SCYL1","MIR155HG","PRPSAP2","NAIP","STX18","ANKRD10-IT1","DYNC2I1","GFOD1"
"B_Mem__F009","B_Mem",0.0144509067454722,0.0583865153197021,0.823955774940663,"FAM193A","DNAJC21","ENSG00000273448","GMPS","NMNAT1","DPH3","GSS","PSMG1","APOLD1","METTL25"
"B_Mem__F010","B_Mem",0.0128181798889112,0.0581930094520588,0.705753664748107,"ZBTB32","ASXL2","SUPV3L1","ACSL5","USP10","IVD","MAPDA","APC","ZNF397","ENSG00000241490"
"B_Mem__F011","B_Mem",0.0122475703715204,0.0554658267299295,0.925470320498029,"ATP11C","TBC1D12","GCH1","ARSA","AEN","DELE1","CDC14A","REM2","TEX261","LPAR2"
"B_Mem__F012","B_Mem",0.0121460202109842,0.057229943727887,0.735964686682445,"TM7SF2","BLOC1S5","TBC1D17","KLHL22","LAP3","AK8","RIPOR1","PTPN11","SETD3","CARS1"
"B_Mem__F013","B_Mem",0.00998188524614639,0.057634290131325,0.504860331788257,"NFKBIL1","ZNF84","TM9SF4","USP10","KIAA0232","TOR1A","GNG11","TIMM22","ZNF566","GGCX"
"B_Mem__F014","B_Mem",0.00968849222737415,0.0562091781407101,0.73465707786352,"PELP1","DPH3","PCED1A","PTTG1IP","PURB","ITK","FBXO8","CHMP6","STMN1","NBR2"
"B_Mem__F015","B_Mem",0.00886666105561321,0.0598811150503522,0.5638677028276,"USP10","ARFGAP1","PARM1","RDH5","ENSG00000261448","CREM","ENSG00000203644","SENP7","AMN","C14orf119"
"B_Mem__F016","B_Mem",0.00886307667334676,0.0562323929722419,0.613055450427941,"PTTG1IP","SIN3A","MIOS","APOO","APH1B","HPF1","SLC4A1AP","CCDC112","TMEM254","LLGL2"
"NK__F001","NK",0.028815896366256,0.0395575820211721,0.451464440134598,"TNFAIP8L2","ENSG00000284734","GOT1","CD68","ENSG00000272688","HSPA1A","RSAD2","VIT","TRAK2","SLC49A3"
"NK__F002","NK",0.0120039208511951,0.11296085681185,0.773547074699787,"TENT5C","AREG","DONSON","CSRNP1","GABRE","WHRN","AVPI1","PER1","LMNA","ENSG00000260613"
"NK__F003","NK",0.00790742528320277,0.087787002980634,0.817822127304304,"ENSG00000223522","ENSG00000267458","ENSG00000287916","ENSG00000286223","ZNF384","SGPP1","B3GNT7","NUDT19","MT-ATP8","DOCK5"
"NK__F004","NK",0.00689702245061898,0.747399341244078,0.265473122981813,"TYMS","TK1","PCLAF","UBE2C","NUSAP1","BIRC5","CENPM","ZWINT","MKI67","CDT1"
"NK__F005","NK",0.00668170562941884,0.98800840012651,0.346080326188258,"RPS4Y1","DDX3Y","EIF1AY","UTY","USP9Y","XIST","KDM5D","ENSG00000286009","LINC00278","ZFY"
"NK__F006","NK",0.00469328036411604,0.289086755373907,0.311712817364495,"LAG3","PTMS","MT1E","ENSG00000287097","LINC00944","LINC02446","TPRG1","CDKN2A","MCOLN2","KLRC2"
"NK__F007","NK",0.00339638055417269,0.654274111942355,0.923078790135682,"RNF187","FRAT2","F8A1","CTU1","CITED4","ENSG00000278231","B3GALT6","PPP1R14B","UBE2M","RNF169"
"NK__F008","NK",0.00420576864824521,0.0553022825378917,0.402415327195421,"TDRKH-AS1","PDGFRB","SIN3B","FAM182A","ENSG00000227486","SP1","SLX1A","MIR222HG","GBE1","FXYD7"
"NK__F009","NK",0.00389553310328034,0.0903138057658932,0.421271268842762,"FLVCR1","FAM210B","GMNN","MT1E","ZNF736","LDB2","ZNF529-AS1","SOCS3","DLG5","PLK3"
"NK__F010","NK",0.00415538670349214,0.0568831749367676,0.273073588442978,"LMF1","CEP68","MTMR10","CTNNA1","AMPD2","ZSCAN29","CARD8-AS1","ENSG00000257176","TMEM64","HECTD3"
"NK__F011","NK",0.00385784072275922,0.0906559276263571,0.369745778565086,"EDC4","QSOX2","RPGR","BLTP3B","TYW1","DONSON","SP1","CPOX","PPP2R1B","FANCD2"
"NK__F012","NK",0.00396653508281838,0.0565469620772566,0.21951219745235,"TLE3","NUDT11","L3HYPDH","ZNF561-AS1","ZNF25","HAPLN3","CDK8","ABHD10","C16orf86","PALLD"
"NK__F013","NK",0.00378133606811722,0.0553513238225332,0.276345192283397,"ZNF358","ZNF133","POT1","RIC8B","RAI1","NFYA","ENSG00000232811","BBS7","TIRAP","B3GALT6"
"NK__F014","NK",0.00349801768230791,0.107458566737473,0.301760332016123,"TOR4A","IQCH-AS1","GPR171","PAXIP1","MISFA","HARS2","ENSG00000269918","RWDD2B","TRAPPC9","BCLAF3"
"NK__F015","NK",0.00387971829283954,0.0571767513134527,0.361987233391081,"STARD9","PGAP6","TBCEL","TGFBRAP1","MFSD6","ZHX1","SLC25A19","RRM2B","TCTN1","OLMALINC"
"NK__F016","NK",0.00370963181976114,0.0565947864745085,0.328405344349323,"ID1","POLH","RHOBTB2","MAP1S","ZNF606","ENSG00000277324","BICRA","AGAP3","CEACAM21","TAF4"
"NK__F017","NK",0.00359761500239122,0.0566763205813309,0.391463024621677,"PROSER3","ACOX3","LINC01116","ZNF260","ZNF618","ZNF354A","TTC16","LRRC8D","SEMA4F","SLC2A6"
"NK__F018","NK",0.00342091242971568,0.0997512865771892,0.395875072171048,"SMCR5","KIFC2","RENBP","LINC00426","LINC01560","CENPN","IGLC1","TRIM23","JCHAIN","GOLGA8O"
"NK__F019","NK",0.00359883730260188,0.0824856752072654,0.274649120476814,"HEATR6","ZNF528-AS1","ADAT2","PCSK5","LINGO2","ENSG00000260711","ZER1","CHIC1","JRKL","MGAT4B"
"NK__F020","NK",0.00339548895878928,0.110518088339475,0.473944507136442,"ID1","UBR4","ZMPSTE24-DT","SLC25A24","ENSG00000274021","GRAMD4","NAXD","GNAL","IPO11","MIEF2"
"NK__F021","NK",0.00341696623844752,0.113368280677637,0.253076626861938,"NAA80","ENSG00000227486","OSBPL10","FAR1-IT1","LINC01116","CEP295","CSRNP1","PDGFRB","PIDD1","SLC25A30"
"NK__F022","NK",0.00336647019153717,0.113904293807344,0.355177841823678,"OXSM","BCO2","CAPG","ZBTB8A","GPR183","ZNF683","SMCR5","SPTSSB","S100A8","PDE4B"
"NK__F023","NK",0.00340664358971055,0.0544067026206784,0.295657389165722,"BICDL1","C5orf63","SWAP70","NSF","MCPH1-DT","POLD3","PTRH2","LLGL1","ENSG00000253372","NBPF14"
"NK__F024","NK",0.00324969480042096,0.0569459786258517,0.391908167086635,"CHST10","PALS1","ZNF761","CD99L2","ENSG00000270605","WDR44","FOXO4","MIOS-DT","NFYA","POFUT2"
"NK__F025","NK",0.003321625505404,0.0570182271423251,0.435089216617036,"HMBS","ZNF407","CYB561","SLC30A6","TIGD1","UBR4","DAG1","ETV2","HISLA","FAM98A"
"CD14_Mono__F001","CD14_Mono",0.0285253133556365,0.0474965800186468,0.782177464785938,"DHX58","MZF1","SAP30","DENND1B","ANKRD10-IT1","CHM","FLVCR2","FAM210A","SPATS2L","KIF9"
"CD14_Mono__F002","CD14_Mono",0.00811478642606861,0.941372497383032,0.729413090692905,"GP1BB","PPBP","CAVIN2","PF4","GNG11","GP9","TUBB1","ITGB3","PTCRA","CLU"
"CD14_Mono__F003","CD14_Mono",0.0142372625150618,0.0923476375945245,0.75867138788895,"G0S2","HSPA1A","CD180","HBEGF","RFX2","PHLDA1","THBS1","PTGS2","NPRL3","ANKRD42"
"CD14_Mono__F004","CD14_Mono",0.0123785623978114,0.0790281174746367,0.836194383647481,"NUDT9","LRRC75A","SQLE","MAL","TMEM268","EEIG2","TMEM115","ERCC3","STX18","MIEF1"
"CD14_Mono__F005","CD14_Mono",0.0103465015958715,0.0999170246607629,0.543412431494652,"LINC00173","GLMN","ENSG00000260077","MMAB","GALK2","FDX2","DENND1B","STX18","LSM14B","MZF1"
"CD14_Mono__F006","CD14_Mono",0.0106114080872681,0.055074900007644,0.864700159029081,"ENSG00000278133","ENSG00000214719","MTA2","SDSL","JUN-DT","PLAGL2","INTS12","HIF1AN","VILL","PAQR4"
"CD14_Mono__F007","CD14_Mono",0.0105703593036363,0.0557530748545794,0.662276185256238,"SLF2","ACOT13","ZC3H6","LINC02035","ENSG00000274104","DHDDS","PTP4A3","SLC16A7","MCCC2","TRAM2"
"CD14_Mono__F008","CD14_Mono",0.00993537491941899,0.0564675011936522,0.666414030665717,"ICMT","RBSN","ITK","MGLL","NDUFAF1","SLC9A1","TTC5","IARS1","RANBP3","MTO1"
"CD14_Mono__F009","CD14_Mono",0.0094779564651357,0.0574484719650328,0.704838599543562,"TUT1","ENSG00000260805","ZNF821","WDR6","PREP","CCDC92","NOL4L","MIER3","ADGRG1","SLC35B4"
"CD14_Mono__F010","CD14_Mono",0.00888677660426916,0.0566010462648674,0.457116657352112,"ANKRD42","TRIM24","SEC22A","NCDN","CCRL2","ITPRIPL2","PPM1N","MAPRE3","SLX1A","PRPS1"
"CD14_Mono__F011","CD14_Mono",0.00887489242960993,0.108838992261614,0.439527243631046,"PPAN","CCL3L3","ARL15","WDR5B-DT","GNGT2","CD1C","ENDOG","RFNG","MTRES1","ENSG00000214719"
"CD14_Mono__F012","CD14_Mono",0.00791953208225368,0.054937700502662,0.647635644325151,"OAS3","ZNF579","ANKRD42-DT","HERC2","CNTLN","QNG1","BTG3","CHROMR","ARL13B","IL11RA"
"CD14_Mono__F013","CD14_Mono",0.00825812385153693,0.144097384084927,0.49228273277542,"SLC16A7","TXLNG","TMEM267","LINC01588","FBXO45","WDFY4","ENSG00000288066","AP3M2","EXT2","TNIK"
"CD14_Mono__F014","CD14_Mono",0.00818322456178443,0.0556898315900095,0.488469897972158,"SLC35B2","PRDM1","TMED8","AHDC1","CNTLN","NOMO1","ENSG00000258101","TOMM40L","RPS4Y1","THADA"
"CD14_Mono__F015","CD14_Mono",0.00822960174724694,0.12274529777663,0.467143742456843,"NPHP3","NUP205","HRAS","HARS2","SAP30L","SLC43A1","PPP2R5B","UBE2O","FCER2","GPRIN3"
"CD14_Mono__F016","CD14_Mono",0.00760139599256264,0.0581429009800697,0.563897057214769,"WDR6","ALAD","ENSG00000258101","ZNF503","ENSG00000260563","EIF2AK3","TSPAN2","PIP5K1B","PGAP3","PITPNA-AS1"
"CD14_Mono__F017","CD14_Mono",0.00584625682535181,0.978082240714698,0.560094070788194,"RPS4Y1","DDX3Y","EIF1AY","XIST","UTY","LINC00278","ZFY","TTTY14","USP9Y","KDM5D"
"CD14_Mono__F018","CD14_Mono",0.00672381959166776,0.0568836879961908,0.472538038375424,"USP9Y","CEP85","ENSG00000280434","CLK2","CD6","LARP4","DOLPP1","ATG4A","FLVCR2","ENSG00000287644"
"CD14_Mono__F019","CD14_Mono",0.00671311664274496,0.0567225427793575,0.503421301645377,"ABCA1","ARL15","PARG","TAF1C","CHM","CEP83","HERC5","E4F1","UGDH","EFNB1"
"CD14_Mono__F020","CD14_Mono",0.00623679896586481,0.0554593882520083,0.446847340753387,"DDX59","ACVR1B","RBFA","NIPAL2","METTL4","PHF6","DTNB","NAPA-AS1","CPLANE1","MROH6"
"CD14_Mono__F021","CD14_Mono",0.00613914048257157,0.179165985319123,0.455528950302256,"ZNF8-DT","TAF6","GPRIN3","TMEM39A","EXOC2","CHD7","TRIB2","PLAGL2","ZMYM5","MANEA"
