"pair","k_a","k_b","effective_dim","min_angle_deg","n_shared_05"
"CD4_CM vs CD4_Naive",25,25,290,9.8,11
"CD4_CM vs CD4_EM",25,17,54,6.5,0
"CD4_CM vs CD8_EM",25,25,259,11.2,7
"CD4_CM vs CD8_Naive",25,25,105,11.8,1
"CD4_CM vs B_Naive",25,20,157,13.9,5
"CD4_CM vs B_Mem",25,16,43,2.1,0
"CD4_CM vs NK",25,25,281,11.4,8
"CD4_CM vs CD14_Mono",25,21,68,7,0
"CD4_Naive vs CD4_EM",25,17,51,6.9,0
"CD4_Naive vs CD8_EM",25,25,249,13.2,6
"CD4_Naive vs CD8_Naive",25,25,105,10.8,1
"CD4_Naive vs B_Naive",25,20,153,15.1,5
"CD4_Naive vs B_Mem",25,16,41,0.3,0
"CD4_Naive vs NK",25,25,273,13.2,7
"CD4_Naive vs CD14_Mono",25,21,63,5.3,0
"CD4_EM vs CD8_EM",17,25,52,5.4,0
"CD4_EM vs CD8_Naive",17,25,26,0,0
"CD4_EM vs B_Naive",17,20,31,0,0
"CD4_EM vs B_Mem",14,14,14,0,0
"CD4_EM vs NK",17,25,52,8.9,0
"CD4_EM vs CD14_Mono",17,18,18,0,0
"CD8_EM vs CD8_Naive",25,25,91,9.8,0
"CD8_EM vs B_Naive",25,20,136,15.2,5
"CD8_EM vs B_Mem",25,16,41,1.3,0
"CD8_EM vs NK",25,25,244,13.2,7
"CD8_EM vs CD14_Mono",25,21,61,6.6,0
"CD8_Naive vs B_Naive",25,20,60,6.5,0
"CD8_Naive vs B_Mem",24,16,24,0,0
"CD8_Naive vs NK",25,25,98,13.5,0
"CD8_Naive vs CD14_Mono",20,20,20,0,0
"B_Naive vs B_Mem",20,16,21,0,0
"B_Naive vs NK",20,25,149,15.1,5
"B_Naive vs CD14_Mono",20,21,38,0,0
"B_Mem vs NK",16,25,40,0,0
"B_Mem vs CD14_Mono",6,6,6,0,0
"NK vs CD14_Mono",25,21,66,5.9,0
