"","factor_id","class","entropy","mass_CD4","mass_CD8","mass_B","mass_NK","mass_cMono","mass_ncMono","mass_DC","mass_PB","mass_GDT","mass_DP"
"1","SF01","global",0.963720605513736,0.157317848172223,0.127038897529021,0.148222524933852,0.112913805040019,0.032217194728894,0.0472845299464724,0.0700889511465664,0.0975178586088503,0.0910737006891359,0.116324689204966
"2","SF02","global",0.887303381686379,0.107310025731475,0.149620040926735,0.190301827483616,0.254768903296922,0.107194346737032,0.0470445850003369,0.0443033042422748,0.0478549470916048,0.0235042974368688,0.028097722053134
"3","SF03","global",0.985557701511428,0.0932650343048376,0.0935457011540477,0.115704162244861,0.115491360712697,0.127522873955281,0.131500522823199,0.120081952911828,0.05346278305917,0.0810371531148027,0.0683884557192768
"4","SF04","global",0.949902110808426,0.179019269110581,0.15410212108879,0.0529065685687939,0.153502665745478,0.109617568696719,0.0889439835147283,0.0712506742245808,0.023799726031263,0.0937012338130629,0.0731561892060034
"5","SF05","global",0.876533555693634,0.0570012425131069,0.0406955047511768,0.0587568773463794,0.0493801766744201,0.240676101179602,0.254924391351403,0.153511891253906,0.071788533332876,0.0317904891365437,0.0414747924605858
"6","SF06","partial:CD8+DP",0.347148931454976,0.0145328241107938,0.791362959860583,0.00499321745338288,0.0104313408250231,0.00075082887634597,0.000192941433731849,0.00952247501006236,0.0127458364894867,0.0344742951617037,0.120993280778887
"7","SF07","partial:CD8+DP",0.379787392064806,0.00448652390687409,0.478518175880568,0.00553729778687676,0.0019590679636592,0.000169266634452597,0.00012834148118695,0.0104825347840205,0.0004596659271672,0.0117156632566828,0.486543462378512
"8","SF08","partial:cMono+ncMono+DC",0.779531423262108,0.0643038805621914,0.0375609037849222,0.0369948369171844,0.0431508905437032,0.449542082937446,0.137567993102737,0.130977978101896,0.027388475183653,0.0360069532939413,0.0365060055723263
"9","SF09","global",0.987886872489251,0.114867919295185,0.118555892500877,0.122493754131028,0.110170240409658,0.0867461763263433,0.0976986619953163,0.116071150857467,0.050767523257994,0.111692326369472,0.0709363548566603
"10","SF10","partial:ncMono+DC",0.51550215207451,0.00590650896228203,0.0115701636267453,0.0119843161990538,0.0238182192710795,0.0501294329620678,0.21733122349829,0.633131741273893,0.0190403855407369,0.0126513141353061,0.014436694530546
"11","SF11","partial:CD4+CD8+NK+cMono",0.753787222656449,0.101219865410134,0.12176643826633,0.0789806708413812,0.176365742038907,0.413861950321344,0.0501029628552964,0.0132060671262118,0.0346564601051077,0.00584773753339499,0.00399210550189232
"12","SF12","partial:CD4+NK",0.798115517472614,0.455353865810276,0.0929540102824677,0.0666968726875548,0.10810491237937,0.068421771767103,0.0615238133515043,0.0326622506238951,0.0479601174086917,0.0279980374042961,0.0383243482848419
"13","SF13","global",0.890198386630285,0.165434298788431,0.171333506327159,0.178840995690447,0.172997482286294,0.136057342829446,0.0597150466427561,0.0310199461738221,0.0488277757035662,0.0201487218865383,0.0156248836715396
"14","SF14","partial:CD4+NK",0.609527066848756,0.324012086573904,0.0176526466859313,0.0156783411268832,0.475490972824877,0.0268950146955758,0.0261300729328822,0.0263594987554757,0.00119346765372859,0.0713814579123338,0.0152064408384089
"15","SF15","global",0.861864053317861,0.115519713915402,0.117468561396394,0.107113352206592,0.149706633827101,0.292465856542618,0.11501715302692,0.0270867490226971,0.0549136566351236,0.00990897389915377,0.0107993495279986
"16","SF16","partial:CD4+CD8+NK+cMono",0.724375542426993,0.356299177354053,0.120766847103055,0.0516704174903825,0.193700133959018,0.220054129619817,0.0289623240482824,0.00699554015216137,0.0126455839430637,0.00453195673632827,0.00437388959383866
"17","SF17","global",0.913496640532585,0.175685713874218,0.151731659759646,0.169096059497177,0.171135373140818,0.105659313656569,0.0820940747695771,0.0392579884116799,0.058769385435158,0.0305986895817297,0.0159717418734259
"18","SF18","partial:DC+PB+GDT+DP",0.577066174666946,0.00244377721707955,0.0038437153722134,0.0140178279176177,0.0194768455904003,0.000119388938175198,5.39870102724907e-05,0.101398343723146,0.521213749447121,0.114653893583804,0.222778471200171
"19","SF19","partial:CD4+CD8+NK+cMono",0.694264131907436,0.144425847635531,0.182145051378377,0.020233363825323,0.241210538392942,0.360166592154534,0.0232161485534943,0.00533656463144232,0.0178102689633672,0.00248721057479213,0.00296841389019677
"20","SF20","partial:ncMono",0.448410101136698,0.0038240160636421,0.0483023682132919,0.0254053044748546,0.0337773605895089,0.0134815776357366,0.762881305967328,0.0470566956306166,0.0267301256725857,0.0169607525044473,0.0215804932479882
