"cell_type","program_global","program_groups","cosine","global_Source","global_Outcome","global_Death28","global_sex","global_Age_num","global_Hospitalstay","global_TimeSinceOnset","groups_Source","groups_Outcome","groups_Death28","groups_sex","groups_Age_num","groups_Hospitalstay","groups_TimeSinceOnset","max_delta"
"CD4","CD4__F001","CD4__F001",0.999966583245358,0.066001095445228,0.0199167981056849,0.0222163233247826,0.000251335310300527,0.0165325312331154,0.193649851263185,0.125146587562651,0.0666165827866702,0.0201206851957789,0.0222896110845742,0.00024166926765993,0.0126433409409311,0.195102129603031,0.122557954021847,0.00388919029218425
"CD4","CD4__F002","CD4__F002",0.99841536189182,0.0754227959870117,0.0441544821722804,0.00253066843953584,0.012699469221446,0.0686546261310489,0.0420778540044932,0.0471227993624846,0.0791767648232058,0.0457839246045415,0.00264010060421185,0.0126129052829006,0.0647793258041939,0.0357050273421414,0.0426707012693866,0.00637282666235171
"CD4","CD4__F003","CD4__F003",0.999677884018521,0.169300827912067,0.174457662129025,0.0448870885146099,0.0112558672903996,0.0946670587013634,0.310376722828329,0.134828692300159,0.170289252598978,0.174947669622424,0.0445655038595172,0.0111753575810826,0.0954553142337972,0.310376722828329,0.138568806295446,0.00374011399528767
"CD4","CD4__F004","CD4__F004",0.999902305498058,0.0823982872629118,0.0728279640395455,0.00940993698413616,0.0102840719109769,0.0865344840010996,0.0917132880538442,0.0286287926736826,0.0827009794203505,0.0732321793144434,0.00955260962418517,0.0103926017164485,0.083037685229466,0.0883692260870929,0.0268092777570561,0.00349679877163352
"CD4","CD4__F005","CD4__F005",0.999915805321797,0.765754764864259,0.35915484826853,0.0109508391303811,7.05977608340509e-05,0.142868710885122,0.398124908835882,0.462402906782851,0.765017929814122,0.359564004959922,0.0111384000132758,7.65354151308887e-05,0.141809601028768,0.39927144436734,0.464538859076282,0.002135952293431
"CD4","CD4__F006","CD4__F006",0.999913200387198,0.0886112873158797,0.080943024890923,0.00552080663583778,0.00381211691665056,0.147657276432374,0.0195102129603031,0.207736742908651,0.0888725268428995,0.0808684919866041,0.00553729806226686,0.00380112508148546,0.14822329251954,0.0211249171671059,0.206721506324736,0.00161470420680276
"CD4","CD4__F007","CD4__F007",0.999544809696674,0.405053310930835,0.154580396425425,0.00789535290035398,0.00528244167460832,0.0496045386820107,0.113879641662024,0.0235482147905421,0.405737161778014,0.154465279814482,0.0078258713787378,0.00514649022113126,0.0464862414655987,0.114443354964991,0.0220363473235868,0.00311829721641202
"CD4","CD4__F008","CD4__F008",0.999944766403771,0.0554217127164533,0.0510016879770147,0.00217140429531095,0.936848510743285,0.121644843862059,0.150864967014293,0.147125800359871,0.0561514661404317,0.0514151432669559,0.00218123406694942,0.936891575666925,0.123113707695625,0.145696002659972,0.134710028283857,0.0124157720760137
"CD4","CD4__F009","CD4__F009",0.99991572302583,0.00315393057733933,0.00296558431650185,2.91477617208319e-06,1.75163233998988e-06,0.0564557640806532,0.166113889582679,0.208250953645959,0.00303124795826853,0.00289336752583692,8.03844992122835e-07,1.19918488446001e-06,0.0722833795733101,0.175324391685388,0.213094203496496,0.015827615492657
"CD4","CD4__F010","CD4__F010",0.999658781947488,0.0114787640296769,0.016950835288648,0.0252806989143086,0.0121855351446619,0.000604213491821482,0.135568272132097,0.031982149875098,0.0119141383472095,0.0165109368525083,0.0248964455338422,0.0124508862956742,0.0113481016739805,0.156129475996236,0.0356123897812174,0.0205612038641393
"CD4","CD4__F011","CD4__F011",0.998683604782206,0.090237097959306,0.028986842350291,0.00153365465044668,0.00677273457427264,0.323434787673773,0.0857226399019783,0.0264005461453502,0.101453808095359,0.0356968384604052,0.00277735582973185,0.00830031666725373,0.327247583156646,0.0644448513306781,0.0223615746275249,0.0212777885713002
"CD4","CD4__F012","CD4__F012",0.999863083588278,0.0170231475456031,0.0104623917533272,0.0199678219698853,0.0161707633786023,0.0366313110645104,0.172754241202371,0.107127236939056,0.0173136255535379,0.0105984921691078,0.0206594775456153,0.0160480385321053,0.0417324008316699,0.173317954505337,0.106876724015753,0.00510108976715953
"CD4","CD4__F013","CD4__F013",0.998290639744415,0.0193583702496308,0.0257442254002554,0.000339717118183927,0.000196489978880091,0.038072394967418,0.069718914775383,0.117235653142536,0.0153846803872122,0.0248741483394042,0.000706813561345658,2.07824159190336e-05,0.0511428523422229,0.0453072624180987,0.129084474918442,0.0244116523572843
"CD4","CD4__F014","CD4__F014",0.999582019479321,0.124861325521442,0.0553838840835371,0.0354432941128965,0.00143335603370601,0.0681406974138675,0.133322973382992,0.0849942004170014,0.121838480290151,0.0548355617187461,0.0363984472733905,0.00143386316417275,0.0902847746399915,0.13656193625936,0.0778655695117645,0.0221440772261241
"CD4","CD4__F015","CD4__F015",0.99954954274313,0.0355554644915834,0.0652415157690112,0.0460996481890593,0.0199560343592896,0.134677103832209,0.0420491906162067,0.121428448385197,0.0331117917174098,0.0627529636023062,0.0455048046034531,0.0204934208138553,0.126669538819908,0.039526812447,0.125603663773591,0.00800756501230077
"CD4","CD4__F016","CD4__F016",0.999674799412193,0.0144272060388764,0.0361816789613833,0.00380372364721294,0.00192635272455011,0.0366972883998242,0.090853386405251,0.0243173334147199,0.0152892803037129,0.0362728654534436,0.00350157042497379,0.00204513009282101,0.042614413630076,0.0942547751485752,0.0194608986734827,0.00591712523025175
"CD4","CD4__F017","CD4__F017",0.99952266260582,0.0245575203681369,0.0199591174778405,0.00115794995645156,0.00627814326558036,0.0485176488949985,0.10865335053113,0.077368938628724,0.0227117527253534,0.0196555001552224,0.00106481454932659,0.00640865594583835,0.050455299058426,0.109360380775529,0.0740463461722757,0.00332259245644827
"CD4","CD4__F018","CD4__F018",0.998678702934522,0.717434025885769,0.677591325854832,0.107286433708476,0.031057055115879,0.286647214499308,0.0304405183601987,0.117661964608509,0.72810987628377,0.691215254391355,0.111238755772898,0.0298238806563493,0.277399970081374,0.0321412127318608,0.11516123033904,0.0136239285365231
"CD4","CD4__F019","CD4__F019",0.999624288188167,0.0316887987927437,0.00708016336316479,0.000575236382886355,0.00424491755154863,0.0626472161261572,0.272407287811559,0.0372253414102075,0.0301769295841617,0.00732366286729161,0.000518960575121815,0.00418500049198421,0.0630083552247172,0.274289516975702,0.039189890124536,0.00196454871432854
"CD4","CD4__F020","CD4__F020",0.997980744754994,0.0289755981353018,0.0195084150968813,0.000293096345780826,0.0048376210870618,0.0361764146999781,0.107678795329391,0.0148110272198818,0.029170594968491,0.0208883606062409,0.000490486109219564,0.00365814281365233,0.0479967751951524,0.101573493624379,0.00939643210566984,0.0118203604951743
"CD4","CD4__F021","CD4__F021",0.996996915722,0.0114676098067303,0.0101397730340919,0.000139251662563252,0.000239530671805988,0.238112203147648,0.0532279120479181,0.0860753614544171,0.0125514155973382,0.0111566252290091,0.000236977634388864,0.000375819252919139,0.235427967347775,0.0434250332539558,0.075378020132995,0.0106973413214221
"CD4","CD4__F022","CD4__F022",0.999141580991906,0.0286565681204472,0.00944271767362313,0.000872870957142146,0.000685244194602931,0.0314052116093878,0.110736223413278,0.129660215145684,0.0281323508784756,0.00892255604372125,0.000561490524041678,0.000766284993884692,0.0418747729762945,0.105490823356859,0.128579054108268,0.0104695613669067
"CD4","CD4__F023","CD4__F023",0.99939905395636,0.0310393443225425,0.15113144098555,0.0879196710001984,0.000634726442262847,0.181472397026383,0.178037859109838,0.0375637536048457,0.0314491630266202,0.15362116755769,0.0892948627499422,0.000456523880286698,0.182632209131374,0.18681841038825,0.0366583911100992,0.00878055127841262
"CD4","CD4__F024","CD4__F024",0.99911719222698,0.0305178528604822,0.00548629571903024,0.0092684249538143,7.75815603149086e-06,0.120110002693179,0.0264276440000972,0.128702113088136,0.0339297241538757,0.00505479841247073,0.00895299411738474,1.82846081619681e-05,0.125718076194856,0.026934030526491,0.13009531653879,0.0056080735016764
"CD4","CD4__F025","CD4__F025",0.998856676102823,0.0615097746250551,0.05749266374269,0.0377129041655952,6.94171504547703e-06,0.218426649784798,0.167575722385287,0.0880267252780455,0.0623329654460773,0.0591042084663717,0.0373373199756575,1.25226022900595e-05,0.223298555124025,0.187764302201703,0.0958146007182919,0.0201885798164155
"CD4","CD4__F026","CD4__F026",0.999730037059473,0.0216478280449911,0.0150453851062415,0.000946409936231327,0.000157534962552388,0.12226294731921,0.0139304067072096,0.106889908906453,0.0186598667498581,0.0137389826907973,0.000643457272774946,0.000115644194909547,0.114366502029543,0.0229020472408651,0.0987899910529685,0.00897164053365556
"CD4","CD4__F027","CD4__F027",0.996838416411642,0.0903283268956133,0.0467258844766864,0.00912165927875035,0.00258761094922478,0.0165186412677861,0.218013731306659,0.0134485885141954,0.094916517093823,0.0445377001873018,0.00858227401425015,0.00334760679710767,0.0126884833282511,0.219685762290034,0.00886024655052872,0.00458834196366666
"CD4","CD4__F028","CD4__F028",0.998598270041107,0.00579055081756959,0.00133198073401329,0.00206133697412439,0.00365142673372444,0.0531117549276412,0.187649648648557,0.109808164714762,0.00561770986889175,0.00136167551081907,0.00138250337193211,0.00330898683247971,0.036728540821815,0.19202559259362,0.124430208501274,0.0163832141058262
"CD4","CD4__F029","CD4__F029",0.997940361599057,0.0112795551681772,0.00962169992047781,0.00146131208599506,0.000357966780606791,0.101712743614615,0.0802670416647927,0.15442583484421,0.0147113854563935,0.00908220305032178,0.00154501111766677,0.000313701945343622,0.09062855128189,0.0861525907262749,0.147385103210308,0.0110841923327251
"CD4","CD4__F030","CD4__F030",0.99874266711252,0.33176513806055,0.224923375112416,0.0172864842798589,2.26668762085017e-05,0.0482537395537432,0.101821909656195,0.0607471864193492,0.330889023399939,0.229703610931816,0.0180399272871253,7.57086967591558e-06,0.054872308033121,0.096920470259214,0.0596220757462662,0.00661856847937784
"CD8","CD8__F001","CD8__F001",0.999416857008007,0.0973678143270667,0.0418411219698679,0.0416472713018999,0.0039479114322938,0.459388852000223,0.106838002606322,0.0696050387777159,0.102013754437905,0.0431828723011002,0.0449849705949302,0.00423895000796083,0.47003760258717,0.106446269633074,0.0680036958610507,0.010648750586947
"CD8","CD8__F002","CD8__F002",0.999746355151548,0.224284177000108,0.231044274356128,0.0217361671591854,0.00903647208763367,0.0651880163586822,0.303851024761783,0.228221535853662,0.227830196236646,0.234102298070499,0.0219744066235056,0.00898743092665398,0.0637428809123385,0.307290631356156,0.230277752990134,0.003546019236538
"CD8","CD8__F003","CD8__F003",0.999726836646797,0.0625647695682476,0.0258279991296213,0.0213830362150571,0.00126674823455909,0.032307535622427,0.179155731253009,0.0570495819963261,0.063758854497643,0.025930286080274,0.0215909043715351,0.00131207220227965,0.0299026258771226,0.183340585942829,0.0570913561593696,0.00418485468982016
"CD8","CD8__F004","CD8__F004",0.995303702237217,0.36426417284367,0.245320209542561,0.0195329548811543,0.000546882126945215,0.186013747401598,0.0558362803819841,0.105010962743868,0.340583562875141,0.229175815668019,0.0139176884774847,0.0010779030074517,0.158928405778459,0.060527521598198,0.102894405149667,0.0270853416231394
"CD8","CD8__F005","CD8__F005",0.998666335322347,0.58753074110895,0.288707270944064,0.00543640828838084,0.00295601288518213,0.0384274652777766,0.340138874332415,0.42149666353465,0.600374650291408,0.295379137401765,0.00699500592988581,0.00371322342044996,0.0486382960324983,0.336756594514615,0.423427558181991,0.0128439091824581
"CD8","CD8__F006","CD8__F006",0.999221183813752,0.0558252976611174,0.0527251709377037,0.0112867644619056,0.0112693259524718,0.102480539404608,0.0140737236486418,0.0285178286376558,0.0576696439315963,0.0539253539964211,0.0127790573470959,0.0111421120816852,0.0984480276161994,0.0147138726537056,0.0258628484975616,0.00403251178840866
"CD8","CD8__F007","CD8__F007",0.999031485845297,0.0624146790828571,0.0228899332650751,0.000128225400142267,0.020708651744575,0.372801153173461,0.0950669044833576,0.0881620503163468,0.0676522956544384,0.0220132492842433,6.69861030495171e-05,0.0180173339267751,0.366546198236509,0.104143644107397,0.0949341063030558,0.00907673962403917
"CD8","CD8__F008","CD8__F008",0.995123767922424,0.091737441945836,0.0230424065137257,0.00412226008845072,0.010449460364654,0.103159315144557,0.170012110389635,0.162603608859759,0.096285472411565,0.0221796482362048,0.00516362835729916,0.0111469950964378,0.120931561669037,0.153186701465495,0.170949158321104,0.0177722465244798
"CD8","CD8__F009","CD8__F009",0.999858635137776,0.0504424122492418,0.053515797664915,0.0040503833896686,0.932134684089042,0.10718087893716,0.0321029948808122,0.13348701721848,0.0495944225680243,0.0541095543489104,0.00455992412909557,0.933334823715367,0.11087765218753,0.0291220024990225,0.120100718749893,0.0133862984685871
"CD8","CD8__F010","CD8__F010",0.998970559881165,0.100615079160362,0.106499060303434,0.00716293530986634,0.00899061867809278,0.151242912722903,0.00836015491687818,0.13301821827766,0.107975279025343,0.11069887485326,0.00601588615181006,0.0084726255227628,0.151509313954174,0.0238192756660312,0.128650497452784,0.015459120749153
"CD8","CD8__F011","CD8__F011",0.926541488578661,0.100615876049764,0.0735910794769246,0.0162803735306688,0.00055457346475978,0.120829380374851,0.139734017896392,0.0238808965398339,0.114180877948444,0.0741433723204645,0.0140464900269625,2.69806111917921e-05,0.177839243866725,0.186130489069376,0.0598577340675797,0.0570098634918733
"CD8","CD8__F012","CD8__F012",0.972403084142012,0.043498240546052,0.017360813900903,0.0261152290958892,0.000713957888739227,0.0431679474616163,0.0596580654868427,0.115612317009559,0.0676673520788791,0.0387769550314574,0.034106405645307,0.000130519901248449,0.0325848848495031,0.0538298432019333,0.103980533388797,0.0241691115328271
"CD8","CD8__F013","CD8__F013",0.93606850938188,0.0888628807059794,0.0809016622891506,0.0101684802314436,0.00146777547679484,0.0493791104153462,0.047543006704441,0.0413053641026203,0.0698054351022016,0.0771455495613985,0.00362899530101346,0.00403609629262348,0.0910106891322384,0.0255486334259797,0.0406230527729108,0.0416315787168923
"CD8","CD8__F014","CD8__F014",0.979869746500561,0.0239285671786419,0.0244061817481348,0.00192859907974313,0.0309067668601629,0.187298312242793,0.145810656213118,0.0297571288079446,0.0138593596890825,0.02262337576603,0.000408610474820287,0.0361326505171397,0.247607171804097,0.131765595952762,0.001062920370772,0.0603088595613045
"CD8","CD8__F015","CD8__F015",0.949154176408457,0.0449664601158095,0.0398040940233035,0.0471443530634203,0.000231587428847319,0.0981962237126698,0.0038217851048586,0.0321568223961067,0.0499016022905746,0.0357679927114001,0.0571422622425719,0.00016033415957377,0.0607942207086876,0.0894393259164533,0.00925993947462945,0.0856175408115947
"CD8","CD8__F016","CD8__F016",0.832799730213476,0.0113831669817924,0.0153423539639361,0.000688180668153453,0.0075750769103192,0.20632227962105,0.0393643865800436,0.0246467561956303,0.00954421982376962,0.0288514062390445,0.0094582748833514,0.00419493199107092,0.108264730521918,0.0982389861203903,0.0152986268212424,0.0980575490991318
"CD8","CD8__F017","CD8__F022",0.962102724404379,0.0488203832340274,0.116336143713447,0.0176022297458959,0.0206280911150488,0.0854564059268466,0.18730568798912,0.0617839871412495,0.0388608372812124,0.111211223949837,0.023482081145077,0.016493591203755,0.090536275980661,0.208650357799755,0.066406994518057,0.0213446698106353
"CD8","CD8__F018","CD8__F030",-0.501621553761898,0.0324827061198844,0.00951878755899327,0.000451565480929514,1.95457943456508e-05,0.215606180064228,0.116421128756755,0.0401542538320899,0.0593267712071581,0.00539923207958365,0.0109582579729709,0.00192479074370428,0.0996413591590135,0.0637378210862793,0.0915643238175515,0.115964820905214
"CD8","CD8__F019","CD8__F019",0.965676662743332,0.41686602895639,0.336229632038453,0.0850323315328804,0.0288439293421441,0.12720111393373,0.0893819991398805,0.0308014828840306,0.444586633480576,0.380300851293413,0.0736786048024991,0.0304250045310166,0.133113031668773,0.0566866275678151,0.00875400794443667,0.0440712192549599
"CD8","CD8__F020","CD8__F018",-0.601513688571824,0.0473332832899777,0.104398344938886,0.0161354766175016,0.00428060244774816,0.120668809769702,0.0886845233582438,0.157228666548169,0.0196800764543714,0.0152752341663993,0.00139881318587565,0.00950436832241871,0.0713407900014487,0.142562138873988,0.0543992434299034,0.102829423118266
"CD8","CD8__F021","CD8__F028",0.512412688436219,0.124306430382106,0.0603982974490731,0.000431669693643366,0.000871559040723989,0.214332563218839,0.0520527131281741,0.144691776061466,0.0156362250274027,0.104320427816991,0.0271656490794322,4.6399364502332e-06,0.0903720560435764,0.142590802262274,0.0602754756980141,0.123960507175263
"CD8","CD8__F022","CD8__F025",0.676160758638412,0.0343970874535251,0.0485277392962546,0.000964268219734082,0.0195388507123553,0.100641276109261,0.0712571832800886,0.0175637147729313,0.0615078843232109,0.0487694348122001,0.00678687619341981,0.00861630897732335,0.19018128447161,0.218854524029728,0.279622322691781,0.262058607918849
"CD8","CD8__F023","CD8__F017",0.962514378039081,0.0388713561524415,0.0118466148381986,0.013587436528256,0.00257821725131193,0.0520102787406336,0.178076076960886,0.163750077556618,0.0309547713919958,0.0244920782201351,0.00743558083981459,0.00315054239696204,0.0539225286746844,0.180044296289889,0.187890902222055,0.0241408246654375
"CD8","CD8__F024","CD8__F024",0.991290219486186,0.013592519776194,0.0234811502003663,0.00458623661947737,0.00459146540944975,0.0860257017087396,0.00328673519017839,0.0999237979999112,0.0190722393332803,0.0311830685778898,0.00681517532538719,0.00382297729432686,0.0613744644863862,0.0290742301852118,0.109963521851352,0.0257874949950334
"CD8","CD8__F025","CD8__F020",0.790249169261351,0.0187862345815374,0.0138359119795035,0.000155673151280609,0.00226877477893533,0.103735909590321,0.126329106641101,0.083395154155723,0.0201502994802373,0.0140344887500633,0.0124453647008738,0.000398522323803281,0.116552363346783,0.0299054684455185,0.0631671760953545,0.0964236381955824
"CD8","CD8__F026","CD8__F026",0.792528495246975,0.0704914849735154,0.0438718005208352,0.0452227664883298,2.33037885931667e-05,0.0312857226805678,0.0307653700941117,0.142890845476926,0.0590542522560997,0.0181986416995336,0.00620578832855401,0.00023817552038737,0.182583375382499,0.0569541525251552,0.213192120305366,0.151297652701932
"CD8","CD8__F027","CD8__F027",0.807719126214242,0.0771045452845043,0.0361400655680197,0.0116983754144901,0.00104631236861078,0.0587104521736819,0.0542502395634678,0.117297208252311,0.0127536929036239,0.0260628486856776,0.0142932536922329,0.000459521296546512,0.0310959574199368,0.00983154218224874,0.0177633024408055,0.0995339058115058
"CD8","CD8__F028",NA,NA,0.0491107779000675,0.0653083506227757,0.0375640503139706,0.00654386269124929,0.244647563604641,0.164919581737411,0.326516141494879,NA,NA,NA,NA,NA,NA,NA,NA
"CD8","CD8__F029","CD8__F029",0.866455908728383,0.0540631018172251,0.0204572896567729,0.000464924092542117,0.00650984193911629,0.0771140331229532,0.0434250332539558,0.0335910686605982,0.0516519548043341,0.0338352205676689,0.00144386915747897,0.0105947310668591,0.00682060138691021,0.0801428336488848,0.0792595120144223,0.070293431736043
"CD8","CD8__F030",NA,NA,0.0523567322194746,0.040449556374552,0.0131855457165933,0.00179559280872768,0.128854261300381,0.173403944670197,0.183035816161673,NA,NA,NA,NA,NA,NA,NA,NA
"CD8",NA,"CD8__F021",NA,NA,NA,NA,NA,NA,NA,NA,0.112607468001544,0.050598880611506,0.00167178014393102,0.00332838928072716,0.125931146420277,0.268060007254782,0.239760488000995,NA
"CD8",NA,"CD8__F023",NA,NA,NA,NA,NA,NA,NA,NA,0.119938467503171,0.0646907508357237,0.0245577350765779,0.00650061615935321,0.0708554288540656,0.0652760895909849,0.128056376022833,NA
"B","B__F001","B__F001",0.99773425332149,0.049686076621732,0.0423586524359189,0.0492113861901299,0.00211605747522952,0.0642057652756159,0.229108745599333,0.111717257269212,0.0501378498845151,0.0413740120062472,0.0470378865031572,0.00204035203528129,0.0647751756542334,0.220226875859358,0.118192991341007,0.00888186973997515
"B","B__F002","B__F002",0.996522523422552,0.333840206450989,0.20827308385536,0.104684789814063,0.0168973280679809,0.287723064315442,0.050315334248622,0.117511335122924,0.337814770934026,0.20296582159386,0.0972199559506944,0.0168023761188849,0.287647142931626,0.0490105234878525,0.117114735141493,0.00746483386336826
"B","B__F003","B__F003",0.997225809962919,0.584107863517142,0.247993747755794,0.00623081327038968,0.00490982292988352,0.0374387323941031,0.397921499200999,0.490011670806838,0.589940931337554,0.260455906387776,0.00643181671385018,0.00544970985222788,0.036774420285716,0.407684688489915,0.500230317203384,0.0124621586319826
"B","B__F004","B__F004",0.991901747158273,0.0540524366708036,0.0353966414422131,0.00771370834573932,0.0171871712178144,0.169129117708874,0.0947361286569255,0.00211933115076939,0.0531970670594056,0.0367906996796392,0.0103304671721755,0.014099451147011,0.172498129115695,0.101546325171468,0.0109374838628888,0.00881815271211941
"B","B__F005","B__F005",0.995358836767646,0.112113838964834,0.101746976776949,0.00517394402737457,0.000166227716493825,0.118921357574273,0.139259934441079,0.209596893311325,0.105376531397677,0.100951511574495,0.00537481380559227,2.24819156726565e-09,0.115656738070199,0.126795557963202,0.198535471954239,0.0124643764778775
"B","B__F006","B__F006",0.999592435336864,0.0639843127983107,0.0495313570383558,0.0145543941844155,0.950129639352783,0.104410883092503,0.197930635841997,0.195220143984468,0.06497073199038,0.0489566401024379,0.0131205921151412,0.950677138767616,0.0891839005509718,0.173608505432916,0.190268841091296,0.0243221304090814
"B","B__F007","B__F007",0.75372959738826,0.0283407979434084,0.0133386847310404,0.0495179634032043,0.000989173216288564,0.0133194577731619,0.118474527936189,0.0335746671779782,0.0303763921637868,0.00534911907046818,0.0416218457374002,2.06777317225535e-05,0.153166646761629,0.00022891416855606,0.120231763120549,0.139847188988467
"B","B__F008","B__F027",0.523276907166692,0.0683288800581678,0.0265523842434926,0.0172930930124218,0.00854820228213094,0.244348228724251,0.232496675293962,0.0890862708288325,0.0724904627155823,0.0315647909107642,0.000974977196491616,0.00192196326014281,0.0961354522565943,0.0184962648193297,0.175978848010377,0.214000410474633
"B","B__F009","B__F009",0.882963838332992,0.119457058423037,0.118740799898841,0.0252114409897829,0.000522825370298585,0.0777387519407593,0.128855785480206,0.023740227013443,0.0918497358918886,0.0915716532678457,0.0207278492626809,0.000658546850636189,0.0201428921435954,0.129405179484741,0.0153868399045625,0.0575958597971639
"B","B__F010","B__F022",0.578576197006984,0.0712876383752491,0.0360856985592543,0.000744882524562719,0.00956961173904252,0.0888422543238013,0.253888704345526,0.191161191049515,0.0235257822022385,0.0454170575920359,0.00320254513078664,0.00136026501143204,0.0494959971613295,0.253339310340992,0.0785020088244053,0.11265918222511
"B","B__F011","B__F011",0.937564533658589,0.103511890845432,0.0981456274831383,0.042875909206602,0.0154539856853764,0.0338182314033933,0.0393274541579311,0.0554744224025952,0.0706423967483483,0.0542933882448993,0.0185874387731569,0.00448613649044884,0.0382359069241677,0.0472822215152542,0.0926060956640284,0.043852239238239
"B","B__F012","B__F012",0.870886641803599,0.127630710305349,0.0525955437637332,0.0112531497350793,0.00130704439439151,0.0567607245751915,0.0761254067533178,0.127389153410428,0.0679533973623658,0.0544152300395754,0.0266369810647227,0.000653130493568132,0.10510366571982,0.13779488376232,0.088813608341599,0.0616694770090026
"B","B__F013","B__F018",-0.7170464307854,0.0341999672097763,0.0236168347863464,0.0123433166575412,0.00551319675309293,0.092500716006419,0.0567821595103307,0.0575193910568463,0.0393910507410659,0.0353430568919394,0.0181814767669174,0.0155294152784699,0.18874056016576,0.126131706874389,0.0117740619487188,0.0962398441593409
"B","B__F014",NA,NA,0.0384950672537591,0.131218355961251,0.0618039304453866,0.00136944037040208,0.0635034924753209,0.0205221552110508,0.0386684981894765,NA,NA,NA,NA,NA,NA,NA,NA
"B","B__F015",NA,NA,0.0160557965460678,0.0302052718057462,0.00195875641413281,0.00220498476015598,0.163230975203694,0.108974589941112,0.278549518207848,NA,NA,NA,NA,NA,NA,NA,NA
"B","B__F016","B__F010",-0.945187568575783,0.0083930614017199,0.004466558027552,0.0210732947592628,0.000937832195527432,0.126105418517831,0.100733679873094,0.0260764487790573,0.00634999737022366,0.00235170250809364,0.0230615310769735,0.00130431238789265,0.092500716006419,0.12409437077424,0.0623653470799506,0.0362888983008934
"B","B__F017","B__F016",-0.881311484365009,0.0543189456434581,0.0293196837300762,0.00355271098061318,0.0018694377142226,0.0891222144266216,0.109466755403508,0.0595209815881285,0.050383898525883,0.0332247392170907,0.00315043189917933,2.43854755914881e-05,0.0468909446791542,0.0205336009194786,0.0308046641826743,0.0889331544840293
"B","B__F018","B__F025",-0.914045156820888,0.132594601650875,0.103179389292064,0.00122296637047955,0.01026984403298,0.19744779387212,0.07111218646194,0.0335870609273979,0.194978592844385,0.0991386423604566,0.000496158355319986,0.0062306542114875,0.189499774003917,0.127070254965469,0.0579655660359557,0.0623839911935092
"B","B__F019","B__F019",0.9160937665515,0.126736989650521,0.0647480131042855,9.73335144375134e-06,1.77565954837953e-06,0.0823936817859577,0.030388355875817,0.0761719839335009,0.132360661175133,0.0547314008572474,0.00169898745842337,0.000247464370120135,0.147035995018514,0.0290148708644806,0.0990012703645957,0.064642313232556
"B","B__F020","B__F020",0.640317725777309,0.113790069094404,0.0133366843051261,0.0329803334497182,0.000628142636717675,0.174998789695123,0.0622532081388205,0.246251407220099,0.107718791166744,0.0633440430359336,0.059413398999671,0.000302081704659467,0.227028663041301,0.110714337622138,0.232897142220368,0.0520298733461775
"B","B__F021","B__F021",0.912898740100072,0.174546353346214,0.188850686897156,0.0856033984026245,1.52998163812022e-05,0.0843771279381421,0.00479575183124946,0.025921526911311,0.187449658901812,0.231644450484991,0.0857362622398202,1.48695514467699e-06,0.122133781126973,0.0888759259418903,0.00812410274461598,0.0840801741106409
"B","B__F022",NA,NA,0.0149304607279729,0.021006427432445,0.00202784503402586,8.77645236066207e-05,0.0350756793228403,0.00242649018669424,0.146909308746462,NA,NA,NA,NA,NA,NA,NA,NA
"B","B__F023","B__F023",0.945498404416763,0.0515882277026135,0.0599450867686063,0.0134086525838836,0.00175764431981413,0.0269710716005174,0.0322768977664045,0.0846926866595474,0.0648210858758749,0.0770352710380592,0.0162388800778382,0.00676576186741425,0.0445658522997993,0.0302624530831111,0.056360575486104,0.0283321111734434
"B","B__F024","B__F013",0.577655856557256,0.0614977669218279,0.0310409541451598,0.0372553846180066,0.0079968096706775,0.0561865691100855,0.122240166008936,0.245960154108736,0.0448758525633926,0.0353716580717473,0.00155189346522624,0.00232939023556016,0.121716213515987,0.161727860084856,0.0147671524335773,0.231193001675159
"B","B__F025","B__F008",-0.959713305401966,0.0444726939168793,0.0330715349921417,0.000125109426558215,0.00237752457500162,0.0785406715573124,0.0191257787828588,0.0276938330783286,0.0277829787516078,0.0243656353488502,0.00408950531618291,0.00134767409946336,0.0651974883517081,0.0690977417786467,0.010720593248044,0.0499719629957879
"B","B__F026","B__F029",0.765188977372402,0.112579251193846,0.0689926229459959,0.00124030918985795,0.00319634694475373,0.121156293310347,0.0317275037618699,0.00878716833857015,0.128022709961873,0.122175788097153,0.00416953990920939,0.00012118390851203,0.138157938198569,0.155673080326549,0.0430310979852124,0.123945576564679
"B","B__F027","B__F017",-0.837879616795467,0.051630331466074,0.0576889766808931,0.0194170460141961,0.00527814959452054,0.0107381307234291,0.102965593016516,0.0120839056842114,0.0918865993080334,0.0896501696077318,0.0506235258881523,0.00396576282852414,0.0380223780321861,0.17046093561527,0.052134306933985,0.0674953425987543
"B","B__F028",NA,NA,0.0784253969594703,0.0493636509831811,0.000558747375910767,0.00653659202987366,0.0977962325275621,0.172223574713152,0.146029352537663,NA,NA,NA,NA,NA,NA,NA,NA
"B","B__F029","B__F030",0.83999424641898,0.09390817725608,0.0676804466305867,0.00227777784983759,0.0214666199984166,0.0801160402714876,0.0413533445496522,0.119797981890859,0.12969260827234,0.0664814198077935,0.00403768066080135,0.0278752524367503,0.0834043852080038,0.0532454356061396,0.132445803173667,0.0357844310162601
"B","B__F030","B__F024",0.820522056398889,0.0303989190666988,0.0170672009350018,0.00168314475092663,0.0114782433869736,0.127505219031932,0.0808410386255726,0.179839500954615,0.0272724706505359,0.0107149646232608,0.00107031752222022,0.00141961926478733,0.0668345431902335,0.16999166156973,0.207062371554995,0.0891506229441576
"B",NA,"B__F014",NA,NA,NA,NA,NA,NA,NA,NA,0.0516054880636298,0.0064959022170114,0.00173328013732918,0.0133983675893717,0.125099460182273,0.175085001820103,0.038271898208046,NA
"B",NA,"B__F015",NA,NA,NA,NA,NA,NA,NA,NA,0.0335962374895758,0.0474426136401411,0.0346657653865433,0.023104338826984,0.130129251860061,0.0801314047030488,0.0546564349408947,NA
"B",NA,"B__F026",NA,NA,NA,NA,NA,NA,NA,NA,0.0612936135597009,0.0553436499662369,0.00251362502618607,0.00506304385884716,0.19189129759411,0.237383992792634,0.144219865122386,NA
"B",NA,"B__F028",NA,NA,NA,NA,NA,NA,NA,NA,0.0723598917045158,0.0359909392797425,0.025040079159853,5.68001363829264e-05,0.0541793975254587,0.15920980423074,0.347074558749391,NA
"NK","NK__F001","NK__F001",0.985833686621969,0.45550887666857,0.25384952744749,0.0745405977613972,0.0020080509850163,0.191490236479782,0.0555421357446232,0.121906362639393,0.437983403473521,0.234214569292571,0.067514533867265,0.00215330533448829,0.160582593371325,0.0984624076940301,0.0593546753120172,0.0625516873273763
"NK","NK__F002","NK__F002",0.999294287984188,0.334310021595557,0.249529841070623,0.000340147401481609,0.0027937487584262,0.114933113697802,0.296109320305484,0.142906437086551,0.339335594387781,0.246155208920562,6.1750182444388e-05,0.00267656733293138,0.122716233816166,0.291875654392982,0.133520582408623,0.00938585467792735
"NK","NK__F003","NK__F003",0.999046109359974,0.149978822535853,0.0531520155158037,0.050326256256972,0.000759981709023803,0.00322641618772807,0.248965274186362,0.0994938769138091,0.139198068832848,0.0509554242507033,0.051789411060897,0.000839209302091311,0.00671139534520438,0.247441945797284,0.0974325199128611,0.0107807537030055
"NK","NK__F004","NK__F004",0.990744238611614,0.6461570698626,0.306891795745711,0.00015390751128131,0.00732247256541594,0.126763306386138,0.416392912585915,0.449418771144171,0.711045216735477,0.34512969806709,0.00276633199816574,0.00875904867928347,0.149340725121402,0.430637022198071,0.468414748507073,0.0648881468728769
"NK","NK__F005","NK__F005",0.9983419418894,0.0420936751559761,0.0320136387901761,0.00282580320642926,0.0154463986487343,0.0260024412620732,0.0118601996006773,0.0344179815922164,0.0346912751446883,0.0302588500845935,0.00274655408740763,0.0151502568712972,0.0377164679784936,0.0335626832736432,0.0507179712108233,0.0217024836729659
"NK","NK__F006","NK__F006",0.998021073531113,0.114459153824948,0.101674467403813,0.00997981507434109,0.0140208319918769,0.177644002085292,0.0183887498395823,0.131535571963266,0.110577563411497,0.092924730621799,0.00881344121790774,0.0153217555337909,0.193412595950519,0.0535835706729517,0.142753743975369,0.0351948208333694
"NK","NK__F007","NK__F007",0.998188760115688,0.0328783753252059,0.0619680114320671,0.0170953706830673,0.00475529776019352,0.000584577148996026,0.110609467835508,0.0605285036042237,0.0361318802088408,0.0670969744404987,0.0185174011939788,0.00539527905138293,0.0125421776774981,0.102626831407029,0.0471678563758574,0.0133606472283663
"NK","NK__F008",NA,NA,0.0185022425476563,0.00897689147089342,0.0207973073938607,0.0121522332197979,0.0493218233018314,0.0529504991346336,0.0277185713391356,NA,NA,NA,NA,NA,NA,NA,NA
"NK","NK__F009","NK__F009",0.899816180418606,0.145462303790018,0.123671402518533,0.0291261913661758,0.00912498208858147,0.0667017516162133,0.182809298432125,0.0555468908519328,0.106804400250324,0.101015341683761,0.00977118931794632,0.00381064927065278,0.0473657382263447,0.145230567587276,0.0593021870550486,0.0386579035396938
"NK","NK__F010","NK__F010",0.941173957090819,0.0445869041757281,0.0420958332093191,0.0115516255655173,0.00193934538457718,0.0654838825558049,0.0658987904417951,0.261348574766018,0.0420165331080751,0.0465804198234696,0.0143029999038882,0.00018041856730155,0.0486510584962526,0.190168755065072,0.292245071481615,0.124269964623277
"NK","NK__F011","NK__F011",0.999779206439464,0.0584622060598168,0.0571534543293148,0.00249528300811217,0.927452206504096,0.162471227237312,0.0838424118559975,0.14597461428935,0.0600281295413448,0.0566105050292975,0.00173442436328862,0.919669426735916,0.157884544991343,0.064138060225848,0.129574419816531,0.0197043516301495
"NK","NK__F012","NK__F026",0.64312749974713,0.0546113014188565,0.0737682940494725,0.0177183968540647,0.024680368015695,0.048992061833167,0.195619105340279,0.125103374654753,0.13213373836867,0.0336559619477156,0.0231928810248414,0.0155856006698191,0.0474631677511774,0.217153429385879,0.12434468075857,0.0775224369498131
"NK","NK__F013","NK__F013",0.773669837267956,0.0684218082311029,0.116755547059431,0.0083546542050016,0.00577753927716949,0.0936560043901134,0.0298334962432384,0.0837664864621322,0.0669208492973204,0.146288535217354,0.0589571936623445,6.26599535660487e-05,0.0244285797070839,0.0283200595969468,0.0406068242547847,0.0692274246830294
"NK","NK__F014","NK__F008",-0.642124040327631,0.0680214097489703,0.0409868299080921,0.000368613466493674,0.00757335295424975,0.103747454789128,0.118700913434635,0.197766208938167,0.0863039767235062,0.0681732218517998,0.0265094518006846,0.02415661011663,0.0245072727848334,0.00350167694632175,0.011948235949939,0.185817972988228
"NK","NK__F015","NK__F015",0.858216647361219,0.0218992649642155,0.0166134989849546,0.0038152801805265,0.000809042899845431,0.0428202761639589,0.0177062195873331,0.0883425081378476,0.0138747372458102,0.0174597444814987,4.16592335840362e-05,0.00771615875431155,0.079978398019373,0.188150839536683,0.0804835845717336,0.17044461994935
"NK","NK__F016","NK__F016",0.67892556849987,0.0646727544042871,0.00834446688689975,0.0102303194711524,0.00853148203830872,0.00471783737555126,0.0655822546726361,0.0463948475005019,0.0537650782173244,0.0217218935432194,0.00029008943806178,0.00188684460423515,0.040658090170557,0.0699049462702141,0.153995774286095,0.107600926785593
"NK","NK__F017",NA,NA,0.13260433930258,0.117090878616457,0.0706966793999901,0.0180785718442682,0.13821877013281,0.0582623650108336,0.0403062096921464,NA,NA,NA,NA,NA,NA,NA,NA
"NK","NK__F018","NK__F018",0.825374995822551,0.0244862906073131,0.0210172998874991,0.000250897191065399,0.0015624936904197,0.015738615549893,0.182146551665448,0.265485603747087,0.0375556214089826,0.0246090176579116,0.0109805302692764,2.12831460116216e-05,0.0354830834861755,0.163658884398004,0.08223001203087,0.183255591716217
"NK","NK__F019","NK__F019",0.623614423191596,0.105955821346716,0.0454299638435916,0.0095767669515706,0.012139425449194,0.0693323487866954,0.0397746977433891,0.183484631382989,0.118923923992486,0.0712686054028006,0.0359766375795993,0.0137129297625763,0.114460955231305,0.119561495057037,0.235133076240073,0.0797867973136475
"NK","NK__F020","NK__F023",0.553532159590174,0.0290938828220308,0.0598333141213407,0.00803518514326251,0.00925958033507699,0.0990895740442431,0.11748422907193,0.154682893286411,0.0496264416866143,0.0516469787398951,0.00747319162848214,0.00325944627740834,0.0394064955053988,0.0460361709270661,0.0558427337548466,0.098840159531564
"NK","NK__F021","NK__F021",0.751006217005756,0.0294372848660151,0.0388882482720348,5.14227643877609e-05,3.96036303371915e-05,0.135232180467747,0.00907072813496339,0.0781550146262183,0.0663289604304747,0.0598081916715855,0.00474929453935929,0.00510514839595996,0.114168666656807,0.0114447464036561,0.0645557844116312,0.0368916755644597
"NK","NK__F022","NK__F022",0.853277610437735,0.0169582152697569,0.0134097637017739,0.00063677241397232,0.000136288615884942,0.0565128716923658,0.0898565914700191,0.0496968360297982,0.0132634296411588,0.00571737310703345,0.00371959643485105,0.000405927607347127,0.0268942961432338,0.179307621485803,0.0559524819285082,0.089451030015784
"NK","NK__F023","NK__F028",-0.794110737681215,0.0853620608503659,0.0218009882866598,0.000723022389006214,0.000841605670576609,0.01568615349806,0.101489280986613,0.0672708587948242,0.0908274263044524,0.0425298301644553,0.00163620975266688,0.00229994009131913,0.0401034913368941,0.242842285401692,0.155055082744915,0.141353004415078
"NK","NK__F024","NK__F017",-0.598875740201815,0.0167897909160719,0.00210834926082909,0.000242443277751231,0.00968119007277412,0.0182717831955425,0.264248016791071,0.16163997316461,0.0502007718510322,0.0569467950699534,0.0115811796406736,0.0144447093802013,0.0358690542960895,0.11042152472257,0.176541866483963,0.153826492068501
"NK","NK__F025","NK__F025",0.667160041428759,0.0372520088679376,0.0680348004289229,0.0254791934275927,0.00625824941185806,0.09611422624743,0.116178519024149,0.0171875183273483,0.0842216066919522,0.10998053208484,0.00319299665408764,0.0115581670820228,0.22748295132662,0.0705676930368908,0.0967072276347498,0.13136872507919
"NK","NK__F026","NK__F012",-0.641743552239442,0.058715112959577,0.0456663984954077,0.0014021323457524,0.0108175864998879,0.102117383892889,0.305585609894683,0.0867296871509948,0.0210500763282397,0.0119724049003788,0.00391449912290541,0.00403858526506171,0.12699563832997,0.209823647981291,0.0675046701213206,0.0957619619133922
"NK","NK__F027","NK__F027",0.52523932863283,0.0362258851174795,0.0395864120821766,0.00415299527210768,0.000949255507572633,0.0595256923833454,0.222267460406355,0.0222407059755054,0.0227554063049665,0.0455972152424031,0.0524089482056771,0.0201953861619672,0.0246346806249992,0.022295988240139,0.190990452129496,0.199971472166216
"NK","NK__F028","NK__F024",-0.577780525724842,0.0660313042894972,0.0609885845106912,0.000449258384412453,0.0035362811691159,0.00885859218093978,0.0771358102469406,0.0825544848921304,0.0460913259480615,0.0606951998750798,5.84096836960736e-07,0.00310965642358048,0.00179869891998777,0.00359070263139772,0.0153742876320701,0.0735451076155429
"NK","NK__F029",NA,NA,0.127746902578519,0.108667490077558,0.0714666629735985,0.000477181586872954,0.0079592427209459,0.11792935749731,0.0647466508006079,NA,NA,NA,NA,NA,NA,NA,NA
"NK","NK__F030","NK__F030",0.946442680105834,0.0709708565737955,0.0930465944121607,4.92065340062056e-05,0.0179397830647888,0.186247778585901,0.135398175257774,0.105754294472244,0.0499297303165048,0.0665376363128074,0.000583827424402278,0.0254491220448884,0.180847934536521,0.134379325750794,0.136560129653077,0.0308058351808331
"NK",NA,"NK__F014",NA,NA,NA,NA,NA,NA,NA,NA,0.011274330272241,0.0141040781814199,0.0153337793772133,0.00373892364361472,0.0509256631721538,0.122568584864047,0.0369183312878107,NA
"NK",NA,"NK__F020",NA,NA,NA,NA,NA,NA,NA,NA,0.0321924347720638,0.0374520613253006,0.0200036663964161,0.00319651385588607,0.0707113512920193,0.169218043843859,0.0450301528193188,NA
"NK",NA,"NK__F029",NA,NA,NA,NA,NA,NA,NA,NA,0.102111931152788,0.0725959106351253,0.00669069276302546,0.000785309932864168,0.0559095580962866,0.1635896421985,0.0973036851003019,NA
"cMono","cMono__F001","cMono__F001",0.999718193846534,0.69512170321672,0.712019757876484,0.14258445408301,0.0192652137309638,0.185975993075013,0.0390299803833684,0.157925751524502,0.699079613929112,0.715134812247482,0.14085870460634,0.0198440179965017,0.181270941138748,0.0379025537774351,0.158535416278743,0.0047050519362653
"cMono","cMono__F002","cMono__F002",0.999464196387752,0.120340001347486,0.127623954744724,0.00230792947281854,0.00225263638206676,0.207004476520668,0.0258830396226549,0.184565843267226,0.119407125546759,0.12760837253743,0.00221836704537938,0.00218542342394867,0.203916452274838,0.0210962537788195,0.187826420693611,0.00478678584383539
"cMono","cMono__F003","cMono__F003",0.998988770706188,0.761639754234863,0.311015057024088,0.00380108831917287,0.00253744047791251,0.159220239747818,0.377257962163354,0.480804205370537,0.758018294968128,0.305937663238782,0.00410693862370904,0.00271705222183132,0.155555214431832,0.380363162561052,0.480077123700664,0.00507739378530586
"cMono","cMono__F004","cMono__F004",0.996556491301474,0.459976563912149,0.174876674149655,0.000631114980008947,0.0105262457104576,0.00491875603632277,0.0276315063081277,0.0914948734883162,0.448321266657592,0.169364039248816,0.000445512262951649,0.0100862808359079,0.0100227222926953,0.0194911040347788,0.0949496404290152,0.0116552972545566
"cMono","cMono__F005","cMono__F005",0.997467204781599,0.0386890067898533,0.0399553340058284,2.2648384074389e-07,0.00688169623267432,0.036408055179791,0.208325506065842,0.150090430423701,0.0424104680911326,0.0413652474571988,5.86318974394701e-05,0.00781766903120291,0.0246757000866359,0.191547869455513,0.148554978450057,0.0167776366103292
"cMono","cMono__F006","cMono__F006",0.998293241488047,0.239728233546115,0.239713194616438,0.0409776499538028,0.0161335385552682,0.097819490066306,0.16967770419296,0.140227409510647,0.232032154824451,0.235059927688015,0.0453024072529468,0.0152311480157299,0.103154969097741,0.161995916132194,0.13795132776148,0.00769607872166375
"cMono","cMono__F007","cMono__F007",0.999053656755466,0.00631018589519678,0.00421481455010746,0.000589127746389561,0.0129295252703842,0.136467876561699,0.00170069437166208,0.0019147989318384,0.00681671418487585,0.00476913274121092,0.000647075407937833,0.0120641083105044,0.13542784994142,0.0208956100608144,0.00710372339571181,0.0191949156891523
"cMono","cMono__F008","cMono__F009",-0.997948021332874,0.0452911093143004,0.0110749397051385,0.0105556797465442,7.74674243223623e-05,0.129130702459726,0.205277632444717,0.00623212859890801,0.0503369376856035,0.0106880937048213,0.0106002476120613,0.000111436938317146,0.127050649219167,0.206949663428093,0.0220743801387408,0.0158422515398328
"cMono","cMono__F009","cMono__F008",0.999868737723921,0.0484819381843378,0.0404058248845578,0.00138628237873876,0.928101898170089,0.13118938529028,0.171082210218995,0.115077609389401,0.049426813120127,0.0410088366002552,0.00141593844786918,0.926448209239506,0.13397822379603,0.171521715506054,0.118676889457032,0.0035992800676302
"cMono","cMono__F010","cMono__F010",0.988438772849435,0.0070572537607631,0.00554144546959684,4.99524726766952e-05,0.0176155338489291,0.0802601365115838,0.00957357168767079,0.091779383706962,0.00360836121249107,0.00235538882682158,0.000144998580442848,0.0151463962402759,0.138412583872222,0.0253670986334989,0.0790622285370164,0.0581524473606386
"cMono","cMono__F011","cMono__F011",0.997116549348031,0.0753436552822415,0.0588482548513335,0.0311651338360906,0.000762185359519628,0.0470433958926511,0.105500377819622,0.0304109811485845,0.068685995633577,0.0618389335603045,0.0368703045226819,0.000726901225979166,0.0548115399297401,0.13540584626514,0.0390817687644565,0.0299054684455185
"cMono","cMono__F012","cMono__F012",0.985836892602931,0.0840491177449711,0.0792870203917891,0.0312157723273802,0.000266757007409644,0.0425093072364318,0.288344131698819,0.262029395337566,0.0995496127728334,0.0850912042301733,0.0300543393365032,0.000237873337126783,0.030406531703177,0.331721392638964,0.268938929218964,0.043377260940145
"cMono","cMono__F013","cMono__F013",0.986006752461647,0.177305064745722,0.0609533610509571,0.0477471510553413,0.00348694922230608,0.14758761323469,0.037243295846847,0.133439808580097,0.201849756598302,0.0736985895168495,0.0380308687384335,0.00517418173552134,0.13148857103036,0.0836588759453547,0.137359727148106,0.0464155800985077
"cMono","cMono__F014","cMono__F014",0.996254890018905,0.0678555566495467,0.0558598011944878,0.00367639351192073,0.00235829148534045,0.160285198513104,0.068744359573644,0.0504350812989889,0.089377140808952,0.0648005852367826,0.00196565123800918,0.00145356959089563,0.191678330811547,0.048068502156359,0.0600858485568631,0.0313931322984424
"cMono","cMono__F015","cMono__F017",-0.764526562366417,0.146117612017767,0.156504760259587,0.000387287428803894,0.00318007050401871,0.126665981839063,0.0907482873148674,0.0341638064135791,0.105540012247969,0.0840573280889183,0.0266276398537754,0.000363059190726836,0.18589051143499,0.280805660579485,0.108962897706125,0.190057373264618
"cMono","cMono__F016","cMono__F016",0.878574534489396,0.104076561412468,0.0312425140051601,0.00279145768885961,0.001085657506658,0.0238849949164232,0.0943598742389588,0.0264413861931931,0.0765978144824915,0.0235742198117943,1.04447355318704e-06,0.000137747819423406,0.0585299912707401,0.0854264515563518,0.00419539671622141,0.0346449963543169
"cMono","cMono__F017","cMono__F025",-0.939293948284945,0.025562172353199,0.0237565234942553,0.00525112494409783,0.00251052391565918,0.154508064341551,0.0759293155707782,0.0564730203835831,0.0275287144269287,0.0200946107944521,0.00308075512785331,0.00267560248555408,0.139164109957425,0.110755332338802,0.06956049044129,0.034826016768024
"cMono","cMono__F018","cMono__F018",0.870396466221331,0.284599309480217,0.108314737716877,0.00953677393148813,0.0010714852260761,0.121401737507648,0.169047109650658,0.0458242093428403,0.253508048748707,0.144593081405632,0.00348453895542978,0.00697388764519217,0.0501171731984777,0.176681125397613,0.0402514218855559,0.0712845643091701
"cMono","cMono__F019","cMono__F019",0.858478340709287,0.236066122732157,0.155464478127152,0.000235431743979856,1.11804512089288e-05,0.00332309875589366,0.16999300146411,0.0976773256998416,0.290329490055814,0.17307599164753,0.00771373506101828,0.00141868524761651,0.0136556919936723,0.327813617369246,0.169997113658474,0.157820615905136
"cMono","cMono__F020","cMono__F020",0.830040335192029,0.118315898051713,0.0356949186263995,0.0239616567200728,0.00572891097345624,0.0194933756602422,0.116058059171793,0.0639470586670561,0.0698141656123014,0.0412568015043453,0.001254448321039,0.00858732437255596,0.0612119777264613,0.0934904181276034,0.0101972075190828,0.0537498511479733
"cMono","cMono__F021","cMono__F022",-0.955421445721488,0.0170020582164343,0.00244896613753316,4.52847518159681e-05,5.93653604697197e-05,0.162543338503712,0.197194556947941,0.0865091706091898,0.0200407518621405,0.00525561526721582,0.00027456522229712,9.24525061439231e-05,0.209451388466326,0.308389394573802,0.145113759615008,0.111194837625861
"cMono","cMono__F022","cMono__F015",-0.955453988582187,0.0745779458356951,0.0292250260003458,0.0180323964892909,0.00150433377501418,0.263372494645827,0.155527544842221,0.0494641337274199,0.0424658965212094,0.033083194377117,0.0197428944570061,0.00256033351957156,0.214530422577692,0.104678694022077,0.0927232350672314,0.0508488508201436
"cMono","cMono__F023","cMono__F024",-0.955160990417005,0.0784679637133909,0.053364246674237,0.0135065657831919,1.45005524388858e-06,0.0162664437493744,0.00727094616199348,0.171189346955657,0.0799404738077771,0.0795245425924233,0.0296437715312429,0.000901351379477839,0.102567282822583,0.0849105105671959,0.117073696955139,0.0863008390732083
"cMono","cMono__F024","cMono__F021",-0.960707331734871,0.0651203943667923,0.0413059669210514,0.00302370320158753,0.00156238450101361,0.01334938278359,0.295051364557846,0.142237045182034,0.058803102647331,0.0399769038312064,9.93604974202595e-05,0.00159605696191289,0.0253168123868083,0.202258422211879,0.134483012715132,0.0927929423459667
"cMono","cMono__F025","cMono__F027",0.812092144789566,0.0773022265370393,0.0249368829285562,0.0182604600163673,0.00390613327899129,0.0700557657338396,0.0490717207463844,0.138953887579566,0.181951769964692,0.0170716872853837,8.94639031458847e-06,0.000670607660412888,0.0721714363244086,0.0979332433120016,0.123003251194534,0.104649543427653
"cMono","cMono__F026",NA,NA,0.0773363697825897,0.0779439377518826,0.015257272861377,0.00232725625822182,0.106848488293734,0.43163240974273,0.0840388993457096,NA,NA,NA,NA,NA,NA,NA,NA
"cMono","cMono__F027",NA,NA,0.148069859689541,0.0464787706956121,0.00642502517328156,0.000245252279655557,0.204682225300044,0.0322749752105309,0.107870017183708,NA,NA,NA,NA,NA,NA,NA,NA
"cMono","cMono__F028",NA,NA,0.0638134973428992,0.0977910784553739,0.00184770091552283,0.0148068129277634,0.0078643108821149,0.18116216843306,0.0636038399905945,NA,NA,NA,NA,NA,NA,NA,NA
"cMono","cMono__F029","cMono__F029",0.868542422497863,0.00928091937077349,0.0241524708521948,0.00260304306503206,3.2856735902534e-05,0.0954794301706767,0.0860761550241778,0.0501460550451265,0.00681358490301755,0.012208358676499,0.0051304929160641,0.000867245029311754,0.156296055312032,0.0406637935156955,0.0532892155558801,0.060816625141355
"cMono","cMono__F030","cMono__F026",-0.967144470856178,0.0196970841013089,0.00683545642536556,0.000225032924977055,0.00238915056042673,0.051192817168767,0.0266569511063887,0.216878075241999,0.0283502055228616,0.0106583031659408,0.000202313387977706,0.000680815008541594,0.058116830010629,0.0577949452482241,0.231257131371653,0.0311379941418354
"cMono",NA,"cMono__F023",NA,NA,NA,NA,NA,NA,NA,NA,0.154922561419886,0.141380026952693,0.0267354409924422,0.0141366674643703,0.0434389200716817,0.0817288744674011,0.0818486222656586,NA
"cMono",NA,"cMono__F028",NA,NA,NA,NA,NA,NA,NA,NA,0.0421714530469114,0.0347303372995527,0.000695333777508502,0.00506064860840822,0.0620133681016769,0.222743190373921,0.0247117447052352,NA
"cMono",NA,"cMono__F030",NA,NA,NA,NA,NA,NA,NA,NA,0.0140729414552086,0.0105584454347665,0.00142889276038795,0.000388866823848176,0.0670959639480437,0.110096074408214,0.14293251460539,NA
"ncMono","ncMono__F001","ncMono__F001",0.999550152327439,0.506722312588532,0.327241248169504,0.0032424984482225,0.000100109020734273,0.139367559894598,0.286796047064948,0.280809179958202,0.505429754180463,0.329422043759898,0.00359631863064786,0.000151511128167357,0.14458486866226,0.285131492768476,0.285121769436896,0.00521730876766266
"ncMono","ncMono__F002","ncMono__F002",0.999283280616706,0.38986611884459,0.395258970990019,0.00520222102023736,0.000393089249097671,0.105005651690858,0.194166929574872,0.415060441046972,0.384949265513009,0.39059265392344,0.00458345053160121,0.000313131391830075,0.10857958797207,0.197256342349124,0.417563846646799,0.00491685333158087
"ncMono","ncMono__F003","ncMono__F003",0.999157247942247,0.180096708598689,0.155675361838324,0.00401091663144295,0.00345350825473074,0.182132473045235,0.0885942378754284,0.158934700056253,0.184784700672233,0.159097219931331,0.00373486660067621,0.00353853616873228,0.175059057488669,0.0841065994921397,0.16056156307911,0.00707341555656613
"ncMono","ncMono__F004","ncMono__F007",0.998586384167712,0.0406860274503902,0.0279519378344604,0.000546010489611544,0.0137905151395963,0.00139340968106791,0.222810579908563,0.1141118188403,0.0402607824774525,0.026552910781442,0.000289449000404714,0.0120495102939002,0.00177633142548352,0.218189777181556,0.107842786329809,0.00626903251049152
"ncMono","ncMono__F005","ncMono__F005",0.986667060291628,0.258508519287712,0.137503507511091,0.0461285408598926,0.0357077823828472,0.0812591851795289,0.054490849449309,0.221828383039025,0.271044741787528,0.143517571284659,0.0384169876764904,0.0342059912318493,0.0630278554592969,0.0457020027639366,0.223602505214813,0.018231329720232
"ncMono","ncMono__F006","ncMono__F006",0.996969049991488,0.401139150701362,0.468773887026447,0.145001807627432,0.0229113772457246,0.229737091576681,0.117397685421581,0.111152611100449,0.41232572056728,0.48664969883311,0.153000700710506,0.0236086802131757,0.226918362069177,0.106384994196122,0.0916653165292451,0.0194872945712035
"ncMono","ncMono__F007","ncMono__F004",-0.998328201918476,0.0715253804000745,0.00844235635444505,0.0255369216896801,0.00267592681966938,0.0439774986746204,0.116798445874851,0.0941617097884564,0.0703813061827062,0.00766501284295086,0.0273868261556126,0.0025184376765422,0.0387761449796417,0.143005188718507,0.0859502589273988,0.0262067428436559
"ncMono","ncMono__F008","ncMono__F008",0.999691991981156,0.0312546636073629,0.0371945402998958,1.08065250174956e-08,0.967565871719519,0.0893430886727473,0.0281376258275635,0.0989511384290221,0.0337840217253373,0.0378007654911242,3.1392054344152e-05,0.969449677932859,0.0858967929730069,0.0516144996250053,0.10219785213412,0.0234768737974418
"ncMono","ncMono__F009","ncMono__F009",0.966090614552885,0.187154946873766,0.189104626195864,0.00249756600935199,0.00837935352944626,0.0149499031048927,0.114721082112854,0.242444664449366,0.172282647863616,0.17769621651798,0.0027584954418344,0.00932892790283167,0.0465622204494257,0.104454111212214,0.217052979079691,0.031612317344533
"ncMono","ncMono__F010","ncMono__F010",0.979827592499201,0.0763072985185686,0.0442889919439918,0.0592334900771295,0.000593685286604268,0.188328359604182,0.0126905619563029,0.0824370762789018,0.080204180147495,0.0362090367558816,0.0545286162068632,0.000542674103104808,0.204474893160374,0.0123576510970085,0.118193001078674,0.0357559247997721
"ncMono","ncMono__F011","ncMono__F011",0.95550043910881,0.095487411424926,0.0633830615587082,0.0461371448582575,0.000703080328038882,0.094220022556485,0.00551300382991543,0.0931238833773236,0.0745897361649107,0.0510909509535784,0.0454614552136802,0.000158229598151657,0.193104244694255,0.0837870050672171,0.166935780698838,0.0988842221377696
"ncMono","ncMono__F012","ncMono__F012",0.558215255963452,0.0628665871057331,0.0758612855116469,0.0262469399336967,0.00106929235621218,0.013333122406249,0.0706037350391585,0.0478732493838094,0.126371730559397,0.0694086059423206,0.0134060641072125,0.000980358395549461,0.12980515299933,0.00551300382991543,0.0423124632755098,0.116472030593081
"ncMono","ncMono__F013","ncMono__F013",0.963955042242004,0.0775392486438658,0.0351528660034353,0.000798815025364741,0.000163293474231876,0.00829131943811019,0.0465009888262432,0.0143542612404655,0.075667557639601,0.0507827660955094,0.00487646441652469,5.21184913558192e-05,0.044684840230277,0.106691272186673,0.00694922955022046,0.0601902833604293
"ncMono","ncMono__F014","ncMono__F014",0.954571415193255,0.0204680412171311,0.0455857972624276,0.00306088211001491,0.0184296111074794,0.115339220432518,0.233397145234125,0.2243528256607,0.0115335198917301,0.0586688314830264,0.00364283482468608,0.0230395293681546,0.0690748280065267,0.22811052078853,0.166753459842828,0.0575993658178717
"ncMono","ncMono__F015","ncMono__F015",0.724731194765882,0.0626493318050426,0.0780163361591251,0.00033355346357258,0.000827035176581013,0.336816902716457,0.0403221632777389,0.0765887842053561,0.0576703719045713,0.069550793462067,0.0052662806985963,0.00414354624207126,0.216808164345093,0.0813767304459256,0.0914829956732352,0.120008738371364
"ncMono","ncMono__F016","ncMono__F016",0.967444704784097,0.0760455849258388,0.0293009610221711,0.00867850796456556,0.00141457440663313,0.0970015235610595,0.0606696749978133,0.0413377479299189,0.0531881702545854,0.0315226846909508,0.00936797978020622,1.11133560448524e-08,0.0541674717621246,0.0462080272700641,0.0390166631861016,0.0428340517989349
"ncMono","ncMono__F017","ncMono__F017",0.975497366681699,0.0246741696010599,0.0156478389391721,7.99509610788372e-06,0.00475257291107093,0.16593275591343,0.0395364936498041,0.173835923864748,0.0295871407243597,0.026626174639772,0.000241419967318642,0.0041394942913945,0.180154044032421,0.0572074020611514,0.142224292368891,0.0316116314958566
"ncMono","ncMono__F018","ncMono__F025",-0.511274318118633,0.0591999176987606,0.0345705074532259,0.00175428629976931,0.00119630878468437,0.0658944501848526,0.217191044603673,0.0706984180881157,0.0732609213951899,0.0659741946812492,0.000358792877657593,0.00359323894272509,0.0248952317445759,0.27301353749016,0.108473896985227,0.0558224928864867
"ncMono","ncMono__F019","ncMono__F019",0.898092150524201,0.0468421828179761,0.0783978424404083,0.00363249196005261,0.000408789554292854,0.00365903000219359,0.0792860502495567,0.0171802345086177,0.0116283871882753,0.0889851499402514,0.00324183905369792,0.00320526776566643,0.0773608290870756,0.0172314660770787,0.0685596542003082,0.073701799084882
"ncMono","ncMono__F020","ncMono__F020",0.702961417114656,0.114148220381463,0.183638492679853,0.00364259772909545,0.00383249565535054,0.0552151882017062,0.0158199240336704,0.0561548236510247,0.105455924656487,0.129566477774633,0.0458183751094804,0.000850760403695827,0.0908162737172351,0.0824553616300395,0.0541492942349166,0.0666354375963691
"ncMono","ncMono__F021","ncMono__F030",0.662289223596172,0.0691929476939145,0.089304597791264,0.0631110710344169,0.00166207519153598,0.0440625923956016,0.0786202285309679,0.0330211119596248,0.050798529234705,0.130236031181044,0.00313168088737109,0.0090678404133019,0.0270970317749656,0.121006439136332,0.0613439557066888,0.0599793901470459
"ncMono","ncMono__F022","ncMono__F022",0.955240390886911,0.135239580003415,0.0892863759911471,0.0134916181223172,1.34760518745812e-05,0.0627406641509852,0.062174432081824,0.0281194858692069,0.121675061763823,0.111739191319312,0.0227398829391879,0.000229027806756405,0.0464558532981992,0.0277381327964102,0.0087654257697029,0.0344362992854138
"ncMono","ncMono__F023","ncMono__F023",0.845852316337872,0.0452157003003834,0.052624171593444,0.00192032021860921,0.00267080426118907,0.119248213240094,0.0538250277307202,0.141102317870369,0.0576688978290335,0.0324490428466076,0.00260405567991868,0.0072868314162915,0.17454317680522,0.0945200511708689,0.179382685291816,0.0552949635651261
"ncMono","ncMono__F024","ncMono__F024",0.884029982039571,0.0454691504887361,0.0339888758595927,0.0194349541196616,0.0419594093313382,0.0037175319353682,0.0402422646715083,0.0727951079322287,0.0209646359879485,0.010031295785343,0.0216120296906552,0.0337667695181241,0.0340481251076212,0.0130767385530844,0.0873176653474724,0.030330593172253
"ncMono","ncMono__F025","ncMono__F018",0.798128632160577,0.0163295989989293,0.0606432840454383,0.00115450254866822,0.00100769712596724,0.146430338736041,0.0523335870810812,0.0647870149490281,0.0513510915859981,0.109533419428246,0.00884696383286068,0.00331151765674626,0.206607554542466,0.0772486357906749,0.0975416579652539,0.0601772158064251
"ncMono","ncMono__F026","ncMono__F026",0.916978972466927,0.0605811362667182,0.0525448509510499,1.56176761329715e-05,0.000137350474809071,0.0438498580931485,0.231865755281371,0.0664138779718849,0.0358264793177475,0.0336306662105631,0.000521784444571188,0.000611082247860459,0.0142478799067974,0.181170089628018,0.0826544588379905,0.0506956656533528
"ncMono","ncMono__F027","ncMono__F027",0.894881726598403,0.0181978593995393,0.041167181025038,0.0126581366730699,0.00158425422166952,0.139995126086834,0.0723748208106047,0.125240403397515,0.0189006964305563,0.0178089074075626,0.0137187965622394,0.00715498223400654,0.193731810886491,0.0306144826207139,0.0721149108924997,0.053736684799657
"ncMono","ncMono__F028","ncMono__F028",-0.877644740002745,0.0189738351792282,0.0277816243789939,0.000309255953386022,0.00271370890714277,0.0193535031656722,0.110606303891975,0.059212204159497,0.0184476319688231,0.0297291429613279,0.00182371360428942,0.00562552011027659,0.0826632315757195,0.0724547194168354,0.0965178562353526,0.0633097284100473
"ncMono","ncMono__F029","ncMono__F029",0.961811823521274,0.0114976542480484,0.0258338496939102,0.000764380039951193,0.00734147472256638,0.175468571020891,0.224341969861317,0.0344937034889349,0.013955406830393,0.0196024744225363,0.00120666200332203,0.0056762356701128,0.158183908946576,0.287808096077203,0.0600186233303097,0.0634661262158863
"ncMono","ncMono__F030",NA,NA,0.0403618469735721,0.0470393547800433,0.000382937771080503,0.00209302875523732,0.0877794915497169,0.166548644687807,0.222508580078754,NA,NA,NA,NA,NA,NA,NA,NA
"ncMono",NA,"ncMono__F021",NA,NA,NA,NA,NA,NA,NA,NA,0.0838864212953272,0.0316117197077299,0.0100112192786314,0.00161351930503735,0.120359749970412,0.0494172879536622,0.264077735248993,NA
"DC","DC__F001","DC__F001",0.997524285839449,0.444360669503435,0.459758295700087,0.00397713449379265,0.0120216492888682,0.225160128164285,0.117685868739179,0.0864073535272343,0.451493433164022,0.470797670971997,0.00304374034810675,0.00886870678635238,0.223956826754711,0.111393222742887,0.0814697904685352,0.0110393752719102
"DC","DC__F002","DC__F002",0.999072365654392,0.562311278337383,0.224403549353482,0.00929290989075237,0.00028643886441679,0.209965898501025,0.236844484413661,0.339327524415597,0.571819764988454,0.225029789422634,0.00940157337881819,0.000119277909519626,0.221081140335222,0.225263338058782,0.33127150047772,0.0115811463548794
"DC","DC__F003","DC__F003",0.999477278174248,0.465713900315458,0.534848940156744,0.0146997771493497,0.0369718266087381,0.119718292783003,0.382177829711021,0.40406807162604,0.476562022228887,0.545706205873942,0.0143054963889967,0.0353966651046999,0.111437947490005,0.386328298346874,0.395687208013248,0.0108572657171985
"DC","DC__F004","DC__F004",0.999130322729975,0.0472822551634307,0.0732956814793262,0.0143620733736444,0.00680807663136996,0.00856587444103258,0.140446503193856,0.16677268910106,0.0507088558270232,0.0822594318678946,0.0142992825753618,0.00769138128839542,0.0141540877668491,0.158922782927652,0.160145959732806,0.0184762797337961
"DC","DC__F005","DC__F005",0.991107036798383,0.16759919003315,0.265433949371882,0.0051634726642587,0.0350589539354958,0.188265683250409,0.0228945205397039,0.143416716474714,0.126072075059787,0.224368106140443,0.00783858560838542,0.0370949479721246,0.161589102848336,0.020953172306805,0.187302556555651,0.0438858400809374
"DC","DC__F006","DC__F006",0.925814964840536,0.0340965540353445,0.0579020892641987,0.00902514170780472,8.79595658677848e-06,0.18834726300699,0.158186409460001,0.0490507909120766,0.0266109506133263,0.0314161692461199,0.0285351514724177,0.00152191996884967,0.186634088118784,0.162872422435963,0.0707500811963595,0.0264859200180788
"DC","DC__F007","DC__F007",0.94850726890114,0.353272823916386,0.377067432857957,0.0718943479699828,0.000412787372299275,0.193017704071267,0.106908038894465,0.181910217952072,0.325220602743211,0.364421629197909,0.0506901718755233,0.000399205441010653,0.122573584263347,0.0429104902513163,0.19854200930769,0.0704441198079203
"DC","DC__F008","DC__F008",0.98113267956144,0.141295780979718,0.0505099035396342,0.0122126222519171,0.00213322897153598,0.228892402027878,0.084616005737385,0.143351748539731,0.137457071637749,0.0455672398410146,0.0083987225801705,0.00204153243014195,0.226934487869927,0.0632611751754975,0.127564540338891,0.0213548305618875
"DC","DC__F009","DC__F009",0.957956422998255,0.00902779065279443,0.0212268561426459,0.000119249345644577,0.000490923665394758,0.18804133891981,0.13944235755615,0.208157263685157,0.00739976734271127,0.0259362923926478,0.00208329980209625,0.000206255396986036,0.0501307604191859,0.167826207581981,0.274164685627766,0.137910578500624
"DC","DC__F010","DC__F010",0.987835456084837,0.0225913005872219,0.116344919578013,0.0884308807984105,0.00531997998402011,0.234460220414549,0.105770007171731,0.0930665668629798,0.0246015184452222,0.106754206431779,0.0893582604237614,0.00447124232658201,0.280104094221765,0.0842812905248162,0.0629539289984135,0.0456438738072165
"DC","DC__F011","DC__F011",0.966479954108634,0.0153236206633657,0.0390527993698786,0.015609541280077,0.0179948401733507,0.0178863616304418,0.373274405056692,0.200328627519719,0.014920843753223,0.0405465704839102,0.0117267077499963,0.0206355308594897,0.0294706870649811,0.319251369748093,0.227712612115005,0.0540230353085994
"DC","DC__F012","DC__F012",0.976949679390416,0.0771865913593977,0.151294953125466,0.00615557882077376,0.0027436857698201,0.0684046258933887,0.150421016528405,0.219883975949567,0.0783931046224257,0.161608604756347,0.00221275134484905,0.000884577819507765,0.143661951339604,0.197548918458088,0.199743916104874,0.0752573254462148
"DC","DC__F013","DC__F013",0.999718146134458,0.0278599179162843,0.0789578841990074,0.00964783440839898,0.967121556479687,0.171786572420994,0.0332706921293357,0.175186036681344,0.0284752761958645,0.0786154200776068,0.00943139336537357,0.966145197309182,0.183452477612114,0.0321326604066019,0.171417896452337,0.0116659051911206
"DC","DC__F014","DC__F014",0.997757832742607,0.0869308541233668,0.149778434221681,0.000452177912282514,0.00424719241300379,0.0770928699692932,0.186235544273263,0.24743038038231,0.0857592320546074,0.140816141986343,0.00108994908436547,0.00486249811075584,0.100098361325209,0.19634394369284,0.251978135831111,0.0230054913559161
"DC","DC__F015","DC__F015",0.970652225627363,0.0146623232323906,0.0335322291705041,0.00764768432164297,0.00622975278188783,0.046133352346704,0.0492031362476091,0.0851729627625595,0.026852848887137,0.0460163581627419,0.00939664387595594,0.00344248568357205,0.00501715502974765,0.100950108110741,0.0149101410785716,0.0702628216839879
"DC","DC__F016","DC__F016",0.983025441348146,0.185511100418553,0.0900093395899,0.00629672252194512,0.00113101013826378,0.047683367721748,0.0149952415230809,0.0867646771696401,0.172851082497371,0.0744547692538684,0.0108498266051907,0.00165699382023269,0.0835988555566489,0.0496047945026917,0.0215693544143171,0.065195322755323
"DC","DC__F017","DC__F017",0.980266215343527,0.0629730960287525,0.123765100657571,0.024085751639741,0.00268312933672205,0.0187225541353998,0.184628911252933,0.129968353933257,0.0681894749598333,0.111196064921249,0.0240182891976423,0.00572373564193742,0.0412385669518283,0.0917119682438429,0.13432120557711,0.0929169430090905
"DC","DC__F018","DC__F018",0.97804871819477,0.0855014637767214,0.106554490048827,0.00471896776630977,0.00706602724477815,0.111621501942313,0.211406128258435,0.175608328258733,0.0820900934276868,0.097025578225419,0.002187267392854,0.00700345738952405,0.154348899451749,0.231355154927534,0.173724258144229,0.0427273975094363
"DC","DC__F019","DC__F019",0.958263391644363,0.0177016198864226,0.0849871243133326,0.00266172541425129,0.00132606471048729,0.0683230461368075,0.0309276856413543,0.0222840016991288,0.0420579166568279,0.085646691901615,8.73056765580397e-05,0.00122861142905126,0.118107092590523,0.0315301730239781,0.0192305087549333,0.0497840464537155
"DC","DC__F020","DC__F020",0.992551625002928,0.112860084815804,0.111562443282218,0.0167165074189595,6.85417164048681e-05,0.0207212581716407,0.013321665460237,0.052688995271118,0.0942949483837014,0.11864869038965,0.0162231295245601,0.000112996657586811,0.00501715502974765,0.0633281182180112,0.0375514664201063,0.0500064527577742
"DC","DC__F021","DC__F021",0.989964968991486,0.0555475279329761,0.156050957482647,0.0420817689035813,0.00075980970381824,0.0856179545320351,0.00823399422919174,0.153356810527095,0.0480155661340457,0.161021295449129,0.0445723041041931,0.000624973596623391,0.0529452620212395,0.0227606344546763,0.162549773327173,0.0326726925107957
"DC","DC__F022","DC__F022",0.976206028488043,0.0410516070329624,0.0422275748169222,0.0104106149969958,0.00540372024510347,0.00187633440136904,0.228208831929387,0.105605378314676,0.0367662432720237,0.0531080578526533,0.00884579804426931,0.00594823398959819,0.0174580679083902,0.228945205397039,0.192662411191739,0.0870570328770631
"DC","DC__F023","DC__F023",0.995296264048695,0.100379515059367,0.112322086495486,0.0533545638191257,0.00058550451230648,0.0348141611210538,0.21863597684992,0.194416545436277,0.0874953877595893,0.100564505589582,0.0523837788732508,0.00059082219015449,0.0490702235836295,0.215891312106856,0.196495519355729,0.0142560624625756
"DC","DC__F024","DC__F024",0.993258468942824,0.0455139804568441,0.0423280118381223,0.00418242537138386,0.000319812568885741,0.0895337828479357,0.269378803075346,0.193312090541568,0.0511498320097358,0.0490007153001029,0.00309697764118311,0.000493485621148574,0.0840067543395552,0.275738392114153,0.234761633060647,0.0414495425190793
"PB","PB__F001","PB__F002",0.97113743406225,0.149935405963766,0.113884803503833,0.024992804217583,0.00513283366947948,0.00288983977106512,0.098215099046694,0.036809685072655,0.130996840283038,0.0989762959824549,0.0108652283520162,0.0121519075662498,0.0212797292232977,0.0424698065853826,0.193678866225307,0.156869181152652
"PB","PB__F002","PB__F001",-0.97763645767255,0.253017463677346,0.188758608494047,0.0306792126042661,0.0192141071179004,0.149833813584619,0.0832948627082608,0.241488654860371,0.226098162140966,0.164179880893871,0.0342960849259977,0.0140832271286643,0.137836599989591,0.0634991160702609,0.201554426752479,0.039934228107892
"PB","PB__F003","PB__F003",0.986414772723537,0.0548069386131541,0.0229029454373444,0.0265854156037038,4.67482123011711e-05,0.197954024317961,0.285011758716842,0.253558807407451,0.0642239126226409,0.0431807358688538,0.0317771304999514,0.000795501896445153,0.181227982006645,0.302927790540551,0.252274748625847,0.0202777904315094
"PB","PB__F004","PB__F004",0.932531157389699,0.406508326821202,0.217426087776103,0.00459838563347575,0.012038820164632,0.0435227383702838,0.0628529641028484,0.0975884674019225,0.381567154074254,0.215492679797639,0.00231994624574603,0.0075960291978549,0.00656781766151164,0.25147059749934,0.0520471826143586,0.188617633396492
"PB","PB__F005","PB__F005",0.913105434099493,0.134934802674606,0.115743075479316,0.000602855452575816,0.0149647666664262,0.130568215110851,0.376295409385838,0.11492326095358,0.172494236003772,0.101633734831611,0.00101065217580759,0.0158609139480723,0.137223603674517,0.30087185246242,0.14214530712359,0.0754235569234182
"PB","PB__F006","PB__F006",0.896036092206854,0.437450194978723,0.454516839415555,0.118529987663218,0.00527371398802982,0.191254850303219,0.19966095793045,0.00980164869957905,0.413983298813414,0.485876169503938,0.136385791917674,6.08361686368085e-05,0.135953825593291,0.136749252739655,0.0371521007477494,0.062911705190795
"PB","PB__F007","PB__F007",0.920059898177932,0.166832487993962,0.0639481943860483,0.00230153382479008,0.00196473308164957,0.0511414068576373,0.425109253469452,0.309672176163557,0.184505772686768,0.0986733914992095,3.07005662613834e-05,0.000443251373570686,0.0387501242029187,0.359143011705435,0.241617060738532,0.0680551154250249
"PB","PB__F008","PB__F008",0.88056068380694,0.0956651401507155,0.0621867359484251,0.00133270961892406,0.011074701507399,0.125226390079489,0.0266097128398041,0.198387081757855,0.0911960031967547,0.071688545111606,0.0101408072967634,0.0247264720872836,0.187182803353082,0.281193588000313,0.0730201427138946,0.254583875160509
"PB","PB__F009","PB__F009",0.966840120284868,0.162664486774664,0.119620674561781,0.0348893147297499,0.00993789346876216,0.134815403865296,0.0992724386297326,0.0588954961162479,0.209364864287852,0.122787029508365,0.0227464251119038,0.00285008909823247,0.0613434169585187,0.0905200165256911,0.00693391742066291,0.0734719869067769
"PB","PB__F010","PB__F010",0.905519007362009,0.154344800234801,0.126305506750113,0.004670228298721,0.0137516303306903,0.0880525421153327,0.0738962886368068,0.0553857354465297,0.0906482134518226,0.100461334213754,0.000338974885203302,0.0148380483519653,0.114542740016763,0.0358320636474183,0.0639889292832781,0.0636965867829785
"PB","PB__F011","PB__F011",0.901138161903142,0.161776561304706,0.167551807417737,0.0574049769950622,0.0464691741715261,0.189503432260149,0.0929284011315011,0.158581259528124,0.162196985458449,0.215227292942539,0.0260313573122366,0.0372614103748098,0.177812716822658,0.118950703091839,0.0996429614524892,0.0589382980756347
"PB","PB__F012","PB__F012",0.976154856693215,0.408507406985258,0.253360493200608,0.06311161477876,0.0117369106973561,0.0836302115565816,0.131815001352142,0.103067118203434,0.37360369222921,0.272910666636086,0.0354473777589969,0.0162939402558702,0.0689182999947955,0.117540916981121,0.168768125862184,0.0657010076587504
"PB","PB__F013","PB__F013",0.906891546202656,0.330454776570512,0.280622727456219,2.452404950385e-05,6.90368391367198e-05,0.0461498654348885,0.0533369078555013,0.0808100993222937,0.461967016394055,0.327198450945335,0.000610757262044751,0.000990145326737263,0.0548631701991606,0.0815326300698632,0.0600939509790786,0.131512239823544
"PB","PB__F014",NA,NA,0.114044737777628,0.0835841074281398,0.0027277154046579,0.00156697305510522,0.0369987061598489,0.284894276540949,0.131530421195661,NA,NA,NA,NA,NA,NA,NA,NA
"PB","PB__F015","PB__F014",-0.787171176365733,0.450830674588534,0.382652172793997,0.00196166845477004,0.000741780908686812,0.228603840071682,0.0508697821617446,0.244870009651929,0.33992045441764,0.263025537488907,3.247283752327e-05,0.002933486121098,0.00779381029166048,0.0783606113207475,0.0616776234763905,0.220810029780021
"PB","PB__F016","PB__F016",0.78994213551952,0.140983567730579,0.131962221600113,0.0254360575401375,0.0284418220500452,0.0119096426928744,0.159658277038824,0.0373661105446835,0.16646563508658,0.109376886914608,0.0345764305142611,0.0918689526656269,0.059416857111142,0.0377705195496556,0.0261519971853397,0.121887757489169
"PB","PB__F017","PB__F015",-0.722495856818369,0.0657143022361694,0.127446613021517,0.00929925988993583,0.0553275449380772,0.189372075906919,0.0536306132952342,0.119117852973487,0.0877976423968124,0.0646823793857976,6.09242665626897e-06,0.00148751669620797,0.0854692005018048,0.0721340559984092,0.141503277732788,0.103902875405114
"PB","PB__F018","PB__F018",0.953551133954578,0.2052090376826,0.10702209280424,0.00691335729296132,0.000251786716409566,0.199836798714261,0.102444457378848,0.0139534387600994,0.199201437865847,0.0734441525645471,0.0108065542035553,0.000790050861974172,0.222079807861247,0.105733958303857,0.0188756640895824,0.0335779402396932
"PB","PB__F019","PB__F019",0.954099916771437,0.0982320705553586,0.0872607861171953,0.117079575391097,0.111863411451732,0.0501781269339489,0.176928156895121,0.114366835481551,0.0537515011743047,0.0775800390926076,0.103496032587396,0.101003339690061,0.0131794207741,0.268799218443584,0.119759882364289,0.0918710615484626
"PB","PB__F020","PB__F020",0.772572102338139,0.244284603995907,0.0651819591522441,0.0116575935417572,0.0372811902505813,0.0690496563480257,0.0909899452292637,0.00410898810113358,0.333110353199615,0.14290009396283,0.0477024720873323,0.0101787024585676,0.173828240774675,0.0975689470792815,0.179468615708886,0.175359627607753
"PB","PB__F021","PB__F021",0.829931900144205,0.0891483900810788,0.161380890898186,0.0997918088236234,0.0287898850987275,0.182016120126026,0.152491864309341,0.0685687389376666,0.0635464014445281,0.151619009424644,0.124272880343511,0.000316191330648968,0.130962284170542,0.215756016027815,0.0891564814027213,0.0632641517184745
"PB","PB__F022","PB__F022",0.939213367867606,0.0432088768848672,0.0924809083343941,0.00534802902226582,0.0232538702809897,0.223568513197856,0.137219181443228,0.489526009506924,0.0715470864388881,0.143409949419861,0.0158467325621346,0.0206555337887504,0.264464124503535,0.108142342909667,0.489526009506924,0.0509290410854666
"PB","PB__F023","PB__F023",0.954523057280742,0.036964298373951,0.0660855091857236,0.00362931279301458,0.00165804606584675,0.13140013868131,0.141859727391008,0.289212839576662,0.0518942297623724,0.0826139176657319,0.00137167921699585,0.0064558169922895,0.206623543631156,0.084117237939513,0.251889530991366,0.0752234049498467
"PB",NA,"PB__F017",NA,NA,NA,NA,NA,NA,NA,NA,0.06964746913127,0.123555707343483,0.00243366772248168,0.0771505696597387,0.0276286196294256,0.0175635852960296,0.086545561880126,NA
"GDT","GDT__F001","GDT__F001",0.996770790448779,0.259172253841881,0.0759531223455104,0.0153314488849097,0.00203629334695063,0.1636629719731,0.370238680374211,0.0834881230301622,0.242932441409761,0.073735958933073,0.0186762539391258,0.00208216155872619,0.161946913249595,0.366129483033764,0.0759946287600025,0.0162398124321201
"GDT","GDT__F002","GDT__F005",0.925194492090544,0.196581113194262,0.241444110316476,0.0163409718800517,0.113221674028538,0.225048844025323,0.109304649255871,0.266965194857101,0.136886893293883,0.245518694230625,0.0466178346038167,0.0598490804977532,0.267165828125051,0.0521868062236679,0.269614410003117,0.0596942199003795
"GDT","GDT__F003","GDT__F003",0.992115396811144,0.123490079692893,0.0935539857079271,0.00248241262970676,0.0331588635187061,0.0196611299464389,0.242442643086331,0.0248269305112359,0.120575635286293,0.0845205187470579,0.00113206706920577,0.0395138378105442,0.0251525178616538,0.249839198299134,0.0110510117519526,0.0137759187592833
"GDT","GDT__F004","GDT__F004",0.994472527515183,0.765692973600163,0.291079951978304,0.00712154387532568,0.00057769027609347,0.02377967088285,0.319695553086721,0.560195465590417,0.743730268756822,0.270331346780515,0.00629654219647376,0.00324110296377414,0.0371649289261862,0.278192659948214,0.558833012086752,0.0415028931385075
"GDT","GDT__F005","GDT__F002",-0.994695756616586,0.345184292612312,0.220417162267045,0.00556082916317789,0.0336511982956396,0.249514938397575,0.180804682979637,0.0431443609494038,0.367909444980128,0.249276228668303,0.00394460063077342,0.0408399926541018,0.257948141267369,0.189844917128619,0.0411006806939058,0.0288590664012583
"GDT","GDT__F006","GDT__F006",0.910729491178394,0.234216024982804,0.193371214115383,0.0261205119852259,0.000107052352442914,0.363951540130713,0.364485804097586,0.240851502703514,0.289147783552676,0.162322793711577,0.0319048697326503,0.00237850051771929,0.304281726801995,0.230936890533082,0.341218910806864,0.133548913564504
"GDT","GDT__F007","GDT__F010",-0.741319139060711,0.265591544102499,0.113064424979759,3.44228131793877e-06,0.0413857517509001,0.0665830784719801,0.0456120904789538,0.0682740589058987,0.0972660045423395,0.0871037544282418,0.0101480303820909,0.0293893125485415,0.163221699729913,0.232991489203305,0.058736884380241,0.187379398724351
"GDT","GDT__F008","GDT__F014",-0.525356378910329,0.0935984465667446,0.145165767381243,0.0527623661223863,0.00136019653640745,0.0326051157465882,0.0784856692025241,0.163191652994587,0.111780398616159,0.166496719487861,0.0799931698255949,0.107063848421443,0.023926761630579,0.0534195654258018,0.0295955177740647,0.133596135220522
"GDT","GDT__F009","GDT__F007",0.694630245615805,0.10284429583587,0.0982659390985731,0.000352881661682751,0.00182047346436551,0.0555512723923074,0.28764381383124,0.260758462229292,0.0724038314185653,0.139352872244178,0.0020223255102291,0.000314202392583188,0.320559769550667,0.047666689149177,0.246906851608694,0.26500849715836
"GDT","GDT__F010","GDT__F009",-0.59101849842529,0.161838824042066,0.0894460370582091,0.000485460306564371,0.0811480010778158,0.0919317173306058,0.27695990074608,0.0378459306573718,0.176025892738311,0.190352366048026,0.00100537869884369,0.013430973957506,0.0418228026042703,0.147109264787977,0.11217533846845,0.129850635958103
"GDT","GDT__F011","GDT__F011",0.876309263166009,0.109167092864653,0.175877546337167,0.121593085237677,0.000675058024884427,0.0649160499977185,0.206692626224448,0.0952960533952621,0.0757268807082981,0.131722322565226,0.0416263300416315,7.96133467020965e-05,0.0172586477335324,0.233813328671394,0.145479757446937,0.0799667551960456
"GDT","GDT__F012","GDT__F012",0.85679586536312,0.103097533958229,0.0797734060343592,0.0138048823437733,0.00136630251899687,0.127723799277988,0.0965661375004878,0.110510117519526,0.112259464675718,0.100809696280064,3.64277193779266e-05,0.0110350778914092,0.10659176185426,0.105195451915425,0.10468184419829,0.0211320374237286
"GDT","GDT__F013","GDT__F013",0.876040642497775,0.207737808731327,0.155615476915577,0.000243971187946225,0.00658189297635196,0.305605543531555,0.0139712709575174,0.127616478176658,0.163770372706566,0.0962226036904915,0.00239308652038951,0.013867939129496,0.129341797503007,0.0189023077660529,0.290959514893874,0.176263746028548
"GDT","GDT__F014","GDT__F016",0.673261852145464,0.0839943398211184,0.102674158400557,0.0428088533468138,0.0561028936065975,0.112818603508119,0.247373679894867,0.0124891571169327,0.217481834104299,0.23356518525137,0.0929458668472949,0.00853777200712366,0.127282527034801,0.280658178352482,0.154562780804706,0.142073623687774
"GDT","GDT__F015","GDT__F015",0.72213819072328,0.0443379101272422,0.0659001784994393,0.00584237030307688,0.00370395283870007,0.0135813790403082,0.188612157926485,0.0263407677375308,0.149770943135455,0.0789634490446066,0.000217075690512107,1.4716016152731e-05,0.124291681830979,0.197652392075467,0.0676685240153807,0.110710302790671
"GDT","GDT__F016","GDT__F017",0.959886908718997,0.140722890298869,0.0965336890080498,0.000640067250238244,0.0276406530302975,0.202249778127333,0.513649667555786,0.240094584090367,0.174077377665432,0.165431492377328,0.0018763039457357,0.0395180106400511,0.217351094894174,0.47666689149177,0.260758462229292,0.0688978033692777
"GDT","GDT__F017","GDT__F018",-0.873739452848113,0.155688061238123,0.102001460466644,0.0573290775171217,0.0563411966515746,0.2692741288425,0.126563278085746,0.100518791825979,0.203358104707206,0.0992476570188744,0.0306854503133388,0.0450767274017244,0.332523150365957,0.0217787459043653,0.181811850878014,0.10478453218138
"GDT","GDT__F018",NA,NA,0.25934837444084,0.268946894649094,0.0603506477358786,0.000663904062957884,0.0995804362125122,0.0924569401600415,0.263634752959252,NA,NA,NA,NA,NA,NA,NA,NA
"GDT","GDT__F019","GDT__F008",-0.512250994885305,0.122041432609264,0.108951387335404,0.0186120403251068,0.00424640388915096,0.0833514237130826,0.0694454350535423,0.159558443651479,0.201402269669275,0.0615520519423997,0.0363161715065903,0.0772573310824603,0.111543817027802,0.173408127766833,0.0691823612416756,0.103962692713291
"GDT","GDT__F020","GDT__F020",-0.764968105205799,0.0248246641498109,0.0681250569290283,0.0340234922598452,0.00807139477679428,0.33340569485233,0.0246551840426777,0.196647455695704,0.0997019299416066,0.0669589317326088,0.011880225713011,0.00122547471615381,0.252505783601397,0.156149498936959,0.0389813085770929,0.157666147118611
"GDT","GDT__F021","GDT__F019",-0.799353923053311,0.083734541868854,0.0564970409365328,0.00018337964848039,0.0048408009791423,0.0354488702026816,0.148752943724156,0.19195456029419,0.0122387467082804,0.0170667582304539,0.00779305807958292,0.000403117566325162,0.0390280783974199,0.161080535745495,0.260531386645347,0.0714957951605736
"GDT","GDT__F022","GDT__F022",0.848959527002188,0.246633082177549,0.0931082007317772,0.00021071806168209,0.00292392460517868,0.222793452560146,0.151629381862468,0.154411397082077,0.355093721600814,0.202945753098906,0.0379979142244966,0.00715311840430657,0.212300979222146,0.0801293481387026,0.138137646899407,0.109837552367129
"GDT",NA,"GDT__F021",NA,NA,NA,NA,NA,NA,NA,NA,0.153391559293797,0.109552522748849,0.0137820230793227,5.01325479703087e-05,0.135421548409138,0.142178227979442,0.0105968605840641,NA
"DP","DP__F001","DP__F001",0.999908047585401,0.233969974603796,0.262677690314327,0.0144517026792406,0.00276838443914663,0.14451094644359,0.23177925798703,0.0662508190665041,0.233660824399307,0.262704857790668,0.0144539741968265,0.00269533366194556,0.14451094644359,0.233323080753374,0.0652787993273044,0.00154382276634343
"DP","DP__F002","DP__F002",0.999847597591667,0.0500126845412926,0.0324148475832062,0.00702244417688519,0.0422474127546066,0.134376239921334,0.0780145104592224,0.0523867480494982,0.0500433223315853,0.0328626032820493,0.00715308327311121,0.0418864813891165,0.135838295944217,0.0728684345714109,0.0462988349460897,0.00608791310340848
"DP","DP__F003","DP__F003",0.999752420790049,0.164736719260501,0.0947155988018556,0.00392266498739026,0.00592736939614117,0.203956815192173,0.0797641762610783,0.000358112535494617,0.165076723861677,0.0949795306873481,0.00375289943058246,0.00571673455691058,0.200866560416534,0.0752356294798042,0.00204635734568352,0.00452854678127412
"DP","DP__F004","DP__F004",0.99928432171465,0.528588974063287,0.162291615891841,0.0063449185925239,0.0418812735992042,0.200833331870559,0.259156381710187,0.454495966476311,0.534470426913994,0.164746017631464,0.00759054263902992,0.0434136578475567,0.194752507957205,0.261523576618581,0.452296132329701,0.0060808239133541
"DP","DP__F005","DP__F005",0.998482573058048,0.194426890465397,0.201382113193285,0.0123885026085343,0.00844899999930164,0.206615098870142,0.138429441382129,0.13009716825183,0.191889960050865,0.198055846960209,0.0123936337549351,0.00734435079901088,0.219707145984139,0.148618671639996,0.127743857304294,0.0130920471139974
"DP","DP__F006","DP__F006",0.999490065807283,0.103878139212053,0.142107447093496,0.0448803751824674,0.000514396712868955,0.0934386712806108,0.278917313119384,0.15091885424416,0.10167622222553,0.139791261897337,0.0434056875678773,0.000384374802116843,0.0928737859990424,0.295178912924868,0.158081104954052,0.0162615998054844
"DP","DP__F007","DP__F007",0.999503164473736,0.26030066436885,0.220821037301727,0.0255838253205564,9.40614209633208e-05,0.330158832803751,0.0208930681045147,0.131529618393809,0.260939138535805,0.222679777402448,0.0270513355999473,7.93906410503988e-05,0.323479895062854,0.0278917313119384,0.140942862183953,0.00941324379014422
"DP","DP__F008","DP__F008",0.996974911856301,0.0462222086344386,0.0428880492140733,0.00751608402654952,0.0107857095996481,0.0235258105500258,0.0796612547433221,0.127539221569726,0.0381825581228823,0.0435496397707711,0.0115999377721883,0.012189032765232,0.0302047482909229,0.0846014875956212,0.156699813745716,0.0291605921759902
"DP","DP__F009","DP__F009",0.999282334008594,0.0430026686414876,0.0367379319286,0.00542800304515113,0.0149131475170061,0.114173283968769,0.0109096808821604,0.0643067795881047,0.041937871175674,0.0336369641639941,0.00470948648346786,0.0147119253352094,0.105600319107319,0.0158499137344594,0.057502641413707,0.00857296486145007
"DP","DP__F010","DP__F010",0.999389774558801,0.0744490189497377,0.0411475132455033,0.00752655724888791,0.0907044348011101,0.00215985548834982,0.14933912226429,0.0294163868442007,0.0733224253378568,0.0410892540417014,0.0079896367442468,0.0887953607183695,0.0106995918038253,0.13431258067188,0.0275746652330855,0.0150265415924096
"DP","DP__F011","DP__F011",0.995958342262274,0.101418852620587,0.15959494997386,0.0278244826974556,0.025297842607965,0.0537637873869233,0.126902231393432,0.161304117773504,0.110852484649468,0.167496149182947,0.0313748451533139,0.0283915895292276,0.0544615868523902,0.101583538025399,0.158643853224115,0.0253186933680326
"DP","DP__F012","DP__F012",0.999154153344679,0.165377805033059,0.102085338948264,0.0352458214843097,0.00052810913944611,0.252404035223158,0.0783232750124911,0.029058274308706,0.164527317817772,0.104153217978377,0.0366573433653627,0.00040179829974642,0.294471374427017,0.0639142625266189,0.00327417175309364,0.0420673392038596
"DP","DP__F013","DP__F013",0.999077902655145,0.0851921795579206,0.0543094384615432,0.0181519824490585,0.000708483715358277,0.0565217567028161,0.0382868046053176,0.224229606153272,0.0862268395036832,0.0561325146931223,0.0189447853767091,0.000890799341968758,0.0490453338585283,0.0427124298688355,0.210416694069908,0.0138129120833638
"DP","DP__F014","DP__F014",0.998401074389519,0.162015683258326,0.187938941793729,0.0104412767992139,0.014296939992136,0.0826726223848363,0.0163645213232406,0.208370336724225,0.161287774943755,0.184090671135107,0.00796118694015601,0.0131862399518389,0.0937377281943823,0.0271712806876447,0.199059410801365,0.011065105809546
"DP","DP__F015","DP__F015",0.999091571177266,0.108197229814276,0.106509546719435,0.0729631412703502,0.0087770656814162,0.157735907741486,0.304441849522929,0.195324808645492,0.105424152865158,0.10347721663393,0.0696823201272356,0.00962777319163167,0.150624998902919,0.294973069889356,0.188264875802884,0.00946877963357312
"DP","DP__F016","DP__F016",0.997459127215146,0.235038789926807,0.231244041512139,0.140540004854586,0.00317706050440083,0.101679350682315,0.174143208043541,0.125902135693179,0.240051257543688,0.223074696899655,0.13237543671608,0.00268583353133342,0.0829384507526332,0.175378266256616,0.121707103134528,0.0187408999296816
"DP","DP__F017","DP__F017",0.9983417194577,0.103233411486561,0.11556816782474,0.0108816954059036,0.00164183405562228,0.00375482569513123,0.377413205612096,0.154141867063611,0.104591551348053,0.116896302785229,0.00827907892429042,0.00179724863604907,0.0171791582688747,0.355902608401044,0.131734254128377,0.0224076129352346
