"program_id","cell_type","pve","top50_mass","Institute","GEX_region","top1","top2","top3","top4","top5","top6","top7","top8","top9","top10"
"CD4__F001","CD4",0.104862156872567,0.0987641880448884,0.00234819758965513,0.004341724179251,"PDF","PCSK1N","CHCHD10","PHF1","HPCAL1","CCDC85B","GET4","RCN2","RSAD1","EPN1"
"CD4__F002","CD4",0.0578057462024221,0.139807200324869,0.0390376888599278,0.0539095961080144,"IGHV1-69-2","IGKV1D-16","IGKV6-21","IGLV1-36","IGHV4-31","RNASE2","IGLV3-9","IGLV2-23","IGHV1-69D","IGLV3-21"
"CD4__F003","CD4",0.0397727704661762,0.202781692895554,0.00114298893101129,0.00715570045911318,"UHRF1","TYMS","PKMYT1","CCNA2","CCNB2","CDC20","BIRC5","CDCA5","CDC45","HMMR"
"CD4__F004","CD4",0.0407444359950817,0.173860385416452,0.0327142300589153,0.0545318112104987,"FCRL6","ADGRG1","GZMH","S1PR5","PRSS23","FGFBP2","C1orf21","CX3CR1","ZNF683","ADRB2"
"CD4__F005","CD4",0.0534354304235807,0.102663567123214,0.0426968431948208,0.0233945932016886,"AREG","C14orf119","TENT5C","TNFAIP8L2","PARS2","HSPA1A","GADD45A","CH25H","RELB","DUSP4"
"CD4__F006","CD4",0.0287473987865353,0.278184669525056,0.00392597405590037,0.00880760676839192,"IFIT3","IFI44L","RSAD2","IFIT1","LAMP3","USP18","CMPK2","OAS1","MX1-AS1","OASL"
"CD4__F007","CD4",0.0589693437238326,0.0566363089287808,0.310297054553501,0.0639527162604952,"NUP107-DT","DNAI7","OBSCN","PLAG1","ENSG00000272768","TMEM147-AS1","SCML1","PRKCA","ENSG00000287382","TRBV7-6"
"CD4__F008","CD4",0.0334753850831066,0.473555599252753,0.0196827733541468,0.0488553284357387,"USP9Y","DDX3Y","UTY","KDM5D","RPS4Y1","EIF1AY","ZFY","PRKY","XIST","ENSG00000286009"
"CD4__F009","CD4",0.0193604675136614,0.0702341116053359,0.00034368842180543,0.0437668458511559,"TRBV18","TROAP","POLR2J3","TRBV7-7","C2orf69","ZBTB32","TRBV3-1","CCDC152","WDR5B","ATP6V0A2"
"CD4__F010","CD4",0.0162851108576284,0.0755468691430317,0.00143576792408348,0.0370134831566355,"PDE9A","CDO1","EFHC2","TRBV12-5","ASAP1","ZNF426-DT","SUMO4","ASB2","DNAAF2","TNIP3"
"CD4__F011","CD4",0.0127417002083814,0.133976645892695,0.0144831759105187,0.0465661078478135,"ELOVL4","IL4I1","RORC","PTPN13","LINC01644","CCR6","HSD11B1","TRIQK","CFH","SLC4A10"
"CD4__F012","CD4",0.0126798827147125,0.091666624318449,0.00731171186177965,0.0497134880793917,"LINC01229","CXCL13","IGFL2","PNMA6F","AIF1","TLE1","FGFR1","DHRS3","CLIP3","TRIM31"
"CD4__F013","CD4",0.0179980166459426,0.259656147754822,0.00849517945062525,0.067484028327709,"IGHV2-70","IGHV5-10-1","IGHV5-51","IGLV1-41","IGLV3-10","IGLV3-25","IGKV1-16","IGKV1-27","IGKV3D-20","IGHV1-69D"
"CD4__F014","CD4",0.0125963819995272,0.072233028164836,0.0892925039066251,0.048754925731779,"LRRN3","PRAG1","GPR15","CIMAP1B","ZNF174","STAP1","ENSG00000266088","PPP1R35","FNTB","DTHD1"
"CD4__F015","CD4",0.00929315540559561,0.083733230252098,0.0238102363336308,0.00801801725081898,"CIMAP1B","PGAP6","ZNF683","CPM","CHST7","DHFR2","CCDC191","GPR146","PTGDS","GGACT"
"CD4__F016","CD4",0.00967770121495143,0.0859906998864629,0.00291508021687921,0.0344005939773204,"ATPAF1","TRBV28","IFFO2","ACY1","ATAD3A","INAFM1","PPARGC1B","CD160","IGLV8-61","TRAV1-2"
"CD4__F017","CD4",0.00799547661263448,0.158220195646147,0.000640721342370703,0.0455381819347303,"IGLV3-27","IGKV3D-20","IGKV1-8","IGKV6D-21","IGLV4-60","IGKV1-27","IGKV2-29","IGLV5-45","IGKV1D-43","IGLV8-61"
"CD4__F018","CD4",0.0217677484161225,0.137192535990712,0.0142580754941905,0.12426412111789,"CLDN5","CH25H","RGS16","GREM2","SPTSSB","SOCS3","ENSG00000267737","HDGFL3","SBNO2","MYB"
"CD4__F019","CD4",0.00618491875382597,0.229509809843964,0.00817617403946832,0.0286598567509896,"IGLV1-36","IGKV1D-17","IGKV1-16","IGHV3-48","IGLV6-57","IGKV3D-20","IGHV1-69-2","IGHV3-74","IGKV1-6","IGLV3-27"
"CD4__F020","CD4",0.0058791337336493,0.0908742832966782,0.00992499908253647,0.00925830460261419,"IQCE","MAL-AS1","IGSF22","ENSG00000287382","MYO15B","FES","LINC01431","FAM161B","USP18","PILRB"
"CD4__F021","CD4",0.0054492837502443,0.0935053004144259,0.000502565583508192,0.0247144597494097,"ZBTB16","PYCR1","FAM3C","ENSG00000266302","ENSG00000287382","MYO1B","SBNO2","SERPINB9P1","FAM89A","PLAGL2"
"CD4__F022","CD4",0.00504594424854953,0.209765045220498,0.00230413871865936,0.00973586875148581,"IGHV3-74","IGLV10-54","IGLV7-46","IGKV1-27","IGKV1D-13","IGKV1D-8","IGHV3-73","IGKV3D-11","IGHV4-4","HBB"
"CD4__F023","CD4",0.00588098858387134,0.143238187714846,0.00701093003089148,0.0342065866906706,"FANK1","CCR8","TNFRSF9","CCR10","SEMA3G","LINC02195","PMCH","DUSP4","ANKS1B","LINC02694"
"CD4__F024","CD4",0.00499481691469105,0.231414462999994,0.00305927159398078,0.0184014004249656,"IGKV6D-21","IGKV6-21","IGHV5-10-1","IGHV1-69-2","IGKV2D-30","IGLV3-9","IGHV1-12","IGHV2-26","ENSG00000275063","IGLV2-18"
"CD4__F025","CD4",0.00421772996508597,0.0987829894767448,0.00453673270814133,0.0149766638591432,"TAF12-DT","SLC1A3-AS1","SLC27A2","ZNF687-AS1","AVPI1","ENSG00000256084","ADHFE1","RAB11FIP5","MVK","CALCB"
"CD4__F026","CD4",0.00431123867405762,0.258029755793769,0.00706486141832359,0.0212120104748204,"IGLV5-45","IGHV3-73","IGKV2-29","IGKV1D-16","IGHV1-12","IGKV2D-30","IGLV3-21","IGLV4-3","IGHV7-4-1","IGLV4-60"
"CD4__F027","CD4",0.00366758099716772,0.106474324936142,0.0644047442697494,0.180997850317723,"FZD6","MSC","JAM3","NAGS","RGMB","TMEM250","ST20-AS1","KLHL3","ZNF823","EEIG2"
"CD4__F028","CD4",0.0034408787863502,0.101091437420928,2.33520241721493e-05,0.0415492126810794,"ZNF816-ZNF321P","ZBTB22","ABCA2","THORLNC","FKRP","CAMKK1","SNRK-AS1","ENPP2","LINC01431","MEF2D"
"CD4__F029","CD4",0.00618100913378725,0.280020667807459,0.00146461799496466,0.0261005306876911,"IGKV2D-29","IGLV1-41","IGHV1-45","IGLV5-45","IGHV4-4","IGLV7-43","IGLV3-27","IGHV2-70D","IGKV2-29","IGHV5-10-1"
"CD4__F030","CD4",0.00423201759195513,0.108171944984348,0.0159928927665918,0.004967500611785,"CH25H","PLEKHF1","DUSP8","SDR42E1","DUSP10","ID3","ZNF595","FOSL2","HSPA1B","LINC02295"
"CD8__F001","CD8",0.0959667418720911,0.0767416126188094,0.0653340570353235,0.05349784483407,"REG4","LRRN3","ZNF667-AS1","LEF1-AS1","ADTRP","SCML1","TMIGD2","CCR7","TCEA3","CD248"
"CD8__F002","CD8",0.0745420317188307,0.139652676253293,0.000473705254664829,0.0371615057189627,"UHRF1","PKMYT1","MCM10","CCNB2","HMMR","MND1","CDCA5","DLGAP5","CCNA2","TYMS"
"CD8__F003","CD8",0.052882410077835,0.110057007853132,0.000170557582056135,0.0102110055780696,"PCSK1N","PDF","CHCHD10","HPCAL1","GET4","CCDC85B","RSAD1","LYSMD2","CTSF","FDX1"
"CD8__F004","CD8",0.0386041285038384,0.0616013800911727,0.129050380773237,0.0750532762019234,"NR4A2","MLC1","ENC1","DDN-AS1","CISH","MZF1-AS1","METRNL","LLGL2","MORN3","H2BC18"
"CD8__F005","CD8",0.0344956362591057,0.102489096072951,0.0139466410029849,0.031478938145059,"PARS2","TNFAIP8L2","ENC1","METRNL","CISH","AREG","RGS1","TENT5C","C14orf119","ENSG00000261526"
"CD8__F006","CD8",0.0294750432896456,0.155867008431899,0.022257231307418,0.0628226562702529,"IGKV1D-16","IGHV1-69-2","IGKV6-21","IGKV3D-20","IGHV1-69D","IGHV4-31","RNASE2","IGLV10-54","IGLV3-21","IGLV3-9"
"CD8__F007","CD8",0.0175837463486003,0.168531604845001,0.0229415907538499,0.0535150265567264,"CCR8","NEFL","TNFRSF4","LINC02762","PTGDR2","ZP1","IL2RA","LINC00824","PI16","SNHG18"
"CD8__F008","CD8",0.0140895770500587,0.0784812531028881,0.0536329030217396,0.0113965830044936,"TRAV12-2","ZNF470","TRBV7-7","ARHGAP19","TRGC2","NR4A2","F2R","DHX34","TNFSF13B","DUSP2"
"CD8__F009","CD8",0.0194579821398917,0.432623051030721,0.011377976112824,0.0448860051787719,"USP9Y","DDX3Y","UTY","EIF1AY","KDM5D","RPS4Y1","XIST","ZFY","PRKY","LINC00278"
"CD8__F010","CD8",0.0122800965130683,0.256154975797968,0.0128295869087932,0.0108229367443871,"IFI44L","RSAD2","IFIT1","IFIT3","CMPK2","LAMP3","MX1-AS1","USP18","OAS1","OAS3"
"CD8__F011","CD8",0.0115369064901213,0.0806455140609057,0.0638452813796833,0.0314124659623663,"LRRN3","PDGFB","SLC35A1","ADORA2A","ENSG00000274767","TNFRSF10A-DT","TRIM32","ROBO3","LMBR1","SIAH2"
"CD8__F012","CD8",0.0104998920269348,0.11027860320161,0.0140665452328926,0.0466581600902457,"CMKLR1","SLC1A7","PALLD","ENSG00000276241","FEZ1","GPR141","CXCR2","LILRB1","FCRL3","PRSS23"
"CD8__F013","CD8",0.00963221451699518,0.0852706315962085,0.00128691637019525,0.0742324148930141,"NEXN","SBNO2","ZNF683","STK3","TRAV10","MDS2","TPTEP2-CSNK1E","CD59","BCL3","SLC4A4"
"CD8__F014","CD8",0.00961942650010602,0.0876283743022349,0.00449617180002368,0.00901769117890534,"IGLV1-41","TRBV6-2","MS4A1","IGLV7-43","AUTS2","LINC02195","PNMA1","CHKB-DT","REPIN1","ZNF577"
"CD8__F015","CD8",0.00908890982212473,0.0844193175067295,0.0248276255511551,0.0500967097904386,"FOSL2","USP12","NUP107-DT","CIMAP1B","LINC01882","CHAC2","TRBV29-1","ZNF174","ITM2C","ATP13A4"
"CD8__F016","CD8",0.00855847212300344,0.0850426135326443,0.00407850131580264,0.0338467172483372,"EPHA1-AS1","IFNG-AS1","SNHG25","HDAC4-AS1","NRIP3","MYLK-AS1","ABO","AJM1","HIPK1-AS1","PTGDS"
"CD8__F017","CD8",0.0064052960688039,0.0974462016626996,0.00547704704844351,0.00674715881749796,"ZNF595","H2BC11","GPR137B","ZGRF1","APBB3","LINC00921","DOHH","FAM131A","LSM14B","ENSG00000214719"
"CD8__F018","CD8",0.00684867290952517,0.0936143897847694,0.000816015498127719,0.05021729521683,"RAB11B-AS1","TRBV12-3","SLC40A1","STK11","C1orf56","H1-10","KLRC4","PIP4P1","KYNU","CCDC122"
"CD8__F019","CD8",0.00649019831532083,0.114919620296012,0.000106839600432406,0.0426567526280168,"CH25H","ENSG00000267737","PRCD","IFNG-AS1","HDGFL3","ADTRP","SOCS3","LINC00239","C16orf74","TBC1D8B"
"CD8__F020","CD8",0.00561558414694515,0.0993024451266002,0.00269953243716937,0.0565368387885766,"ENSG00000237773","THOP1","HERPUD2-AS1","KAT2A","SUGT1-DT","XYLT1","POLR3G","EFCAB11","TRIM32","TRAV6"
"CD8__F021","CD8",0.00711344597827026,0.0948313452916842,0.0374780805076122,0.0471434292849185,"TRAV30","CLECL1P","ENSG00000274422","EFCAB13","ZNF117","SYNM","CDC14B","ZKSCAN7","KLC1","FCGR2B"
"CD8__F022","CD8",0.0070547185421334,0.0998613707659626,0.00826989882745695,0.114479226604856,"TMEM229B","SH2B3","TRBV30","NENF","TMC4","LINC00299","TLR3","IGKV1D-17","ACVR1","ENSG00000277324"
"CD8__F023","CD8",0.00576969654871723,0.0974879159759846,0.0817555154029048,0.0273979454329038,"ARRDC3-AS1","PANX1","LY86","TRAV38-1","ZNF606-AS1","IL1R2","INAFM1","ENSG00000230551","CLIC5","ENSG00000260711"
"CD8__F024","CD8",0.0103015959087516,0.189749123450976,0.0140960073502874,0.0260597306500017,"IGHV5-10-1","IGKV1-27","IGHV2-70","IGLV5-45","IGHV5-51","IGKV3D-20","IGLV3-10","IGHV3-33","IGKV1-16","IGKV1-17"
"CD8__F025","CD8",0.00626944708975544,0.0939903444410275,0.0375719476388419,0.0327619846606107,"LILRB3","ENSG00000283674","KCTD6","KNTC1","RASGRF2","TRAV38-1","WSB2","DNAI2","HAR1B","NHSL2"
"CD8__F026","CD8",0.0061657723008818,0.0966829130485603,0.0456740686836774,0.00389971533507758,"ENSG00000249856","SLC1A7","NPM2","SV2A","MS4A1","FMN1","PROK2","CYTH3","TM4SF19","PYROXD2"
"CD8__F027","CD8",0.00494530822120789,0.104544150429883,0.000766113837296599,0.0538452650747647,"IFNLR1","CACFD1","NFKBIE","PLCB1","ABHD12","IGHV3-66","LAT2","TMEM30A-DT","KIF5C","TRAV8-4"
"CD8__F028","CD8",0.00555495834176555,0.0935059643355571,4.37395745777471e-05,0.0180444035533039,"CALCB","PLAGL2","TIMM29","FAM161B","SIPA1L3","LINC00205","CFAP44","CENPBD1P","LINC02964","H1-1"
"CD8__F029","CD8",0.00656042660428915,0.0939540665005126,0.005999164864735,0.0670416765674196,"TSPAN14-AS1","RHEBL1","ALG10","PTPN23-DT","DOK3","SNHG18","RAB13","ZNF280B","ZDBF2","PLPP1"
"CD8__F030","CD8",0.0047546869585606,0.0973228852465989,4.5183277148623e-05,0.0115347332121942,"ZNF441","ZNF764","MFSD3","MFSD4B","ENSG00000267383","MYL5","NCKAP5L","SALL2","CDKL5","EIF2AK3-DT"
"B__F001","B",0.0559134557167323,0.0897805914281257,0.00970231521221801,0.00482855219167587,"CCDC85B","HPCAL1","ANTKMT","CHCHD10","FAM110A","BORCS6","EPN1","NUDT8","GET4","FDX1"
"B__F002","B",0.0631332702374936,0.0469225001893486,0.115001681542393,0.0195635614627374,"ENSG00000224610","LIX1-AS1","INPP4B","ENSG00000287382","ZBTB10","NIPAL4","FAM111B","KLF11","ENSG00000257386","ENSG00000275645"
"B__F003","B",0.0316174085384093,0.0918961631216883,0.00269828045048681,0.0341329936054639,"ENSG00000232891","PER1","TNFAIP8L2","TLR9","TAMALIN","PRICKLE1","TMEM187","ENSG00000273338","SNAI3","ZNF835"
"B__F004","B",0.0232125732370602,0.0848096913867421,0.0121656340463597,0.0210384222346863,"CALHM2","ENSG00000287097","PPFIBP1","SNED1","C8orf88","MGLL","COL4A4","COL4A3","COPDA1","BHLHE41"
"B__F005","B",0.0118090093659964,0.190298300070223,0.0184384584141453,0.00380342858220836,"IFI44L","IFIT1","IFIT3","CMPK2","USP18","ENSG00000273272","RSAD2","OASL","OAS3","MX1-AS1"
"B__F006","B",0.0143876185439426,0.379284477973442,9.75090604253986e-05,0.0435461061276052,"EIF1AY","USP9Y","UTY","DDX3Y","KDM5D","RPS4Y1","XIST","ZFY","LINC00278","RPS4Y2"
"B__F007","B",0.0114924309912005,0.081409448706287,0.0129514295688925,0.0192369808620278,"ZRANB1","IGHV4-4","NMT2","DRAM1","ENSG00000260719","TRABD2A","IGHV1-3","IGKV2-26","KLC1","ZNF200"
"B__F008","B",0.0126699205718678,0.0924835377466477,0.00105743147819624,0.109260680565925,"IGHV1-69-2","IFI27","PLBD1","RNASE1","IGKV3D-20","CD163","RNASE2","FPR1","IGKV6-21","MCEMP1"
"B__F009","B",0.0113456830319985,0.081983635788071,0.00965245548110097,0.0411334961668364,"IGLC7","VSIG1","TEX9","ELL3","ACRBP","PFKFB2","ARHGEF35-AS1","CBR3","TNFSF8","KCTD7"
"B__F010","B",0.0103432096287068,0.0865900800523393,0.00104868183369349,0.00724564207765695,"ENSG00000254802","ATP7A","ZNF320","EXOC6B","SMPD1","NIPBL-DT","LINC01806","REM2","GAMT","GCC2-AS1"
"B__F011","B",0.00937611902343826,0.0908411578231664,0.000503018533728065,0.0100220810062703,"ZNF528","TULP3","C6orf120","ABHD11","CSNK1G2","SIK3","CSF2RB","EPHX2","GPR155","RASSF6"
"B__F012","B",0.010174505381699,0.0866060623500517,0.0114930229987082,0.0324001913030069,"MTCH1","IGHV2-26","CD247","AK8","CNN3","ENSG00000254531","SNX16","TMTC4","ATP23","TMC3-AS1"
"B__F013","B",0.00873939469586964,0.084880695141155,0.0145747236997512,0.0112788008840822,"CBX4","FRY","PLXNA3","RNASE2","GMDS","IGLV3-16","H2BC18","HCG11","PDE8A","ENSG00000284634"
"B__F014","B",0.00977219043219848,0.0834422152523657,0.019385593628946,0.03235214911305,"GSR","FCRLB","FAM174A","RNF115","RUSF1","ENSG00000232124","NUGGC","EIF2AK3","SLC39A8","IGLV9-49"
"B__F015","B",0.0099630015143762,0.0822858905691227,0.0175984811676621,0.029922942231346,"PCGF3","TMCO6","TAPT1","LINC00528","ABCB1","IGLV2-5","ZNF582-DT","PIP5K1C","UBE2T","AFAP1L2"
"B__F016","B",0.00917803626145947,0.0866680749225675,0.000581393946472391,0.0445604661303352,"ENSG00000277856","ZNF264","IGHV3-64D","IGSF6","AGER","FUT8-AS1","AHR","MBTPS1-DT","VAC14","RTTN"
"B__F017","B",0.0110336563049611,0.0806451328513638,0.0577210328068892,0.0111741562815854,"CCDC7","IGHV3-73","NINJ2-AS1","ARSD","IGKV1-16","CHROMR","ZNF485","FBXL18","NABP1","FANCI"
"B__F018","B",0.00809447617205241,0.0863698066301655,0.00219942417889359,0.0177169876739727,"FAM111B","NME4","ZNF658","PCYOX1","SSU72-AS1","SFMBT2","LRRC8C-DT","PTBP2","FPR1","KAT14"
"B__F019","B",0.00940650637526258,0.0871394535696293,0.0620681159863119,0.0252822570113327,"ANKH","TRAPPC12","MBLAC2","SLX4IP","FDX1","SORL1","UBA5","FAM219B","EHD3","EMC8"
"B__F020","B",0.00811552835585365,0.0888633348410437,0.0647611288102514,0.123922931101562,"ATP11A","PSPH","PRPF40B","PIM3","SULT1A1","USP22","MBOAT1","GET1","GET4","PGRMC2"
"B__F021","B",0.00833114496922823,0.0838862320325316,0.0681452969344286,0.00621766599677087,"ZNF12","N6AMT1","EHD4","ZNF595","COQ3","MAP3K11","RCC1L","CCDC77","ENSG00000277856","HECTD3"
"B__F022","B",0.00864389114375132,0.084052866345412,8.58938397477388e-05,0.0248473116412474,"TIGAR","IGHV1-24","WDR5","AICDA","AP1S3","CAPN10-DT","SLC25A16","TNKS","GPR180","CCDC92"
"B__F023","B",0.00790910481077313,0.0840538967429522,0.00490699935148305,0.0216464566948853,"AKT1S1","FZR1","SGK3","AKT3","DTX3","IGHV3-53","ST3GAL3","CFAP410","ATP8B1","VAC14"
"B__F024","B",0.00765790143207197,0.0901399008490727,0.00604428967084897,0.0174274621354436,"LRRC8C-DT","DCAF15","RAP2B","SMPD2","PARL","CRIP2","ZFYVE19","ZNF485","TMEM260","ZNF45"
"B__F025","B",0.00799715135679474,0.0855422617269212,0.0317689011690951,0.0231173897351881,"ATP2A1-AS1","FAM199X","WSB2","SLC36A4","ENSG00000257225","PLCXD1","INTS1","NBEA","PCNX2","NCAPG2"
"B__F026","B",0.00756047248957162,0.0848236576008029,0.00146254604833313,0.00932261582701395,"ZBTB39","IGLV2-5","IGKV5-2","SLC2A8","ENSG00000277969","MTMR8","IGHV1-24","PROSER1","TP53BP2","IGLVI-70"
"B__F027","B",0.00653638054601705,0.0852103123557187,0.0180562951974137,0.0261094040726103,"SSX2IP","ZBTB45","ZNF438","AP4E1","ZNF248-AS1","LINC00847","ZNF461","CSNK1G2","COL9A2","DPF3"
"B__F028","B",0.00998532645816944,0.0838284435920119,0.0384614602488276,0.0165330777255988,"IGHE","CRIP3","ABHD11","IGHV3-11","TAF10","GNG3","HIVEP3","USP53","GATD3","PKHD1L1"
"B__F029","B",0.00568549128618047,0.0883952528463182,0.0255858260015557,0.0334207170221647,"AP4E1","CFAP418","PHOSPHO2","PDCD7","STXBP4","HERC6","ENSG00000285756","NDC1","TRIB3","ZSWIM6"
"B__F030","B",0.00579255139175083,0.0857483189253037,0.0711670490307032,0.10400112621883,"NFXL1","TK1","IGHV3-20","RGS3","PLAG1","IGKV1-16","NPHP1","SERPINF1","TRAPPC12","C17orf100"
"NK__F001","NK",0.068668928220888,0.0481186719422485,0.247498350555104,0.0111800085387941,"ZMAT4","NR4A3","XPC-AS1","RANBP17","ZNF473","ENSG00000287175","CACNA2D2","EXOC6B","ENSG00000285646","COL13A1"
"NK__F002","NK",0.0471458043457523,0.159539492179465,0.0309095128925558,0.0496939943147371,"BIRC5","CDK1","PKMYT1","MKI67","TYMS","TROAP","TOP2A","CKAP2L","UBE2C","DLGAP5"
"NK__F003","NK",0.0420925373864148,0.103941307910222,0.0225998722269959,0.00843237595648528,"ANTKMT","HPCAL1","TIMM29","PDF","RSAD1","CCDC85B","GET4","FDX1","CHCHD10","LYSMD2"
"NK__F004","NK",0.038014629374942,0.104313958214486,0.00967570922459819,0.0160086821737159,"RGS1","CISH","RELB","DDN-AS1","TENT5C","NR4A3","ENSG00000273338","MAFF","PER1","B3GNT7"
"NK__F005","NK",0.0323960064223816,0.156821796899942,0.0215778232868824,0.0505745858410378,"IGHV1-69D","IGKV3D-20","IGHV4-31","IGKV1D-16","IGLV3-21","IGHV1-69-2","IGHV3-48","IGLV1-41","IGHV5-51","IGKV6-21"
"NK__F006","NK",0.013221541471541,0.199696254521655,0.027817227384706,0.0271018096794424,"IFI44L","RSAD2","IFIT1","CMPK2","MX1-AS1","IFIT3","MX1","ERICH3","OAS3","USP18"
"NK__F007","NK",0.0169750258898052,0.151456089080568,7.47726554015036e-05,0.0347152715234679,"LAG3","LINC00944","ENSG00000287097","MCOLN2","TPRG1","LINC02446","LINC03057","PERP","PTPRM","CD70"
"NK__F008","NK",0.0136443182736388,0.0792245128124572,0.0233897585436432,0.0250160150029079,"ENSG00000227486","TENM1","CARMIL3","KLRC4","NDUFB2-AS1","JOSD1","SPMIP4","ENSG00000274422","PPFIBP2","ATG4D"
"NK__F009","NK",0.0124604792781375,0.0924267815800372,0.0445716591086453,0.059292860929762,"INPP4B","GZMK","GPR82","SPTSSB","XCL1","SIRPG","CRTAM","GAB1","PTGDS","CNR2"
"NK__F010","NK",0.0112849611778604,0.0841260135127816,0.00115302553325902,0.0990485514111724,"FBXL19","IGHV2-70","ENSG00000261840","TMSB4Y","NACC2","ARRDC3-AS1","SKI","ZNF596","DHFR2","FAM118A"
"NK__F011","NK",0.0156768471585833,0.405378291529317,0.0390077323691359,0.0407564071533574,"USP9Y","UTY","DDX3Y","XIST","EIF1AY","ZFY","RPS4Y1","KDM5D","PRKY","LINC00278"
"NK__F012","NK",0.0115569240326519,0.0822766715527575,0.0065759392322884,0.0271091877833365,"DPP4","C2CD2","SETD1A","SPTSSB","H2AC19","COQ10A","SPAG8","MS4A1","TRIM66","PPT2"
"NK__F013","NK",0.0112495192882414,0.0832708775358875,0.0288643447280468,0.0924848149282504,"ZNF672","THEMIS","LNROP","PLAUR","MS4A7","PLXDC2","CEP128","ENSG00000237188","ENSG00000174171","SLC4A4"
"NK__F014","NK",0.00964621002741504,0.0895085751742776,0.00331060674346743,0.100627374827341,"HSPA1B","FEM1C","TLE3","PSMC3IP","MSANTD7","CDK19","UVSSA","DENND5A","ADO","ZEB2-AS1"
"NK__F015","NK",0.0112702071358501,0.0839552892638049,2.86621610622291e-05,0.019879904835386,"RUNX2","CBY1","CCDC112","POU2AF1","NEXN","CD68","ENSG00000260077","PITHD1","UBAC2-AS1","NUP50-DT"
"NK__F016","NK",0.00928834658264084,0.0885978073132028,0.000549382599744165,0.0336092753542431,"GRAMD2B","ENSG00000274104","ZNF57","THOP1","AP4M1","SLC29A1","GTPBP2","B3GNT7","HOMER2","PKD2L2-DT"
"NK__F017","NK",0.00954185544790213,0.0851515525911031,0.026679122440459,0.0271306982642666,"DEXI","DDHD1-DT","CYP4V2","ENSG00000276412","JPT2","AMOT","TAFAZZIN","AFG1L","LRRC47","PIP4P1"
"NK__F018","NK",0.00909142917923586,0.089198223270604,0.0179714755100208,0.0349146557608879,"SGSM2","PPTC7","ZNF286A","ENSG00000271918","IGKV1-27","PPP1R35","NADK2","ENSG00000274021","ACVR2A","APPBP2"
"NK__F019","NK",0.00776729989008929,0.0884692063689135,0.0652018410590635,0.0334827457542857,"RSAD1","ENSG00000276241","SGPP1","ZNF530","TNFRSF14-AS1","DCLRE1B","PCDH9","IRF2-DT","C19orf73","MNT"
"NK__F020","NK",0.00945013047662508,0.0839487778820498,0.0053187854705099,0.00577771902876687,"ZNF263","CYFIP1","TECPR2","LYSMD2","TRAPPC14","SGK1","ZNF232","ZNF354C","COA7","SH2D3A"
"NK__F021","NK",0.00977776412791203,0.0824993306458641,0.019681738519623,0.0798987593508397,"FADS1","MARCKSL1","CCDC24","RRAS2","MACIR","ZNF580","ZNF599","ROPN1L","DNAI2","ZNF548"
"NK__F022","NK",0.00885529222022661,0.0857116992748674,0.000623285540462151,0.049104956241205,"ENSG00000287733","SGK1","ACAD11","ATP8B3","ENSG00000287070","HAPSTR1","CCDC77","SHLD3","ZYG11B","ZKSCAN8"
"NK__F023","NK",0.00957063316878855,0.0854149321887018,0.00523289129346998,0.037208446476881,"NOD2","TMED8","NHEJ1","SMCO4","RBAK-RBAKDN","RETN","ZSCAN18","GCFC2","ENSG00000215765","ZBTB10"
"NK__F024","NK",0.00803649024965042,0.0832560196520746,1.09189042975306e-08,0.1101145893391,"LINC02977","ZNF12","OTUD7B","ZFHX3","PKMYT1","CD83","RRP9","MAGEF1","MEST","TBC1D24"
"NK__F025","NK",0.0105600339127383,0.0874530871398288,0.025185211980545,0.0180822446756724,"AUH","IFT70B","LETM1","CCDC50","ZNF763","DGKK","EFNA4","VIT","ENSG00000259865","FBXW9"
"NK__F026","NK",0.0082103451203795,0.0898873567106106,0.0608948025015039,0.00917736235823811,"AGAP1","BCORL1","GDPGP1","GOLGA8A","ZNF362","NOM1","MTBP","ENSG00000276900","MIRLET7A1HG","POFUT2"
"NK__F027","NK",0.00781566512112909,0.0894327992002506,0.00664850804414529,0.0116960250571597,"RBKS","IGLL5","BTBD8","SLC17A9","ATP8B3","TACO1","ERMN","PMF1","FAM120C","ZNF793"
"NK__F028","NK",0.00800561660851564,0.0922311106898427,9.20112511054218e-05,0.0553289634085802,"ZNF765","CLUH","CCL3-AS1","ZNF440","ZNF79","ARMC5","LDB1","SLC22A5","ESRRA","AEBP1"
"NK__F029","NK",0.0105379893111786,0.0843798052280323,0.0608544044621615,0.0427272786315588,"APOM","LINC02980","NDUFV2-AS1","DDX51","LINC00115","ZNF623","LMBR1","PIK3R3","ZNF296","CTNNBIP1"
"NK__F030","NK",0.00672841956484137,0.0916078683114987,0.000190509215057962,0.042446912430611,"IFFO1","HDAC11","CAPN10-DT","ENSG00000272449","KRT86","MGAM","GCSH","TROAP","DYNLT2B","CFAP410"
"cMono__F001","cMono",0.13416689298517,0.0880593922930453,0.0149498344368042,0.0648480752562034,"TMT1B","CLU","FAM20A","ADAMTS2","CYP19A1","TROAP","SLC39A8","TPST1","HP","PID1"
"cMono__F002","cMono",0.0887238351457839,0.169429351742282,0.00172863877007319,0.0110552798462223,"OTOF","SIGLEC1","RSAD2","IFI44L","IFIT1","USP18","IFI27","LGALS3BP","SERPING1","IFIT3"
"cMono__F003","cMono",0.0590846354391479,0.100782440506937,0.0382060237499865,0.0215604743171744,"ID1","RGCC","FOSL1","G0S2","HBEGF","MAFF","GIMAP8","TNFRSF12A","NAB2","PRR7"
"cMono__F004","cMono",0.0467803429104739,0.0529735637039247,0.374657358575184,0.066009999775407,"XIST","LMTK2","USP49","TMEM8B","FAM157D","MIR497HG","CHD7","ANGEL1","SPAG5-AS1","PTK6"
"cMono__F005","cMono",0.0355877240931065,0.248801051430005,0.0277849363231482,0.0477267825390158,"IGKV3D-20","IGLV1-41","IGHV1-69D","IGHV4-31","IGLV3-21","IGKV1D-16","IGLV3-9","IGHV5-51","IGKV1-16","IGHV2-70"
"cMono__F006","cMono",0.0303879690708572,0.125112281881329,0.00654568984478322,0.0630397150950524,"GTSE1","PRTN3","CDC20","CEP55","BIRC5","CCNB1","TPX2","PLK1","CENPF","HMMR"
"cMono__F007","cMono",0.0187203387359847,0.0687070505310595,0.000690392008687744,0.135024948059082,"IRAG1","HBEGF","ATOH8","ARPC5L","CD180","PALLD","CYSLTR1","IGKV1D-8","PHF23","PTPRN2-AS1"
"cMono__F008","cMono",0.0199204229098867,0.460197709293934,0.0243090709460712,0.0390650443903921,"XIST","UTY","EIF1AY","RPS4Y1","DDX3Y","LINC00278","KDM5D","ZFY","PRKY","USP9Y"
"cMono__F009","cMono",0.0190981170449609,0.172101227965735,0.000169746143657639,0.0100934234682078,"PDF","ANTKMT","ZNF428","IGHV3-74","ENSG00000272277","IGLV3-10","GET4","CCDC85B","TMEM160","IGKV2D-30"
"cMono__F010","cMono",0.0122132068520503,0.0798490028601886,0.000375789205825808,0.0593621640567084,"GSTM3","ERO1B","LGALS3BP","PTX3","JAK3","RASGEF1B","ENSG00000287733","TSPAN2","SC5D","IGLV2-8"
"cMono__F011","cMono",0.012617458313212,0.139905609453313,0.0272841760659165,0.0465812855749111,"APOL4","ANKRD22","SLAMF8","C1QA","IQSEC3-AS2","SLAMF7","GBP5","OTOF","HAPLN3","AIM2"
"cMono__F012","cMono",0.0104502925244892,0.0826864433221529,0.00224473846347428,0.0186568582020618,"LY6S-AS1","C1orf54","IFI27","IGKV3D-20","LINC02482","FXYD1","ENSG00000258745","LGALS3BP","ZSCAN9","ZNF439"
"cMono__F013","cMono",0.0111063149495405,0.11233417505972,0.0734891790566462,0.0520501522814944,"LMNA","VSIG4","FCGR3A","FPR3","OLFML2B","C1QA","EMP1","MGLL","PTPN13","CCR5"
"cMono__F014","cMono",0.0192451969535376,0.190986506071418,0.0217915139341941,0.0114547526710468,"IL1R2","ALOX15B","AREG","MFGE8","ADAMTS2","VSIG4","TMIGD3","DAAM2","THBS1","DDIT4"
"cMono__F015","cMono",0.00609288749855393,0.0932853697466732,0.000365534204867487,0.0117385273555879,"ENSG00000272717","GATD3","CMTM2","ENSG00000286887","TSGA10","TRPM4","ZC2HC1A","ENSG00000273748","MARCKSL1","ZNF548"
"cMono__F016","cMono",0.00669604753766061,0.134885107216641,0.000390530136618263,0.0207720253841918,"IGLV1-41","IGKV1D-17","IGKV1D-13","IGKV1-27","IGHV3-73","IGKV1D-8","HBB","IGLV7-46","IGKV1-9","IGLV4-69"
"cMono__F017","cMono",0.00590466920063585,0.104878174965125,0.0120061402063208,0.0213408328582377,"TPPP3","ADGRG3","DNAJA4","ENSG00000267632","CRYZ","ZDHHC1","FCGR3B","ENSG00000288156","FCGR2B","GGT1"
"cMono__F018","cMono",0.0073352432983337,0.158718589709087,0.00182461926905641,0.0141995727195478,"DUSP2","CXCL8","CCL3","EGR2","IL1B","CD83","CXCL2","RGCC","PTGS2","EGR3"
"cMono__F019","cMono",0.00466696314971955,0.102294102398373,0.000832391326353037,0.0285050004078876,"CXCL10","GLDN","LMNA","SYTL1","KCNMA1","CXCL9","ETV7","GPR34","NHERF2","GBP1"
"cMono__F020","cMono",0.00513912837275713,0.0994076405026389,0.00647914488066241,0.0309367881818253,"WDR54","RUNX2","NEDD4L","PDK4-AS1","ENSG00000232063","HSBP1L1","AURKA","AHI1","MYLK","ZNF614"
"cMono__F021","cMono",0.00357230299617689,0.170888343424481,0.0162278582779473,0.0189270628392702,"SIGLEC1","IFI44L","MX1","CCL2","AXL","EPSTI1","IFI6","LY6E","TGM1","OAS3"
"cMono__F022","cMono",0.00487827113190617,0.10083247412536,0.0111547817963931,0.00272276246651826,"MXD3","MVB12B","CCDC77","BIRC5","CDKN2A","KCTD17","GIPC1","ERV3-1","KCNH3","SYCP2"
"cMono__F023","cMono",0.00490909222640448,0.102792902797587,0.015621928355878,0.0730185625774586,"ABCG1","TMCC3","CEACAM3","CXCL1","DOCK1","FAM110B","UGDH-AS1","EDNRB","DHCR24","ABCA1"
"cMono__F024","cMono",0.00701188023077666,0.0920069897670026,0.0183192792099871,0.040436465839689,"USP35","ENSG00000287296","SERPINF1","LITATS1","TMEM51","EPM2A-DT","ENSG00000260077","ENSG00000251259","HOPX","ENSG00000271254"
"cMono__F025","cMono",0.00665296348136081,0.134815736334425,0.00555817359056586,0.0574230276595029,"IGLV4-69","IGKV6D-21","IGKV1-8","IGLV6-57","IGLV3-9","IGHV2-26","IGLV7-43","IGHV3-30","IGHV3-11","IGLV1-40"
"cMono__F026","cMono",0.00413949487099975,0.293880519465074,0.00626608286247192,0.0265371812986156,"IGKV2D-29","IGKV1-27","IGHV4-4","IGKV6D-21","IGHV3-74","IGHV2-70","IGKV1-17","IGLV1-41","IGLV3-27","IGKV1D-8"
"cMono__F027","cMono",0.00484882929911816,0.107865823781269,0.117632484166679,0.00541289880636863,"CXCL3","PTGS2","CXCL2","OCLN","CERS4","PHLDA1","LAIR2","TNFRSF12A","ZNF555","CITED4"
"cMono__F028","cMono",0.00415348209550987,0.266425905210105,0.00209501134199598,0.0280741856787557,"IGLV1-36","IGLV3-27","IGHV1-69-2","IGKV3D-20","IGHV3-74","IGHV1-18","IGLV3-16","IGHV5-10-1","IGKV1D-17","IGKV1-6"
"cMono__F029","cMono",0.00439748291260952,0.304654983571382,0.00396307997057086,0.012915986705184,"IGHV5-10-1","IGLV5-45","IGHV1-45","IGKV2-29","IGHV4-4","IGHV2-70D","IGLV1-41","IGLV3-10","IGKV1D-16","IGHV5-51"
"cMono__F030","cMono",0.00342306584719763,0.253703448750183,0.00173923058865904,0.0209782915842105,"IGLV5-45","IGKV2-29","IGHV3-73","ENSG00000275063","IGKV6-21","IGHV7-4-1","IGLV3-27","IGLV2-23","IGLV3-9","IGKV1D-16"
"ncMono__F001","ncMono",0.0882846922655781,0.0543849080540144,0.0086615932620644,0.0174197804234941,"IFI27","SH2D1B","BHLHE40","KCNJ2","FILIP1L","G0S2","PPP1R17","LPL","ID1","ZNF17"
"ncMono__F002","ncMono",0.066316629418138,0.109849479252307,0.000801233750820581,0.0265704395986714,"VSIG4","LYPD2","IL1R2","CD163","RNASE1","FLT3","THBS1","UICLM","CLEC4E","ALOX15B"
"ncMono__F003","ncMono",0.0376104558853907,0.15386326514129,0.0454158404223494,0.0040359453435317,"RSAD2","OTOF","SIGLEC1","CXCL10","IFIT1","USP18","HESX1","SERPING1","TGM1","IFI44L"
"ncMono__F004","ncMono",0.0187048069468655,0.136635763501924,0.0271298930254444,0.00333079981610786,"HES4","ANTKMT","PDF","CCDC85B","GET4","ENSG00000272277","TMUB1","ZNF428","DOHH","ENSG00000275964"
"ncMono__F005","ncMono",0.0179571794737738,0.0909786603145524,0.0515494571793826,0.0383705725695647,"G0S2","ID1","GIMAP8","BHLHE40","CXXC5","SNAI3","GADD45A","MED18","SLC25A33","ENSG00000284292"
"ncMono__F006","ncMono",0.0174319827046926,0.117644518438134,0.0316331663970967,0.105725516008111,"TMT1B","ITGA7","HLA-DOA","ACKR3","ADM","DHRS9","AQP9","CETP","SLC39A8","RNASE1"
"ncMono__F007","ncMono",0.0172812807802878,0.210007729210913,0.0249404646321024,0.0520143827928577,"IGHV1-69D","IGLV3-21","IGHV5-51","IGHV4-31","IGHV3-48","IGKV2-24","IGKV3D-20","IGLV1-44","IGLV2-14","IGHV6-1"
"ncMono__F008","ncMono",0.0119356642639721,0.425880411829295,0.0129437783837435,0.0443205716058001,"EIF1AY","XIST","DDX3Y","UTY","RPS4Y1","LINC00278","KDM5D","ZFY","PRKY","USP9Y"
"ncMono__F009","ncMono",0.0098718302693913,0.115615902617171,0.000632531111035584,0.00314776395452478,"TMEM176A","ZBTB16","IL1R2","DUSP2","AREG","C15orf48","MFGE8","FLT3","TMEM176B","PTGS2"
"ncMono__F010","ncMono",0.00955453294723674,0.115602752349852,0.00439122286366829,0.0926876642314686,"ANKRD22","APOL4","HAPLN3","AIM2","MDK","IDO1","TGM2","APOBEC3D","PDCD1LG2","SLAMF7"
"ncMono__F011","ncMono",0.00927871940131346,0.0937530472022521,0.000629686393433084,0.0162129432656662,"MT1G","EMP1","PDLIM1","PLTP","ARRDC4","ENSG00000267364","ACE","FBXO31","ZMAT1","MT1H"
"ncMono__F012","ncMono",0.0081247374762737,0.10141484391591,0.00180384972556396,0.030117647850286,"HSPA1B","DYRK2","RMDN2","UTP15","LIG4","ENSG00000254531","PIGA","BCKDHB","TIRAP","FSD1L"
"ncMono__F013","ncMono",0.00779193302172742,0.101314181184452,0.0361567061701196,0.028479798919068,"CACFD1","HCAR3","KRT7","GPR84","SOCS5","P2RY6","STK39","IGKV1-27","CA2","HOXA1"
"ncMono__F014","ncMono",0.00771753528574895,0.106478506837899,0.00247131630399238,0.00931003297473027,"QPRT","DVL2","ZNF320","MSANTD7","TIAM2","MT1G","PALB2","CD63-AS1","ZNF548","SLC27A4"
"ncMono__F015","ncMono",0.00722457565015993,0.105774438176565,0.0301839820635896,0.0231239086678647,"PGLYRP2","TESK1","TNPO2","LINC02482","H2AC8","FAM221A","MMAA","BYSL","ZNF282","TLE1"
"ncMono__F016","ncMono",0.00712783368055089,0.109146591908681,0.0126737420321239,0.026636658465398,"BAZ2B-AS1","MFSD13A","CLEC4G","FNTB","MAST2","MAP1LC3A","LTB4R","CXCL8","ENSG00000272906","POLR1B"
"ncMono__F017","ncMono",0.00680482774034327,0.113498074863436,0.00758239570350851,0.0439269662822327,"NIFK-AS1","SDC3","ARHGAP6","IGHV1-2","UQCC6","FKBPL","RMDN2","NHERF2","IGHV5-51","GSTM2"
"ncMono__F018","ncMono",0.00645805096966228,0.108356694370976,0.000126726487370436,0.0344510264681098,"PRDM10","ERMN","ENSG00000258101","LINC02432","LRRC4","CLEC5A","FKTN","TNFRSF12A","CFAP119","FXN"
"ncMono__F019","ncMono",0.00658607912041,0.113392972093301,0.000822955949828754,0.0183539940412767,"KIF16B","ASB7","ENSG00000214719","ZNF254","CYP1B1-AS1","LINC02975","RUSC2","LHFPL2","HTD2","PTK2"
"ncMono__F020","ncMono",0.00645745746169284,0.106110119401818,0.000805841317561719,0.00757856042767534,"UNKL","S100B","GLT1D1","SYNGR1","TSC22D1","MICALL1","MLLT3","RPUSD2","SEZ6L","PLVAP"
"ncMono__F021","ncMono",0.00663935756014243,0.108421135757071,0.01851856203208,0.037151189645737,"SDC4","PTGS2","GSPT2","ACTR5","SHISA4","NINJ2-AS1","ENSG00000225963","IGLV2-11","ANKRD37","ZBTB49"
"ncMono__F022","ncMono",0.00587404109250851,0.109424587662515,0.0370741007569914,0.0116736536613942,"PRR7","SLC22A18AS","CLN6","CHCHD6","PLEKHA8","ZNF684","FADD","ENSG00000280206","TTC13","C16orf95"
"ncMono__F023","ncMono",0.00642302172956326,0.103122330977003,0.0240175065955532,0.0122072855018889,"ASAP1-IT2","LYPD2","RIOX1","LEPR","IRGQ","TBC1D12","MYL9","KLRD1","ANKRD50","CCDC7"
"ncMono__F024","ncMono",0.0063381238980315,0.114552739346333,0.00140084483247398,0.0904516621635503,"ANKRD28","CAPN3","CAMSAP2","ZCCHC4","DYRK2","PPARG","TMTC3","CHRNE","ENSG00000273017","FAM210A"
"ncMono__F025","ncMono",0.00730198642389168,0.103593440655552,0.00905306422859522,0.0070864760144829,"SGO2","PLA2G4A","ASAP1-IT2","PORCN","ZNF16","CLEC4D","BCORL1","ASB2","TIGD2","IKZF3"
"ncMono__F026","ncMono",0.00607110444562581,0.11469898656106,0.0176737832738325,0.0754550603062394,"TRIM68","AP1G2-AS1","AREG","MAGEH1","EID2","SLC2A8","STXBP5","PKP4","GPR174","SFTPD"
"ncMono__F027","ncMono",0.00629774830713634,0.109546375705884,0.00237644929209038,0.0122057642806024,"RFX3","SUPT3H","SMYD5","IL17RC","VASH1","KAZALD1","ZNF596","CLN6","STAG3L5P-PVRIG2P-PILRB","GCNT2"
"ncMono__F028","ncMono",0.00520206279388345,0.112482936147376,0.00206648230912639,0.0472819017656708,"IGHV1-3","HIVEP2","TAMM41","DOCK4","ZNF414","NT5DC2","CACNA2D3","DDHD2","PPP1R16B","ALKBH8"
"ncMono__F029","ncMono",0.005515665421728,0.113597618593222,0.00395870345671301,0.0219109866829906,"ST20","CD27","GPR18","COPRS","SLC38A5","FN1","CATIP-AS1","IL11RA","ITPKC","ZNF649"
"ncMono__F030","ncMono",0.00614359400833735,0.11207862717341,0.00790626168738961,0.0725653735805576,"BCL10-AS1","TRIM7","MAP3K6","ENSG00000286887","SLC1A4","OCRL","EID2","TRAF3IP2-AS1","RTN2","CSNK1E"
"DC__F001","DC",0.0830483110035675,0.0896832740122137,NA,0.0468736388089006,"TPM2","LINC00996","SMIM5","TCL1A","PACSIN1","PTGDS","CLEC4C","MAP1A","TSPAN13","MYBL2"
"DC__F002","DC",0.0480644414329349,0.0648462087806385,NA,0.00356568123223414,"GIMAP8","ZKSCAN4","MOCS3","FILIP1L","ID1","LCT-AS1","MED18","ZNF816","PHLDA2","HBEGF"
"DC__F003","DC",0.043536323397059,0.08334315371537,NA,0.176832856699036,"GRIP1","ENSG00000232628","PARM1","ENHO","TCEA3","C1QB","CLEC17A","FBLN2","CCSER1","ID3"
"DC__F004","DC",0.0260268470301938,0.113053966998726,NA,0.0343027830822174,"LRRC26","GET4","CHCHD10","HOXB2","C16orf86","ANTKMT","TIMM29","ASCL2","ABHD12","TMUB1"
"DC__F005","DC",0.0192951499519718,0.150963162224887,NA,0.0812981898211131,"IFI27","IFIT1","RSAD2","OTOF","IFIT3","IFI44L","USP18","SIGLEC1","CMPK2","LGALS3BP"
"DC__F006","DC",0.013465266956851,0.096083533649571,NA,0.150191328408034,"ID1","TPM2","IDO1","NHSL2","F5","PLA2G7","NHERF2","CISH","MCEMP1","SRPX"
"DC__F007","DC",0.0143256931574665,0.101293553961523,NA,0.18856160537703,"C1QB","MKI67","FAM20A","C1orf21","HPGD","CLU","TMT1B","AREG","CCND1","SLC1A3"
"DC__F008","DC",0.0091619148602956,0.0984356557178994,NA,0.0319925835519791,"PHEX","MXI1","ZNF211","DHCR7","COQ2","ERO1B","CRYM","FAM193B","IGKV2-30","SMOX"
"DC__F009","DC",0.00926697909517678,0.0937142814462478,NA,0.0655868910106625,"ENSG00000232807","PPP1R3B","ITM2C","TOR4A","ENSG00000267364","ZNF875","NDUFAF8","CD3D","WDR25","GZMB"
"DC__F010","DC",0.00909211938248442,0.101821942617724,NA,0.0305968802757582,"IRS2","DCAF10","AREG","HEXIM2-AS1","ANKRD42-DT","RELA-DT","TOMM40","AUH","ATPAF1","SGSM2"
"DC__F011","DC",0.00915832745426502,0.0955183936963785,NA,0.0394853097701551,"TNRC6C","DNASE1L3","RNF139-DT","COPB2-DT","TMOD2","SLF1","CXCR3","OASL","PTPN9","TASP1"
"DC__F012","DC",0.0081687650488241,0.104889653660378,NA,0.025503678717027,"SLC16A1","SPATA2L","SLC17A9","ENSG00000251131","PRMT6","PRAF2","ZNF347","RNASE3","PTCH2","IGLV5-45"
"DC__F013","DC",0.0103696585998858,0.346731394642679,NA,0.0576395314904555,"EIF1AY","DDX3Y","UTY","XIST","USP9Y","KDM5D","RPS4Y1","ZFY","LINC00278","TMSB4Y"
"DC__F014","DC",0.0159686682921392,0.129339931136597,NA,0.0423425977603942,"IGHV3-48","IGHV4-34","IGHV1-69D","IGLV3-21","IGHV4-31","IGLV2-8","IGHV3-21","IGLV1-47","IGLV2-14","IGLV6-57"
"DC__F015","DC",0.00793996435080923,0.108848089322568,NA,0.0662903695139371,"LINC02356","BCL2","TMEM181","UTP25","PTCRA","CDK18","ARHGAP24","ZNF576","ZNF439","MIR22HG"
"DC__F016","DC",0.00830911899661074,0.107599148135252,NA,0.0603422960917831,"LINC02207","MEX3C","PPP1R3B","CCZ1","WDR81","PRDM15","DEPTOR","CNFN","SCAI","MMRN1"
"DC__F017","DC",0.00761596852002384,0.102225261494012,NA,0.0617226022812133,"SLC22A5","POMGNT1","SLC2A8","ZNF347","KATNIP","EMC8","TMEM63B","PTPRS","ADAP1","KLC1"
"DC__F018","DC",0.00704936351143262,0.105460012704482,NA,0.0203158419478577,"LINC02724","MIPEP","CMSS1","LINC03011","RAP2C-AS1","TRAF3IP2","PTPN9","HDAC2-AS2","ZCCHC24","SLC22A15"
"DC__F019","DC",0.00705610478232472,0.105369019298075,NA,0.0333485028540989,"ZNF639","RAP2C-AS1","IGKV2-30","PTOV1","RHOB","CD5","DPCD","IGHV3-23","ZNF232","GCC1"
"DC__F020","DC",0.00655642639611907,0.104588782715318,NA,0.0443235296782808,"ZNF566","ZNF43","OSBPL5","SPPL2B","TMEM65","RPH3AL","PLAU","NOL9","BAHD1","FBXO41"
"DC__F021","DC",0.00695818432021608,0.107655176071213,NA,0.127587217856708,"GPR155","GUCY1A1","NUDT7","MHENCR","ENSG00000176320","POLR3D","LINC01226","KIF27","HELLS","KCTD19"
"DC__F022","DC",0.00512981705732752,0.107674719940844,NA,0.0536323214554402,"PSPH","OPRL1","SNHG12","ENSG00000226266","DUSP5","CFAP119","RAPGEF2","TIMM10B","TTC33","OAS3"
"DC__F023","DC",0.00684227228265931,0.101917562851439,NA,0.033798299360986,"C2orf49-DT","CUX2","SP4","LINC00665","CCDC85B","ZSCAN21","TOX2","ISYNA1","RABL3","LINC01023"
"DC__F024","DC",0.007772965581764,0.10871354326472,NA,0.0323564317742184,"AKTIP","FUT11","SLC38A7","ZDHHC21","LINC00174","SFXN5","LINC02352","AREG","RHBDD3","ENSG00000262265"
"PB__F001","PB",0.109124644581182,0.0378353827991406,0.108074301497721,0.0174110036395286,"ESPL1","TEDC2","MAPK14","CEP15","MVP-DT","DYNLT2B","GKAP1","CDC25A","NLK","TRAIP"
"PB__F002","PB",0.0319831173360822,0.0889254239502582,0.00135364286360737,0.125877942479031,"PDF","ANTKMT","HPCAL1","NUDT8","PXMP2","MSRA","GET4","ALKBH6","EBPL","PHF1"
"PB__F003","PB",0.0304651400829841,0.0968078725663084,0.00171493222009161,0.0287574227800805,"IFI44L","RSAD2","IFIT3","USP18","IFIT1","IFI44","LGALS9","MX1-AS1","XAF1","HERC6"
"PB__F004","PB",0.0205680210535064,0.0787964466976686,0.0974030726621353,0.0646029556900066,"ENSG00000258760","CTH","KIF1C","PLEKHN1","SIN3B","CCL25","ZAP70","ZDBF2","DCC","SRR"
"PB__F005","PB",0.0211909460155407,0.0793814763516441,0.00476549406911842,0.021373241694643,"HLA-DOA","FCRL1","CD83","IGHV3-72","H2BC13","PPP2R5D","RRP9","AFF3","VARS2","YTHDF3-DT"
"PB__F006","PB",0.017505243058618,0.0806534738213964,0.0261479140528018,0.090972091825294,"XRCC2","TMEM259","ZBTB41","PIK3CA","HOPX","UBALD1","ZNF718","ZNF331","HASPIN","ZNF79"
"PB__F007","PB",0.0166789881294232,0.0795746738093296,0.0219208804766253,0.137381761262856,"DDX47","KCTD5","MAP4K5","PLD5P1","MOXD1","AJM1","ZNF26","ENSG00000284691","CDC25C","SBF2-AS1"
"PB__F008","PB",0.0166260359199766,0.0789153269262973,0.00309776392709733,0.0683194766369884,"TK2","SLC25A22","ABHD12","TNFAIP8L1","ENO2","ZNF589","SLC4A2","ACO1","CAMK4","RCE1"
"PB__F009","PB",0.014560061730881,0.0842501372415435,0.151979454467095,0.0340296675761764,"MSRB2","SLFN12","CEP72","GTPBP6","TSC22D2","HEATR6","DAGLB","BEX5","NR4A2","BEST1"
"PB__F010","PB",0.0160934606471681,0.0794615987861696,7.55237098336174e-05,0.0403598446512541,"PALS2","KDM6B","MNDA","KDM4B","IGLV4-69","HTD2","IL10RB-DT","CCNF","MAP3K14","C1orf162"
"PB__F011","PB",0.0143797356103862,0.0855892255675527,0.0230630652734921,0.0385808198723314,"FAM216A","PTPN4","ARL2","SERGEF","WIPI2","AGPAT2","MCM9","AFG1L","ENSG00000272843","CRK"
"PB__F012","PB",0.012827137710552,0.0898405973213438,0.141839043998451,0.122247359225428,"TREX1","OSGEPL1","NRSN2","RRM2B","CHCHD6","TRAPPC10","ZNF621","STRN4","SLC25A16","ZDHHC21"
"PB__F013","PB",0.013884191447488,0.0899183800782676,0.0052148312362673,0.111293305948537,"LCK","KDM8","WDR89","ATXN1L","ZNF41","PMEPA1","B3GALT9","BLK","DHX57","RAB33B"
"PB__F014","PB",0.0141792622417926,0.0854711889241401,0.00772211157387786,0.0663107009240723,"CRAT","UBXN6","ALS2","CRTC2","NEU3","ZNF512","POLG","SLC11A2","FCRLB","H4C13"
"PB__F015","PB",0.0145684852907006,0.0839912175614804,0.0225147367771729,0.103184809294513,"SLC25A15","SIPA1L3","PPRC1","UVSSA","TTLL4","ENSG00000273272","ZNF507","CACFD1","MDFIC","LACTB"
"PB__F016","PB",0.0125124046181379,0.0845277722688012,0.020671737136156,0.0443789888195037,"TMCO3","INO80D-AS1","GPD1L","AVEN","IQCH-AS1","LINC02916","PRR7","FYCO1","YOD1","TRIOBP"
"PB__F017","PB",0.0113503539626097,0.0885180565226454,0.00278536431683604,0.0505934763728311,"SNAI3-AS1","CRY1","SPPL2B","KHDC1-AS1","PREP","FEM1C","DBT","NUSAP1","HOMEZ","INO80D-AS1"
"PB__F018","PB",0.0128441669010198,0.0950323281480209,0.0678522690018614,0.0200601677911655,"IL21R","HSD17B1-AS1","TMED7","AREG","CTNS","SP4","B3GNTL1","ENSG00000273272","MSL1","HIPK1"
"PB__F019","PB",0.00986984801221568,0.0822847297637821,0.00319673668166853,0.184151048247826,"IGHV1OR21-1","DENND3-AS1","CA8","ENSG00000236935","TREML2","MORN2","IGHV4-61","SOX4","C1RL-AS1","ENSG00000277511"
"PB__F020","PB",0.0129244151345001,0.0899241414756335,0.0677320672217933,0.0733296313387263,"PIGW","BCL2A1","ARHGAP45","BMI1","C2orf69","DDX51","SSX2IP","KRT18","UBOX5","PPP3R1"
"PB__F021","PB",0.00901897343036782,0.0880821621017833,0.00218558567665172,0.0528255743791074,"POMGNT1","STRIP1","MS4A1","ZFYVE1","MEN1","CCDC110","FCER1G","MYEOV","RTL10","FBXW8"
"PB__F022","PB",0.0106371854319143,0.0874991986668299,0.00372583047894739,0.0593412527614693,"ENSG00000247121","C1orf56","MRGBP","KDM8","GABPB1-IT1","BOP1","TOP3B","RAD52","ZNF43","ATRIP"
"PB__F023","PB",0.00821875565553699,0.0910911588371066,0.00747238028168346,0.051826825416909,"ZNF41","ZBTB41","USF3","SLC11A2","ZRANB3","MAP4K4","REXO5","STX18-AS1","ENSG00000258526","TREX1"
"GDT__F001","GDT",0.0425854599231927,0.0888292598252753,0.124022605410576,0.106135108760253,"FDX1","CLPTM1","CHCHD10","GET4","ASCL2","FAM110A","RCN2","HPCAL1","EPN1","SPMIP4"
"GDT__F002","GDT",0.0252074745544103,0.139537664821207,0.00428259718828208,0.06453752400068,"MKI67","CLSPN","ASF1B","CENPF","TK1","UHRF1","CDC6","GINS2","TPX2","UBE2C"
"GDT__F003","GDT",0.0315421713962581,0.0962590225931031,0.0467610801463181,0.00428546339610979,"IGKV3D-20","IGHV1-69D","IGKV1-16","IGKV2-24","IGLV7-46","IGKV2-30","IGLL5","IGKV1-17","CYBB","IGHV5-51"
"GDT__F004","GDT",0.0296628137085997,0.102672128821345,0.0694815290942194,0.0988995630122859,"METRNL","CXCR6","TNFAIP8L2","FAM200A","RGS1","PMAIP1","AREG","PER1","ENC1","FASLG"
"GDT__F005","GDT",0.0280913686230544,0.104023404402408,0.00250154815213513,0.0670673609002298,"CPNE2","ITGAX","WDR86-AS1","SLAMF1","LINC02384","APBA2","KLRC3","SLC4A10","MCM3AP-AS1","LINC03057"
"GDT__F006","GDT",0.0235458697203837,0.0857922803565685,0.178788777205809,0.158458752677353,"LINC01684","PUS7","MAST3","PLCXD2","SSBP4","KMT2D","SAMD1","EDDM13","EXD3","CCDC146"
"GDT__F007","GDT",0.0135441198117642,0.104443346064618,0.00042417561951927,0.132843074964131,"URB1-AS1","GTF2H2C","BEX5","FAM227B","SFXN4","STK40","C20orf96","MOSPD1","RCC2","ACAD11"
"GDT__F008","GDT",0.0166602359469756,0.091717654313401,0.000401768644465411,0.0321480289366342,"SLC1A7","POFUT1","HCFC2","SLC18B1","ZNF585B","LINC00299","LIM2","CIMAP2","MAGEF1","CDIN1"
"GDT__F009","GDT",0.0135971961499869,0.102587430418739,0.00158749323923718,0.195559153533861,"CALHM6","TMEM259","HPSE","JMY","TPX2","RCAN3","CENPF","TSPAN5","KIFC1","NIPSNAP3A"
"GDT__F010","GDT",0.0127929676277855,0.102789760620408,0.0149434853371886,0.161834390519079,"RNF135","RAD51D","IL6ST","STRADB","TUG1","ATXN1-AS1","OTUD7B","PARP11-AS1","APOLD1","LINC02762"
"GDT__F011","GDT",0.0130317049420339,0.102166178093982,0.000204750194160744,0.119506730553535,"EARS2","NEK6","ZSCAN12","MBOAT7","RELL2","TMEM44-AS1","RFLNB","LMTK2","TTC33","COG8"
"GDT__F012","GDT",0.0132230075488292,0.102642278407019,0.0288536513036613,0.121170007946242,"IL23R","IGFBP4","SLC52A2","TOMM70","STK11IP","ME1","PEX26","FAM20B","IFT74","SPTSSB"
"GDT__F013","GDT",0.0140169784449418,0.108977115352127,0.0702383357106886,0.0446999934676455,"INTS5","FEZ2","RRP36","RNF144A","ANKRD44-AS1","ILRUN-AS1","RINT1","WAKMAR2","PYGO2","LINC02987"
"GDT__F014","GDT",0.0118178901960831,0.105695783411673,0.0167160140291321,0.0347702029105677,"CCR7","ADNP2","ZNF208","ENSG00000237188","ZNF485","HBA1","PRR7","PDZD4","TMEM104","LIMK2"
"GDT__F015","GDT",0.0122928729832518,0.109277360721667,0.00265975893280749,0.0352657576019762,"RNF187","ITPRIPL1","PHLDB3","CGAS","VSIG1","NEXN","ANKS3","LRRC8A","LSR","SERPINH1"
"GDT__F016","GDT",0.0119329672118958,0.106181937841515,0.0533293618843077,0.0916966743384576,"NACC2","MPDU1-AS1","FHL1","GIMAP1","ZNF264","KLRK1-AS1","PTGDS","IGHA2","DNMT3A","NCOA6"
"GDT__F017","GDT",0.011858967868524,0.107375069883807,0.0119790084751901,0.206475847814669,"RACGAP1","ZNF765","LY86","ZNF511","ENSG00000277511","SLC4A4","CCDC50","SWSAP1","ZNF397","PILRA"
"GDT__F018","GDT",0.0117602903116629,0.107522176276892,0.0486210462994595,0.0286034216654258,"ILRUN-AS1","QSER1","NME4","PBX3","NT5E","OGFOD3","AGO4","ACOT7","UCK2","ZNF595"
"GDT__F019","GDT",0.0103074074314218,0.114576084506003,0.00127950643527166,0.0362685050481342,"ZNF14","ZFYVE1","AHCYL1","CEP128","ZPR1","ERMARD","PEAK1","FOXO4","ZNF624","DHRS7B"
"GDT__F020","GDT",0.0100782664333275,0.111296193703287,0.000785763504191734,0.0302923732475352,"APPBP2","SMIM8","RSAD1","LIMK2","ENSG00000285646","MIEF2","TRDMT1","CASTOR1","KIR2DL3","YWHAH"
"GDT__F021","GDT",0.0121807133839577,0.105849387083035,0.024448136613054,0.0831471335987996,"TROAP","RAD52","ENSG00000262823","TMEM104","FMO4","RMI1","NACC2","ENSG00000284634","PILRB","NT5E"
"GDT__F022","GDT",0.0104286656679545,0.115661588085809,0.000158849450676408,0.0657263727248999,"COQ10A","MKI67","SLC35A2","TBC1D20","IRAK1BP1","C17orf58","GLCE","LINC02132","CROCC","SOS2"
"DP__F001","DP",0.0687069278168517,0.133411678322808,0.00679135348821123,0.0191541225591022,"HMMR","PKMYT1","DLGAP5","CDC20","CDK1","CCNB2","MCM10","TYMS","BIRC5","ASF1B"
"DP__F002","DP",0.0398917778905042,0.100076176619122,0.0302490895868273,0.0324279496696088,"CHCHD10","GET4","PDF","HSD17B8","FDX1","CCDC85B","LYSMD2","TSEN34","KLC1","PCSK1N"
"DP__F003","DP",0.0297065847609888,0.120089417582891,0.0462346077724268,0.114976894658846,"PRSS23","ADGRG1","TRGV2","C1orf21","ADRB2","FCRL6","S1PR5","GZMH","PROK2","NEFL"
"DP__F004","DP",0.0247598693562278,0.0943118985233107,0.00129615425638503,0.074964341483527,"ZSCAN32","KBTBD7","CCR2","CCDC51","PIGV","TNFAIP8L2","PNPLA4","PGBD2","ANKIB1","ENSG00000284734"
"DP__F005","DP",0.0132542083558094,0.0998918005778711,0.0216213494772733,0.0744565337783017,"ABCB1","ALPK1","LRRN3","HLA-DOA","LINC00954","TNFRSF4","GOLGA8B","ZNF551","TRBV14","CLEC11A"
"DP__F006","DP",0.0103926854701411,0.135952269153167,0.000741993845561022,0.0225920925382114,"IFIT1","RSAD2","IFIT3","CMPK2","MX1-AS1","USP18","IFI44L","IFIT2","LAMP3","C16orf74"
"DP__F007","DP",0.00939665214459029,0.114078761363854,0.0142752420278423,0.0625839077530159,"TRAV6","CAPRIN2","FZD6","ZBTB16","CEP43","SLC26A6","FUBP3","FCRL3","PDE2A-AS2","COMTD1"
"DP__F008","DP",0.00808443788480876,0.11169438333373,0.000855574165252796,0.0750314121808593,"CENPB","CASK","CSGALNACT2","PPP1R3B","LINC00665","PSTK","DENND3","TRBV28","INF2","IGLV3-25"
"DP__F009","DP",0.011376191080144,0.157592186326927,0.00990447072764122,0.280654372639291,"IGLV3-21","IGKV2-30","IGHV2-70","IGHV5-51","IGHV3-23","IGLV1-44","IGLV2-23","IGHV4-31","IGHV3-21","IGKV3D-20"
"DP__F010","DP",0.00783111389323153,0.121204701602871,0.00982446533330357,0.0474180170619661,"TRAV41","CEP43","CENPH","TP53I11","ALOX5","ENSG00000275063","LHFPL5","TEX30","PRKAB2","IGLV3-27"
"DP__F011","DP",0.00740187702256632,0.113377234671963,0.0159622866047763,0.0458226095205001,"PDCD2L","AVPI1","CDC6","STOML1","SLC1A5","BEX5","OGFR","STAM2","SERPINB8","MIR9-1HG"
"DP__F012","DP",0.00808141731078154,0.118923177852649,0.11010159324142,0.0713557780268115,"RNASE6","EI24","LRRN3","ZNF573","HDAC11","PCOLCE","SNRNP25","NFS1","RRP12","TRAF3IP2"
"DP__F013","DP",0.0079946633320401,0.11508228558142,0.0358439520705629,0.0366040999205095,"ANXA2R-OT1","RAD18","PARPBP","KIAA0753","RNF169","HERC3","IL2RA","FASN","LANCL2","TPRA1"
"DP__F014","DP",0.00675871152932851,0.116629302290897,0.0273838784325129,0.0228998490806376,"LINC02325","LINC00467","RCN2","CCNF","UQCC1","ZNF543","TRAPPC8","RIMKLB","JRK","COG8"
"DP__F015","DP",0.00680433646552699,0.114796418323408,0.0426491998247263,0.0696026029243091,"RRM2","GID4","TPX2","ZBTB3","UBE3D","ZMAT1","LIPE-AS1","ZWINT","GPR180","TUBG2"
"DP__F016","DP",0.00773203928986345,0.110121439444525,0.162722252926452,0.137820478088188,"UBE2S","LINC02762","BORCS6","CERS6","SLC25A30","LRRC47","E4F1","NF2","TBC1D13","C2orf42"
"DP__F017","DP",0.00672085754866441,0.123443428192315,0.00207449095446842,0.0338864172729847,"BLM","CNTROB","TRBV27","BORA","TBC1D2","NDUFAF8","CCDC141","PTPRN2","PHF1","CIP2A"
