"program_id","cell_type","recovery_freq","median_score_cor","median_loading_cos","sign_consistency","top_gene_jaccard"
"CD4__F001","CD4",1,0.999757545414245,0.994792428199511,1,0.818181818181818
"CD4__F002","CD4",1,0.999156090779634,0.995038003997537,1,0.739130434782609
"CD4__F003","CD4",1,0.999552421591039,0.986418318558655,0,0.818181818181818
"CD4__F004","CD4",1,0.989620710001399,0.949890541118101,1,0.739130434782609
"CD4__F005","CD4",1,0.997915752503396,0.985813701416421,0.9,0.481481481481481
"CD4__F006","CD4",1,0.997576935670111,0.98177427170219,1,0.904761904761905
"CD4__F007","CD4",1,0.989532280471933,0.914009015593178,1,0.379310344827586
"CD4__F008","CD4",1,0.999774053996818,0.99695799606924,1,1
"CD4__F009","CD4",1,0.998660099277434,0.996546759803056,0.9,0.818181818181818
"CD4__F010","CD4",1,0.869976460098421,0.864417141965463,0.9,0.538461538461538
"CD4__F011","CD4",1,0.997809783560825,0.974328216324636,0,0.904761904761905
"CD4__F012","CD4",1,0.96153771141149,0.948614381162977,0,0.481481481481481
"CD4__F013","CD4",1,0.96614923641329,0.846707943657116,0,0.25
"CD4__F014","CD4",1,0.870837790228062,0.85470560187357,1,0.333333333333333
"CD4__F015","CD4",1,0.894715595638462,0.809711261806964,0,0.142857142857143
"CD4__F016","CD4",0.9,0.779779647745526,0.763117823575747,1,0.142857142857143
"CD4__F017","CD4",1,0.985222060089192,0.935963932265042,0,0.538461538461538
"CD4__F018","CD4",1,0.760647478793931,0.732355719771175,1,0.212121212121212
"CD4__F019","CD4",0,NA,NA,NA,NA
"CD4__F020","CD4",1,0.78419581842547,0.733309904580735,0.9,0.0810810810810811
"CD4__F021","CD4",0,NA,NA,NA,NA
"CD4__F022","CD4",1,0.791109130681296,0.752981146249666,0,0.428571428571429
"CD4__F023","CD4",0.9,0.81643473365065,0.733777838650431,0,0.142857142857143
"CD4__F024","CD4",0.9,0.933869091901582,0.840088902414878,1,0.333333333333333
"CD4__F025","CD4",0.9,0.845507215612086,0.824114237424337,0,0.212121212121212
"CD4__F026","CD4",1,0.705976690629451,0.758824044223131,0,0.379310344827586
"CD4__F027","CD4",0.1,0.690932021589683,0.570726633584121,1,0.428571428571429
"CD4__F028","CD4",1,0.945861107343793,0.925333461820688,0,0.481481481481481
"CD4__F029","CD4",0.1,0.771298834897848,0.661678865920685,1,0.111111111111111
"CD4__F030","CD4",0.1,0.583710876777302,0.627979443703823,0,0.212121212121212
"CD8__F001","CD8",1,0.999422110151526,0.992373044089038,0.1,0.818181818181818
"CD8__F002","CD8",1,0.999204338162076,0.988002807431126,0,0.904761904761905
"CD8__F003","CD8",1,0.997841801953929,0.989741432248837,1,0.904761904761905
"CD8__F004","CD8",1,0.994950474371036,0.923756515705137,1,0.212121212121212
"CD8__F005","CD8",1,0.997156407237357,0.96809797764221,1,0.818181818181818
"CD8__F006","CD8",1,0.998902459152305,0.985215515280579,0,0.904761904761905
"CD8__F007","CD8",0.1,0.946207117354614,0.92393658507844,1,0.666666666666667
"CD8__F008","CD8",1,0.999573324765864,0.995688237362754,0,0.818181818181818
"CD8__F009","CD8",1,0.997040200660442,0.979478837933033,1,0.904761904761905
"CD8__F010","CD8",0,NA,NA,NA,NA
"CD8__F011","CD8",0.9,0.993753956503065,0.97162965717314,1,0.538461538461538
"CD8__F012","CD8",1,0.998318277568663,0.976972462001752,1,0.904761904761905
"CD8__F013","CD8",1,0.857781420063841,0.65262599811676,0.9,0.0810810810810811
"CD8__F014","CD8",0.1,0.79340450554302,0.67168049290378,0,0.111111111111111
"CD8__F015","CD8",1,0.815305463238475,0.680908118483744,0,0.111111111111111
"CD8__F016","CD8",0.9,0.84164362015284,0.745890362330172,0,0.0810810810810811
"CD8__F017","CD8",1,0.836026999258693,0.81957293933931,1,0.25
"CD8__F018","CD8",0.1,0.615066504303542,0.568737249343895,0,0.111111111111111
"CD8__F019","CD8",1,0.824102981979101,0.773756487308306,0.9,0.379310344827586
"CD8__F020","CD8",0.9,0.686389628970479,0.655753062245427,1,0.0256410256410256
"CD8__F021","CD8",0.9,0.667334553804417,0.581868153783061,0,0.0526315789473684
"CD8__F022","CD8",1,0.659793784671642,0.637328518466374,0,0.212121212121212
"CD8__F023","CD8",1,0.827680367279238,0.817296362130414,0.1,0.0810810810810811
"CD8__F024","CD8",1,0.623561048165831,0.593032140504621,0.9,0.0810810810810811
"CD8__F025","CD8",1,0.605324549287214,0.585741720896705,0,0.0256410256410256
"CD8__F026","CD8",0.9,0.572632441829961,0.549017821059876,0,0.0526315789473684
"CD8__F027","CD8",0.9,0.852804892039199,0.823083774162783,0,0.212121212121212
"CD8__F028","CD8",1,0.927759417384804,0.902817960014764,1,0.379310344827586
"CD8__F029","CD8",0.9,0.598019462101063,0.581231099906919,1,0.0810810810810811
"CD8__F030","CD8",1,0.580201480424252,0.555975191033028,0.1,0.0526315789473684
"B__F001","B",1,0.996724925218628,0.954106848417133,1,0.212121212121212
"B__F002","B",1,0.995151741753506,0.961218783919359,1,0.666666666666667
"B__F003","B",1,0.996462932642986,0.961481645452266,0,0.538461538461538
"B__F004","B",1,0.988071041513194,0.94969182539394,0,0.538461538461538
"B__F005","B",0.9,0.99808322378414,0.965861381374508,0,0.818181818181818
"B__F006","B",1,0.999451359018146,0.998663494143161,0,0.904761904761905
"B__F007","B",1,0.636560948345555,0.542021994599733,1,0.0526315789473684
"B__F008","B",0.1,0.869833501951005,0.864077574508876,0,0.212121212121212
"B__F009","B",1,0.703521307565287,0.542914141666308,0.1,0
"B__F010","B",0.1,0.717617082375017,0.689406896019994,0,0.0526315789473684
"B__F011","B",1,0.76875256880959,0.678792307505895,0.1,0.25
"B__F012","B",1,0.838333027738167,0.706284655007046,0.1,0.25
"B__F013","B",1,0.744699212783,0.697753883553647,1,0.0256410256410256
"B__F014","B",1,0.558654698077811,0.522887192684338,0.9,0.0526315789473684
"B__F015","B",0,NA,NA,NA,NA
"B__F016","B",0.9,0.599373674856066,0.501558593473966,0,0.0810810810810811
"B__F017","B",0,NA,NA,NA,NA
"B__F018","B",0.9,0.566396291058124,0.502178176407373,0,0.0256410256410256
"B__F019","B",0,NA,NA,NA,NA
"B__F020","B",0,NA,NA,NA,NA
"B__F021","B",0,NA,NA,NA,NA
"B__F022","B",0,NA,NA,NA,NA
"B__F023","B",0,NA,NA,NA,NA
"B__F024","B",0.1,0.567465108513997,0.527833925479337,0,0.0526315789473684
"B__F025","B",0,NA,NA,NA,NA
"B__F026","B",0.9,0.579047935160607,0.507533513882894,1,0.111111111111111
"B__F027","B",0.9,0.609100801136579,0.53532314849188,0,0.0810810810810811
"B__F028","B",0.1,0.620479379840702,0.570756805020065,1,0.111111111111111
"B__F029","B",0,NA,NA,NA,NA
"B__F030","B",0.1,0.628597983561435,0.58712869781304,1,0.0256410256410256
"NK__F001","NK",1,0.996596900990219,0.984273263646933,1,0.481481481481481
"NK__F002","NK",1,0.998451292338945,0.975203026899861,1,1
"NK__F003","NK",1,0.997284800424097,0.96971454673863,0.9,0.818181818181818
"NK__F004","NK",1,0.993517102789637,0.967666463473725,1,1
"NK__F005","NK",1,0.995267180318443,0.977749056857355,0,0.739130434782609
"NK__F006","NK",1,0.998072797454601,0.960448294478824,0,0.904761904761905
"NK__F007","NK",1,0.983071313381606,0.938835115344874,0,0.904761904761905
"NK__F008","NK",0.9,0.64022087925904,0.573705863849818,0,0
"NK__F009","NK",1,0.999007776640935,0.997280487614447,0,0.818181818181818
"NK__F010","NK",0,NA,NA,NA,NA
"NK__F011","NK",0.9,0.792190165576248,0.734886057325622,0,0.176470588235294
"NK__F012","NK",1,0.720322351584094,0.689679069444648,0.1,0.0256410256410256
"NK__F013","NK",0.9,0.654882402292697,0.611149180044385,1,0.0256410256410256
"NK__F014","NK",0,NA,NA,NA,NA
"NK__F015","NK",1,0.568557191304412,0.555890130330588,1,0.0526315789473684
"NK__F016","NK",0.9,0.788356575050657,0.676999550492508,0,0.0810810810810811
"NK__F017","NK",0,NA,NA,NA,NA
"NK__F018","NK",0.9,0.56548872001275,0.553117099848358,0,0.0256410256410256
"NK__F019","NK",0.9,0.705922440946607,0.638257667265722,0,0.142857142857143
"NK__F020","NK",0.1,0.628947003000958,0.557872849786286,0,0.0526315789473684
"NK__F021","NK",0.1,0.586454739718347,0.557411100337341,1,0.0810810810810811
"NK__F022","NK",0.9,0.605383930338136,0.56340426469901,1,0.111111111111111
"NK__F023","NK",0.1,0.602436709626193,0.509562060978225,0,0.111111111111111
"NK__F024","NK",1,0.691943014150538,0.615614570617425,0,0.111111111111111
"NK__F025","NK",0.9,0.594509337799837,0.557329368356408,0,0.0810810810810811
"NK__F026","NK",1,0.68251776715818,0.569624696595592,0.9,0.176470588235294
"NK__F027","NK",0,NA,NA,NA,NA
"NK__F028","NK",0,NA,NA,NA,NA
"NK__F029","NK",0,NA,NA,NA,NA
"NK__F030","NK",1,0.620442325062411,0.560499648163113,1,0.0256410256410256
"cMono__F001","cMono",1,0.998342045785916,0.98670502972105,1,0.538461538461538
"cMono__F002","cMono",1,0.997167682305347,0.97912799111278,1,0.739130434782609
"cMono__F003","cMono",1,0.995753522974315,0.98857458368102,0,0.481481481481481
"cMono__F004","cMono",1,0.994142354918107,0.986529027265756,1,1
"cMono__F005","cMono",1,0.997049912677268,0.982721044328558,0,0.739130434782609
"cMono__F006","cMono",1,0.989539523955681,0.977198453273014,1,0.666666666666667
"cMono__F007","cMono",1,0.99844223667867,0.997693163250674,0,0.818181818181818
"cMono__F008","cMono",1,0.999456680065594,0.999877855762217,0,0.818181818181818
"cMono__F009","cMono",1,0.995827025805618,0.971706071728619,0,1
"cMono__F010","cMono",1,0.96515913557168,0.926048580139446,0,0.818181818181818
"cMono__F011","cMono",1,0.970965606953586,0.907171091958884,0.1,0.666666666666667
"cMono__F012","cMono",0.9,0.966678196377323,0.879278536805771,0,0.0810810810810811
"cMono__F013","cMono",1,0.975536713833751,0.947412605780702,0,0.538461538461538
"cMono__F014","cMono",0.9,0.879606339557873,0.809808262432203,0,0.176470588235294
"cMono__F015","cMono",1,0.950803721086076,0.889842735976854,0,0.212121212121212
"cMono__F016","cMono",1,0.922975550374721,0.827844598730414,0,0.428571428571429
"cMono__F017","cMono",1,0.993621171883737,0.990402137197151,1,0.666666666666667
"cMono__F018","cMono",0.9,0.743887482346509,0.688274734015863,1,0.111111111111111
"cMono__F019","cMono",1,0.843936269057695,0.775287189198697,0,0.379310344827586
"cMono__F020","cMono",1,0.809215471609121,0.504386545052898,1,0.0526315789473684
"cMono__F021","cMono",0,NA,NA,NA,NA
"cMono__F022","cMono",1,0.879545529882075,0.826195081386389,0.1,0.176470588235294
"cMono__F023","cMono",1,0.905514695941496,0.872926993940683,1,0.428571428571429
"cMono__F024","cMono",0.9,0.994199752113743,0.978354876681756,1,0.818181818181818
"cMono__F025","cMono",0.1,0.55964029494865,0.504491066631826,1,0.0810810810810811
"cMono__F026","cMono",0.9,0.679232510572326,0.622709773918418,1,0.142857142857143
"cMono__F027","cMono",1,0.714109259703675,0.680909511380186,0.1,0.111111111111111
"cMono__F028","cMono",1,0.907653053509963,0.89148886504042,0,0.666666666666667
"cMono__F029","cMono",0.1,0.276851503753921,0.765909420204374,0,0.428571428571429
"cMono__F030","cMono",0,NA,NA,NA,NA
"ncMono__F001","ncMono",1,0.996898439631163,0.989970090749777,1,0.818181818181818
"ncMono__F002","ncMono",1,0.991495737930057,0.987433829879391,0,0.818181818181818
"ncMono__F003","ncMono",1,0.993605175016115,0.977532866192388,0,0.904761904761905
"ncMono__F004","ncMono",1,0.978739722136626,0.965339164736913,0.1,0.6
"ncMono__F005","ncMono",1,0.997252646754434,0.970564473337566,1,0.739130434782609
"ncMono__F006","ncMono",1,0.958571989328189,0.90039220093502,1,0.538461538461538
"ncMono__F007","ncMono",0.9,0.869831011299927,0.852800807491135,0,0.0526315789473684
"ncMono__F008","ncMono",1,0.998831160852396,0.997788202811519,0,0.6
"ncMono__F009","ncMono",1,0.611314676265239,0.58073289873333,0,0.0526315789473684
"ncMono__F010","ncMono",0.9,0.661470661458642,0.632465658779186,1,0.0810810810810811
"ncMono__F011","ncMono",0,NA,NA,NA,NA
"ncMono__F012","ncMono",0.1,0.588317606846622,0.554152921067885,1,0.0526315789473684
"ncMono__F013","ncMono",1,0.99584734109189,0.969082789615001,1,0.818181818181818
"ncMono__F014","ncMono",0.1,0.658293354624995,0.591676259546372,0,0.0256410256410256
"ncMono__F015","ncMono",0.9,0.70316135945425,0.652182616881879,0,0.212121212121212
"ncMono__F016","ncMono",0.9,0.642511733133547,0.628045621991659,0,0.142857142857143
"ncMono__F017","ncMono",0,NA,NA,NA,NA
"ncMono__F018","ncMono",0,NA,NA,NA,NA
"ncMono__F019","ncMono",1,0.783920449053447,0.746161833544688,0.1,0.212121212121212
"ncMono__F020","ncMono",0.9,0.55433335834223,0.500191495132929,1,0.142857142857143
"ncMono__F021","ncMono",0.9,0.573428895679072,0.564197390468831,0,0.0526315789473684
"ncMono__F022","ncMono",0,NA,NA,NA,NA
"ncMono__F023","ncMono",0.1,0.735355137298328,0.675949458735762,1,0.176470588235294
"ncMono__F024","ncMono",1,0.560211876466329,0.539647216086112,1,0.0526315789473684
"ncMono__F025","ncMono",0.1,0.594174390141812,0.572148267998957,0,0.0526315789473684
"ncMono__F026","ncMono",0,NA,NA,NA,NA
"ncMono__F027","ncMono",0,NA,NA,NA,NA
"ncMono__F028","ncMono",1,0.612955724304373,0.573713727024677,0.9,0.142857142857143
"ncMono__F029","ncMono",0,NA,NA,NA,NA
"ncMono__F030","ncMono",0,NA,NA,NA,NA
